hw,model,params_b,precision_label,attention,kernel,backend,prefill_s_obs,decode_tps_obs,alpha_prefill,beta_decode,t_per_token_s,weights_gb
1xA10,microsoft/Phi-3-mini-4k-instruct,3.0,BnB.8bit,Eager,No Kernel,pytorch,0.087,11.702,0.07062068965517242,0.06030455131648001,0.08545547769612032,3.0
1xA10,microsoft/Phi-3-mini-4k-instruct,3.0,BnB.8bit,FAv2,No Kernel,pytorch,0.084,11.952,0.07314285714285715,0.061592889876480005,0.08366800535475234,3.0
1xA10,microsoft/Phi-3-mini-4k-instruct,3.0,BnB.4bit,FAv2,No Kernel,pytorch,0.19,20.034,0.03233684210526316,0.05315729884416,0.0499151442547669,1.5
1xA10,microsoft/Phi-3-mini-4k-instruct,3.0,BnB.4bit,Eager,No Kernel,pytorch,0.179,20.358,0.034324022346368714,0.05401698561792,0.04912073877591119,1.5
1xA10,microsoft/Phi-3-mini-4k-instruct,3.0,Unquantized,FAv2,No Kernel,pytorch,0.057,25.728,0.21557894736842106,0.26122549788672,0.038868159203980096,6.0
1xA10,microsoft/Phi-3-mini-4k-instruct,3.0,Unquantized,FAv2,No Kernel,pytorch,0.057,25.777,0.21557894736842106,0.26172301224448,0.03879427396516274,6.0
1xA10,microsoft/Phi-3-mini-4k-instruct,3.0,AWQ.4bit,FAv2,AWQ.GEMM,pytorch,0.074,25.822,0.08302702702702702,0.06851491318528001,0.03872666718302223,1.5
1xA10,microsoft/Phi-3-mini-4k-instruct,3.0,AWQ.4bit,Eager,AWQ.GEMM,pytorch,0.067,26.175,0.09170149253731343,0.069451547232,0.038204393505253106,1.5
1xA10,microsoft/Phi-3-mini-4k-instruct,3.0,Unquantized,Eager,No Kernel,pytorch,0.127,28.46,0.09675590551181103,0.28896446167039996,0.035137034434293744,6.0
1xA10,microsoft/Phi-3-mini-4k-instruct,3.0,Unquantized,Eager,No Kernel,pytorch,0.049,29.099,0.2507755102040816,0.29545245502976,0.034365442111412764,6.0
1xA10,microsoft/Phi-3-mini-4k-instruct,3.0,AWQ.4bit,Eager,AWQ.GEMV,pytorch,0.07,29.751,0.08777142857142856,0.07893994199424001,0.033612315552418406,1.5
1xA10,microsoft/Phi-3-mini-4k-instruct,3.0,Unquantized,Eager,No Kernel,pytorch,0.05,29.84,0.24576,0.30297609052159996,0.03351206434316354,6.0
1xA10,microsoft/Phi-3-mini-4k-instruct,3.0,AWQ.4bit,FAv2,AWQ.GEMV,pytorch,0.077,30.567,0.07979220779220779,0.08110507905407999,0.03271501946543658,1.5
1xA10,microsoft/Phi-3-mini-4k-instruct,3.0,GPTQ.4bit,Eager,GPTQ.ExllamaV2,pytorch,0.067,31.81,0.09170149253731343,0.0844031983744,0.03143665513989312,1.5
1xA10,microsoft/Phi-3-mini-4k-instruct,3.0,GPTQ.4bit,FAv2,GPTQ.ExllamaV1,pytorch,0.073,31.925,0.08416438356164384,0.084708334112,0.031323414252153486,1.5
1xA10,microsoft/Phi-3-mini-4k-instruct,3.0,AWQ.4bit,Eager,No Kernel,pytorch,0.687,32.156,0.008943231441048034,0.08532125894143999,0.031098395322801346,1.5
1xA10,microsoft/Phi-3-mini-4k-instruct,3.0,GPTQ.4bit,FAv2,GPTQ.ExllamaV2,pytorch,0.073,32.422,0.08416438356164384,0.08602705116928,0.030843254580223307,1.5
1xA10,microsoft/Phi-3-mini-4k-instruct,3.0,AWQ.4bit,FAv2,No Kernel,pytorch,0.695,32.565,0.008840287769784173,0.0864064808256,0.030707815138952866,1.5
1xA10,microsoft/Phi-3-mini-4k-instruct,3.0,GPTQ.4bit,Eager,GPTQ.ExllamaV1,pytorch,0.067,32.813,0.09170149253731343,0.08706451267712001,0.030475726084173954,1.5
1xA10,Qwen/Qwen1.5-32B,32.0,AWQ.4bit,FAv2,AWQ.GEMM,pytorch,2.623,0.405,0.024985131528783837,0.01095925248,2.4691358024691357,16.0
1xA10,Qwen/Qwen1.5-32B,32.0,AWQ.4bit,Eager,AWQ.GEMM,pytorch,2.62,0.405,0.025013740458015268,0.01095925248,2.4691358024691357,16.0
1xA10,Qwen/Qwen1.5-32B,32.0,AWQ.4bit,SDPA,AWQ.GEMM,pytorch,2.613,0.406,0.02508075009567547,0.010986312362666667,2.463054187192118,16.0
1xA10,Qwen/Qwen1.5-32B,32.0,GPTQ.4bit,FAv2,GPTQ.ExllamaV1,pytorch,1.487,0.754,0.04407262945527909,0.020403151530666668,1.3262599469496021,16.0
1xA10,Qwen/Qwen1.5-32B,32.0,GPTQ.4bit,FAv2,GPTQ.ExllamaV2,pytorch,1.486,0.754,0.04410228802153432,0.020403151530666668,1.3262599469496021,16.0
1xA10,Qwen/Qwen1.5-32B,32.0,GPTQ.4bit,Eager,GPTQ.ExllamaV1,pytorch,1.477,0.768,0.04437102234258632,0.020781989888,1.3020833333333333,16.0
1xA10,Qwen/Qwen1.5-32B,32.0,GPTQ.4bit,Eager,GPTQ.ExllamaV2,pytorch,1.476,0.769,0.04440108401084011,0.02080904977066667,1.3003901170351104,16.0
1xA10,Qwen/Qwen1.5-32B,32.0,GPTQ.4bit,SDPA,GPTQ.ExllamaV2,pytorch,1.467,0.769,0.04467348329925017,0.02080904977066667,1.3003901170351104,16.0
1xA10,Qwen/Qwen1.5-32B,32.0,GPTQ.4bit,SDPA,GPTQ.ExllamaV1,pytorch,1.467,0.769,0.04467348329925017,0.02080904977066667,1.3003901170351104,16.0
1xA10,Qwen/Qwen1.5-32B,32.0,BnB.4bit,FAv2,No Kernel,pytorch,1.411,6.878,0.04644649184975195,0.18611787298133337,0.14539110206455363,16.0
1xA10,Qwen/Qwen1.5-32B,32.0,BnB.4bit,Eager,No Kernel,pytorch,1.398,7.113,0.046878397711015735,0.192476945408,0.14058765640376775,16.0
1xA10,Qwen/Qwen1.5-32B,32.0,BnB.4bit,SDPA,No Kernel,pytorch,1.389,7.582,0.047182145428365733,0.20516803037866665,0.13189132155104194,16.0
1xA10,Qwen/Qwen1.5-32B,32.0,BnB.4bit,FAv2,No Kernel,pytorch,1.4,7.634,0.04681142857142857,0.20657514427733334,0.13099292638197538,16.0
1xA10,Qwen/Qwen1.5-32B,32.0,BnB.4bit,Eager,No Kernel,pytorch,1.384,8.806,0.04735260115606937,0.23828932676266662,0.11355893708834887,16.0
1xA10,Qwen/Qwen1.5-32B,32.0,BnB.4bit,SDPA,No Kernel,pytorch,1.375,9.308,0.04766254545454546,0.25187338786133334,0.10743446497636441,16.0
1xA10,Qwen/Qwen1.5-32B,32.0,AWQ.4bit,FAv2,No Kernel,pytorch,5.681,12.214,0.011535997183594437,0.3305094068906667,0.08187326019322089,16.0
1xA10,Qwen/Qwen1.5-32B,32.0,AWQ.4bit,FAv2,AWQ.GEMV,pytorch,0.511,12.303,0.1282504892367906,0.33291773644800005,0.08128098837681866,16.0
1xA10,Qwen/Qwen1.5-32B,32.0,GPTQ.4bit,FAv2,GPTQ.ExllamaV2,pytorch,0.482,12.35,0.13596680497925312,0.3341895509333333,0.08097165991902834,16.0
1xA10,Qwen/Qwen1.5-32B,32.0,GPTQ.4bit,FAv2,GPTQ.ExllamaV1,pytorch,0.481,12.387,0.13624948024948025,0.335190766592,0.08072979736820861,16.0
1xA10,Qwen/Qwen1.5-32B,32.0,AWQ.4bit,FAv2,No Kernel,pytorch,0.492,12.947,0.13320325203252031,0.35034430088533336,0.0772379701861435,16.0
1xA10,Qwen/Qwen1.5-32B,32.0,AWQ.4bit,Eager,AWQ.GEMV,pytorch,0.501,15.309,0.13081037924151698,0.414259743744,0.06532105297537397,16.0
1xA10,Qwen/Qwen1.5-32B,32.0,AWQ.4bit,Eager,No Kernel,pytorch,0.481,15.762,0.13624948024948025,0.426517870592,0.0634437254155564,16.0
1xA10,Qwen/Qwen1.5-32B,32.0,AWQ.4bit,Eager,No Kernel,pytorch,5.668,15.981,0.011562455892731123,0.432443984896,0.06257430698955009,16.0
1xA10,Qwen/Qwen1.5-32B,32.0,GPTQ.4bit,Eager,GPTQ.ExllamaV2,pytorch,0.471,16.544,0.13914225053078555,0.44767869883733336,0.060444874274661504,16.0
1xA10,Qwen/Qwen1.5-32B,32.0,GPTQ.4bit,Eager,GPTQ.ExllamaV1,pytorch,0.471,16.56,0.13914225053078555,0.44811165696,0.060386473429951695,16.0
1xA10,Qwen/Qwen1.5-32B,32.0,AWQ.4bit,SDPA,AWQ.GEMV,pytorch,0.492,17.112,0.13320325203252031,0.46304871219199994,0.0584385226741468,16.0
1xA10,Qwen/Qwen1.5-32B,32.0,AWQ.4bit,SDPA,No Kernel,pytorch,0.472,17.568,0.13884745762711864,0.475388018688,0.05692167577413479,16.0
1xA10,Qwen/Qwen1.5-32B,32.0,GPTQ.4bit,SDPA,GPTQ.ExllamaV2,pytorch,0.463,18.2,0.1415464362850972,0.4924898645333333,0.054945054945054944,16.0
1xA10,Qwen/Qwen1.5-32B,32.0,AWQ.4bit,SDPA,No Kernel,pytorch,5.663,18.259,0.01157266466537171,0.49408639761066664,0.05476751191193384,16.0
1xA10,Qwen/Qwen1.5-32B,32.0,GPTQ.4bit,SDPA,GPTQ.ExllamaV1,pytorch,0.462,18.358,0.14185281385281384,0.4967653259946667,0.05447216472382612,16.0
1xA10,microsoft/Phi-3-mini-4k-instruct,3.0,BnB.8bit,Eager,No Kernel,pytorch,0.087,11.702,0.07062068965517242,0.06030455131648001,0.08545547769612032,3.0
1xA10,microsoft/Phi-3-mini-4k-instruct,3.0,BnB.8bit,FAv2,No Kernel,pytorch,0.084,11.952,0.07314285714285715,0.061592889876480005,0.08366800535475234,3.0
1xA10,microsoft/Phi-3-mini-4k-instruct,3.0,BnB.4bit,FAv2,No Kernel,pytorch,0.19,20.034,0.03233684210526316,0.05315729884416,0.0499151442547669,1.5
1xA10,microsoft/Phi-3-mini-4k-instruct,3.0,BnB.4bit,Eager,No Kernel,pytorch,0.179,20.358,0.034324022346368714,0.05401698561792,0.04912073877591119,1.5
1xA10,microsoft/Phi-3-mini-4k-instruct,3.0,Unquantized,FAv2,No Kernel,pytorch,0.057,25.728,0.21557894736842106,0.26122549788672,0.038868159203980096,6.0
1xA10,microsoft/Phi-3-mini-4k-instruct,3.0,Unquantized,FAv2,No Kernel,pytorch,0.057,25.777,0.21557894736842106,0.26172301224448,0.03879427396516274,6.0
1xA10,microsoft/Phi-3-mini-4k-instruct,3.0,AWQ.4bit,FAv2,AWQ.GEMM,pytorch,0.074,25.822,0.08302702702702702,0.06851491318528001,0.03872666718302223,1.5
1xA10,microsoft/Phi-3-mini-4k-instruct,3.0,AWQ.4bit,Eager,AWQ.GEMM,pytorch,0.067,26.175,0.09170149253731343,0.069451547232,0.038204393505253106,1.5
1xA10,microsoft/Phi-3-mini-4k-instruct,3.0,Unquantized,Eager,No Kernel,pytorch,0.127,28.46,0.09675590551181103,0.28896446167039996,0.035137034434293744,6.0
1xA10,microsoft/Phi-3-mini-4k-instruct,3.0,Unquantized,Eager,No Kernel,pytorch,0.049,29.099,0.2507755102040816,0.29545245502976,0.034365442111412764,6.0
1xA10,microsoft/Phi-3-mini-4k-instruct,3.0,AWQ.4bit,Eager,AWQ.GEMV,pytorch,0.07,29.751,0.08777142857142856,0.07893994199424001,0.033612315552418406,1.5
1xA10,microsoft/Phi-3-mini-4k-instruct,3.0,Unquantized,Eager,No Kernel,pytorch,0.05,29.84,0.24576,0.30297609052159996,0.03351206434316354,6.0
1xA10,microsoft/Phi-3-mini-4k-instruct,3.0,AWQ.4bit,FAv2,AWQ.GEMV,pytorch,0.077,30.567,0.07979220779220779,0.08110507905407999,0.03271501946543658,1.5
1xA10,microsoft/Phi-3-mini-4k-instruct,3.0,GPTQ.4bit,Eager,GPTQ.ExllamaV2,pytorch,0.067,31.81,0.09170149253731343,0.0844031983744,0.03143665513989312,1.5
1xA10,microsoft/Phi-3-mini-4k-instruct,3.0,GPTQ.4bit,FAv2,GPTQ.ExllamaV1,pytorch,0.073,31.925,0.08416438356164384,0.084708334112,0.031323414252153486,1.5
1xA10,microsoft/Phi-3-mini-4k-instruct,3.0,AWQ.4bit,Eager,No Kernel,pytorch,0.687,32.156,0.008943231441048034,0.08532125894143999,0.031098395322801346,1.5
1xA10,microsoft/Phi-3-mini-4k-instruct,3.0,GPTQ.4bit,FAv2,GPTQ.ExllamaV2,pytorch,0.073,32.422,0.08416438356164384,0.08602705116928,0.030843254580223307,1.5
1xA10,microsoft/Phi-3-mini-4k-instruct,3.0,AWQ.4bit,FAv2,No Kernel,pytorch,0.695,32.565,0.008840287769784173,0.0864064808256,0.030707815138952866,1.5
1xA10,microsoft/Phi-3-mini-4k-instruct,3.0,GPTQ.4bit,Eager,GPTQ.ExllamaV1,pytorch,0.067,32.813,0.09170149253731343,0.08706451267712001,0.030475726084173954,1.5
1xA10,meta-llama/Meta-Llama-3-8B-Instruct,8.0,BnB.8bit,Eager,No Kernel,pytorch,0.121,8.404,0.13540495867768595,0.11416826918229334,0.11899095668729176,8.0
1xA10,meta-llama/Meta-Llama-3-8B-Instruct,8.0,BnB.8bit,SDPA,No Kernel,pytorch,0.115,8.669,0.1424695652173913,0.11776829194922667,0.11535355865728457,8.0
1xA10,meta-llama/Meta-Llama-3-8B-Instruct,8.0,BnB.8bit,FAv2,No Kernel,pytorch,0.115,8.729,0.1424695652173913,0.11858339144362665,0.11456065986940085,8.0
1xA10,meta-llama/Meta-Llama-3-8B-Instruct,8.0,BnB.4bit,FAv2,No Kernel,pytorch,0.34,17.833,0.04818823529411765,0.12337448806058665,0.056075814501205634,4.0
1xA10,meta-llama/Meta-Llama-3-8B-Instruct,8.0,BnB.4bit,Eager,No Kernel,pytorch,0.339,17.913,0.04833038348082596,0.12392795405312,0.05582537821693742,4.0
1xA10,meta-llama/Meta-Llama-3-8B-Instruct,8.0,BnB.4bit,SDPA,No Kernel,pytorch,0.335,18.182,0.04890746268656716,0.12578898345301331,0.054999450005499946,4.0
1xA10,meta-llama/Meta-Llama-3-8B-Instruct,8.0,Unquantized,FAv2,No Kernel,pytorch,0.084,22.927,0.3900952380952381,0.6171564351351466,0.043616696471409255,16.0
1xA10,meta-llama/Meta-Llama-3-8B-Instruct,8.0,Unquantized,FAv2,No Kernel,pytorch,0.084,22.956,0.3900952380952381,0.61793706655744,0.04356159609688099,16.0
1xA10,meta-llama/Meta-Llama-3-8B-Instruct,8.0,AWQ.4bit,Eager,AWQ.GEMM,pytorch,0.108,24.869,0.1517037037037037,0.17205182210389336,0.0402107040894286,4.0
1xA10,meta-llama/Meta-Llama-3-8B-Instruct,8.0,AWQ.4bit,SDPA,AWQ.GEMM,pytorch,0.105,25.672,0.15603809523809523,0.17760723700394668,0.0389529448426301,4.0
1xA10,meta-llama/Meta-Llama-3-8B-Instruct,8.0,Unquantized,Eager,No Kernel,pytorch,0.086,25.862,0.38102325581395347,0.6961617187362134,0.038666769778052744,16.0
1xA10,meta-llama/Meta-Llama-3-8B-Instruct,8.0,AWQ.4bit,FAv2,AWQ.GEMM,pytorch,0.107,25.917,0.1531214953271028,0.17930222660608,0.03858471273681367,4.0
1xA10,meta-llama/Meta-Llama-3-8B-Instruct,8.0,Unquantized,Eager,No Kernel,pytorch,0.085,25.94,0.3855058823529412,0.6982613480789334,0.03855050115651503,16.0
1xA10,meta-llama/Meta-Llama-3-8B-Instruct,8.0,Unquantized,SDPA,No Kernel,pytorch,0.081,26.176,0.4045432098765432,0.7046140727569067,0.038202933985330076,16.0
1xA10,meta-llama/Meta-Llama-3-8B-Instruct,8.0,Unquantized,SDPA,No Kernel,pytorch,0.081,26.176,0.4045432098765432,0.7046140727569067,0.038202933985330076,16.0
1xA10,meta-llama/Meta-Llama-3-8B-Instruct,8.0,AWQ.4bit,Eager,AWQ.GEMV,pytorch,0.111,31.27,0.1476036036036036,0.21633601983146666,0.03197953309881676,4.0
1xA10,meta-llama/Meta-Llama-3-8B-Instruct,8.0,AWQ.4bit,Eager,No Kernel,pytorch,1.325,31.999,0.012365283018867924,0.22137947868842667,0.03125097659301853,4.0
1xA10,meta-llama/Meta-Llama-3-8B-Instruct,8.0,GPTQ.4bit,Eager,GPTQ.ExllamaV2,pytorch,0.116,32.486,0.14124137931034483,0.22474870291797333,0.03078249091916518,4.0
1xA10,meta-llama/Meta-Llama-3-8B-Instruct,8.0,AWQ.4bit,Eager,No Kernel,pytorch,0.119,32.715,0.13768067226890757,0.22633299932160003,0.030567018187375818,4.0
1xA10,meta-llama/Meta-Llama-3-8B-Instruct,8.0,AWQ.4bit,FAv2,AWQ.GEMV,pytorch,0.11,32.905,0.14894545454545455,0.22764748105386667,0.030390518158334597,4.0
1xA10,meta-llama/Meta-Llama-3-8B-Instruct,8.0,GPTQ.4bit,Eager,GPTQ.ExllamaV1,pytorch,0.116,33.866,0.14124137931034483,0.23429599128917333,0.02952814031772279,4.0
1xA10,meta-llama/Meta-Llama-3-8B-Instruct,8.0,AWQ.4bit,SDPA,AWQ.GEMV,pytorch,0.108,33.951,0.1517037037037037,0.23488404890624,0.02945421342523048,4.0
1xA10,meta-llama/Meta-Llama-3-8B-Instruct,8.0,AWQ.4bit,FAv2,No Kernel,pytorch,0.118,34.144,0.13884745762711864,0.23621928561322666,0.02928772258669166,4.0
1xA10,meta-llama/Meta-Llama-3-8B-Instruct,8.0,AWQ.4bit,FAv2,No Kernel,pytorch,1.324,35.037,0.012374622356495469,0.24239734975488,0.028541256386106117,4.0
1xA10,meta-llama/Meta-Llama-3-8B-Instruct,8.0,GPTQ.4bit,FAv2,GPTQ.ExllamaV1,pytorch,0.115,35.3,0.1424695652173913,0.2442168692053333,0.028328611898017,4.0
1xA10,meta-llama/Meta-Llama-3-8B-Instruct,8.0,GPTQ.4bit,FAv2,GPTQ.ExllamaV2,pytorch,0.115,35.417,0.1424695652173913,0.24502631321941334,0.02823502837620352,4.0
1xA10,meta-llama/Meta-Llama-3-8B-Instruct,8.0,GPTQ.4bit,SDPA,GPTQ.ExllamaV2,pytorch,0.113,36.523,0.14499115044247787,0.2526779805661867,0.027380007118801848,4.0
1xA10,meta-llama/Meta-Llama-3-8B-Instruct,8.0,GPTQ.4bit,SDPA,GPTQ.ExllamaV1,pytorch,0.113,36.56,0.14499115044247787,0.2529339585877333,0.02735229759299781,4.0
1xA10,meta-llama/Meta-Llama-3-8B-Instruct,8.0,AWQ.4bit,SDPA,No Kernel,pytorch,0.116,36.603,0.14124137931034483,0.25323144655872,0.027320165013796683,4.0
1xA10,meta-llama/Meta-Llama-3-8B-Instruct,8.0,AWQ.4bit,SDPA,No Kernel,pytorch,1.322,37.078,0.012393343419062028,0.25651765088938666,0.02697017099088408,4.0
1xA10,01-ai/Yi-34B,34.0,AWQ.4bit,Eager,AWQ.GEMM,pytorch,2.805,0.378,0.024824242424242426,0.01095970788864,2.6455026455026456,17.0
1xA10,01-ai/Yi-34B,34.0,AWQ.4bit,SDPA,AWQ.GEMM,pytorch,2.792,0.379,0.024939828080229227,0.010988701824853333,2.638522427440633,17.0
1xA10,01-ai/Yi-34B,34.0,AWQ.4bit,FAv2,AWQ.GEMM,pytorch,2.791,0.379,0.024948763883912577,0.010988701824853333,2.638522427440633,17.0
1xA10,01-ai/Yi-34B,34.0,GPTQ.4bit,Eager,GPTQ.ExllamaV1,pytorch,1.579,0.714,0.04409879670677644,0.020701670456319998,1.400560224089636,17.0
1xA10,01-ai/Yi-34B,34.0,GPTQ.4bit,Eager,GPTQ.ExllamaV2,pytorch,1.578,0.714,0.04412674271229404,0.020701670456319998,1.400560224089636,17.0
1xA10,01-ai/Yi-34B,34.0,GPTQ.4bit,SDPA,GPTQ.ExllamaV2,pytorch,1.566,0.715,0.044464878671775225,0.02073066439253333,1.3986013986013988,17.0
1xA10,01-ai/Yi-34B,34.0,GPTQ.4bit,SDPA,GPTQ.ExllamaV1,pytorch,1.566,0.715,0.044464878671775225,0.02073066439253333,1.3986013986013988,17.0
1xA10,01-ai/Yi-34B,34.0,GPTQ.4bit,FAv2,GPTQ.ExllamaV2,pytorch,1.564,0.716,0.044521739130434786,0.020759658328746666,1.3966480446927374,17.0
1xA10,01-ai/Yi-34B,34.0,GPTQ.4bit,FAv2,GPTQ.ExllamaV1,pytorch,1.564,0.716,0.044521739130434786,0.020759658328746666,1.3966480446927374,17.0
1xA10,01-ai/Yi-34B,34.0,BnB.4bit,Eager,No Kernel,pytorch,1.529,7.727,0.04554087638979725,0.2240361451204267,0.12941633234114144,17.0
1xA10,01-ai/Yi-34B,34.0,BnB.4bit,SDPA,No Kernel,pytorch,1.509,7.835,0.04614446653412856,0.22716749023146668,0.1276324186343331,17.0
1xA10,01-ai/Yi-34B,34.0,BnB.4bit,FAv2,No Kernel,pytorch,1.507,8.024,0.046205706702057064,0.23264734417578664,0.12462612163509473,17.0
1xA10,01-ai/Yi-34B,34.0,BnB.4bit,FAv2,No Kernel,pytorch,1.507,9.216,0.046205706702057064,0.26720811614207995,0.10850694444444445,17.0
1xA10,01-ai/Yi-34B,34.0,BnB.4bit,Eager,No Kernel,pytorch,1.516,10.342,0.045931398416886544,0.2998552883182934,0.09669309611293753,17.0
1xA10,01-ai/Yi-34B,34.0,BnB.4bit,SDPA,No Kernel,pytorch,1.498,10.715,0.04648331108144192,0.31067002652586667,0.09332711152589827,17.0
1xA10,01-ai/Yi-34B,34.0,AWQ.4bit,Eager,AWQ.GEMM,pytorch,0.485,13.527,0.14357113402061855,0.39220097515776,0.07392622163081246,17.0
1xA10,01-ai/Yi-34B,34.0,AWQ.4bit,FAv2,AWQ.GEMM,pytorch,0.476,14.158,0.1462857142857143,0.4104961489083733,0.07063144511936714,17.0
1xA10,01-ai/Yi-34B,34.0,AWQ.4bit,SDPA,AWQ.GEMM,pytorch,0.472,15.235,0.14752542372881355,0.44172261821013326,0.06563833278634723,17.0
1xA10,01-ai/Yi-34B,34.0,AWQ.4bit,FAv2,No Kernel,pytorch,6.324,16.574,0.011010752688172042,0.48054549879978675,0.06033546518643658,17.0
1xA10,01-ai/Yi-34B,34.0,AWQ.4bit,FAv2,AWQ.GEMV,pytorch,0.523,16.574,0.1331395793499044,0.48054549879978675,0.06033546518643658,17.0
1xA10,01-ai/Yi-34B,34.0,AWQ.4bit,FAv2,No Kernel,pytorch,6.323,16.639,0.011012494069270917,0.4824301046536533,0.06009976561091412,17.0
1xA10,01-ai/Yi-34B,34.0,GPTQ.4bit,FAv2,GPTQ.ExllamaV2,pytorch,0.509,16.712,0.1368015717092338,0.4845466619972267,0.059837242699856394,17.0
1xA10,01-ai/Yi-34B,34.0,AWQ.4bit,FAv2,AWQ.GEMV,pytorch,0.523,16.738,0.1331395793499044,0.4853005043387733,0.0597442944198829,17.0
1xA10,01-ai/Yi-34B,34.0,GPTQ.4bit,FAv2,GPTQ.ExllamaV1,pytorch,0.509,16.768,0.1368015717092338,0.4861703224251734,0.05963740458015267,17.0
1xA10,01-ai/Yi-34B,34.0,AWQ.4bit,FAv2,No Kernel,pytorch,0.52,17.772,0.1339076923076923,0.5152802343833599,0.05626828719333784,17.0
1xA10,01-ai/Yi-34B,34.0,AWQ.4bit,FAv2,No Kernel,pytorch,0.52,17.867,0.1339076923076923,0.5180346583236267,0.05596910505401018,17.0
1xA10,01-ai/Yi-34B,34.0,AWQ.4bit,Eager,AWQ.GEMV,pytorch,0.533,18.018,0.13064165103189493,0.52241274269184,0.0555000555000555,17.0
1xA10,01-ai/Yi-34B,34.0,AWQ.4bit,Eager,No Kernel,pytorch,6.33,18.122,0.011000315955766192,0.5254281120580266,0.055181547290586025,17.0
1xA10,01-ai/Yi-34B,34.0,AWQ.4bit,Eager,AWQ.GEMV,pytorch,0.533,18.129,0.13064165103189493,0.52563106961152,0.05516024049864857,17.0
1xA10,01-ai/Yi-34B,34.0,AWQ.4bit,Eager,No Kernel,pytorch,0.531,18.354,0.1311337099811676,0.53215470525952,0.054484036177400025,17.0
1xA10,01-ai/Yi-34B,34.0,GPTQ.4bit,Eager,GPTQ.ExllamaV2,pytorch,0.519,18.559,0.13416570327552987,0.5380984621832534,0.05388221348132981,17.0
1xA10,01-ai/Yi-34B,34.0,AWQ.4bit,Eager,No Kernel,pytorch,6.331,18.714,0.010998578423629758,0.5425925222963199,0.05343593031954687,17.0
1xA10,01-ai/Yi-34B,34.0,GPTQ.4bit,Eager,GPTQ.ExllamaV1,pytorch,0.519,18.792,0.13416570327552987,0.54485404932096,0.053214133673903784,17.0
1xA10,01-ai/Yi-34B,34.0,GPTQ.4bit,SDPA,GPTQ.ExllamaV1,pytorch,0.507,19.003,0.13734122287968442,0.5509717698619734,0.05262327000999842,17.0
1xA10,01-ai/Yi-34B,34.0,AWQ.4bit,SDPA,No Kernel,pytorch,6.32,19.015,0.011017721518987342,0.5513196970965334,0.052590060478569546,17.0
1xA10,01-ai/Yi-34B,34.0,GPTQ.4bit,SDPA,GPTQ.ExllamaV2,pytorch,0.507,19.017,0.13734122287968442,0.5513776849689599,0.05258452963138245,17.0
1xA10,01-ai/Yi-34B,34.0,AWQ.4bit,SDPA,No Kernel,pytorch,6.318,19.024,0.011021209243431467,0.5515806425224533,0.052565180824222034,17.0
1xA10,01-ai/Yi-34B,34.0,AWQ.4bit,Eager,No Kernel,pytorch,0.531,19.208,0.1311337099811676,0.5569155267857067,0.05206164098292378,17.0
1xA10,01-ai/Yi-34B,34.0,AWQ.4bit,SDPA,AWQ.GEMV,pytorch,0.52,19.477,0.1339076923076923,0.5647148956270933,0.05134260923140114,17.0
1xA10,01-ai/Yi-34B,34.0,AWQ.4bit,SDPA,AWQ.GEMV,pytorch,0.52,19.494,0.1339076923076923,0.56520779254272,0.051297835231353235,17.0
1xA10,01-ai/Yi-34B,34.0,AWQ.4bit,SDPA,No Kernel,pytorch,0.517,20.661,0.13468471953578337,0.59904371610368,0.048400367842795604,17.0
1xA10,01-ai/Yi-34B,34.0,AWQ.4bit,SDPA,No Kernel,pytorch,0.517,20.757,0.13468471953578337,0.6018271339801601,0.04817651876475405,17.0
1xA10,meta-llama/Meta-Llama-3-8B-Instruct,8.0,BnB.8bit,Eager,No Kernel,pytorch,0.121,8.404,0.13540495867768595,0.11416826918229334,0.11899095668729176,8.0
1xA10,meta-llama/Meta-Llama-3-8B-Instruct,8.0,BnB.8bit,SDPA,No Kernel,pytorch,0.115,8.669,0.1424695652173913,0.11776829194922667,0.11535355865728457,8.0
1xA10,meta-llama/Meta-Llama-3-8B-Instruct,8.0,BnB.8bit,FAv2,No Kernel,pytorch,0.115,8.729,0.1424695652173913,0.11858339144362665,0.11456065986940085,8.0
1xA10,meta-llama/Meta-Llama-3-8B-Instruct,8.0,BnB.4bit,FAv2,No Kernel,pytorch,0.34,17.833,0.04818823529411765,0.12337448806058665,0.056075814501205634,4.0
1xA10,meta-llama/Meta-Llama-3-8B-Instruct,8.0,BnB.4bit,Eager,No Kernel,pytorch,0.339,17.913,0.04833038348082596,0.12392795405312,0.05582537821693742,4.0
1xA10,meta-llama/Meta-Llama-3-8B-Instruct,8.0,BnB.4bit,SDPA,No Kernel,pytorch,0.335,18.182,0.04890746268656716,0.12578898345301331,0.054999450005499946,4.0
1xA10,meta-llama/Meta-Llama-3-8B-Instruct,8.0,Unquantized,FAv2,No Kernel,pytorch,0.084,22.927,0.3900952380952381,0.6171564351351466,0.043616696471409255,16.0
1xA10,meta-llama/Meta-Llama-3-8B-Instruct,8.0,Unquantized,FAv2,No Kernel,pytorch,0.084,22.956,0.3900952380952381,0.61793706655744,0.04356159609688099,16.0
1xA10,meta-llama/Meta-Llama-3-8B-Instruct,8.0,AWQ.4bit,Eager,AWQ.GEMM,pytorch,0.108,24.869,0.1517037037037037,0.17205182210389336,0.0402107040894286,4.0
1xA10,meta-llama/Meta-Llama-3-8B-Instruct,8.0,AWQ.4bit,SDPA,AWQ.GEMM,pytorch,0.105,25.672,0.15603809523809523,0.17760723700394668,0.0389529448426301,4.0
1xA10,meta-llama/Meta-Llama-3-8B-Instruct,8.0,Unquantized,Eager,No Kernel,pytorch,0.086,25.862,0.38102325581395347,0.6961617187362134,0.038666769778052744,16.0
1xA10,meta-llama/Meta-Llama-3-8B-Instruct,8.0,AWQ.4bit,FAv2,AWQ.GEMM,pytorch,0.107,25.917,0.1531214953271028,0.17930222660608,0.03858471273681367,4.0
1xA10,meta-llama/Meta-Llama-3-8B-Instruct,8.0,Unquantized,Eager,No Kernel,pytorch,0.085,25.94,0.3855058823529412,0.6982613480789334,0.03855050115651503,16.0
1xA10,meta-llama/Meta-Llama-3-8B-Instruct,8.0,Unquantized,SDPA,No Kernel,pytorch,0.081,26.176,0.4045432098765432,0.7046140727569067,0.038202933985330076,16.0
1xA10,meta-llama/Meta-Llama-3-8B-Instruct,8.0,Unquantized,SDPA,No Kernel,pytorch,0.081,26.176,0.4045432098765432,0.7046140727569067,0.038202933985330076,16.0
1xA10,meta-llama/Meta-Llama-3-8B-Instruct,8.0,AWQ.4bit,Eager,AWQ.GEMV,pytorch,0.111,31.27,0.1476036036036036,0.21633601983146666,0.03197953309881676,4.0
1xA10,meta-llama/Meta-Llama-3-8B-Instruct,8.0,AWQ.4bit,Eager,No Kernel,pytorch,1.325,31.999,0.012365283018867924,0.22137947868842667,0.03125097659301853,4.0
1xA10,meta-llama/Meta-Llama-3-8B-Instruct,8.0,GPTQ.4bit,Eager,GPTQ.ExllamaV2,pytorch,0.116,32.486,0.14124137931034483,0.22474870291797333,0.03078249091916518,4.0
1xA10,meta-llama/Meta-Llama-3-8B-Instruct,8.0,AWQ.4bit,Eager,No Kernel,pytorch,0.119,32.715,0.13768067226890757,0.22633299932160003,0.030567018187375818,4.0
1xA10,meta-llama/Meta-Llama-3-8B-Instruct,8.0,AWQ.4bit,FAv2,AWQ.GEMV,pytorch,0.11,32.905,0.14894545454545455,0.22764748105386667,0.030390518158334597,4.0
1xA10,meta-llama/Meta-Llama-3-8B-Instruct,8.0,GPTQ.4bit,Eager,GPTQ.ExllamaV1,pytorch,0.116,33.866,0.14124137931034483,0.23429599128917333,0.02952814031772279,4.0
1xA10,meta-llama/Meta-Llama-3-8B-Instruct,8.0,AWQ.4bit,SDPA,AWQ.GEMV,pytorch,0.108,33.951,0.1517037037037037,0.23488404890624,0.02945421342523048,4.0
1xA10,meta-llama/Meta-Llama-3-8B-Instruct,8.0,AWQ.4bit,FAv2,No Kernel,pytorch,0.118,34.144,0.13884745762711864,0.23621928561322666,0.02928772258669166,4.0
1xA10,meta-llama/Meta-Llama-3-8B-Instruct,8.0,AWQ.4bit,FAv2,No Kernel,pytorch,1.324,35.037,0.012374622356495469,0.24239734975488,0.028541256386106117,4.0
1xA10,meta-llama/Meta-Llama-3-8B-Instruct,8.0,GPTQ.4bit,FAv2,GPTQ.ExllamaV1,pytorch,0.115,35.3,0.1424695652173913,0.2442168692053333,0.028328611898017,4.0
1xA10,meta-llama/Meta-Llama-3-8B-Instruct,8.0,GPTQ.4bit,FAv2,GPTQ.ExllamaV2,pytorch,0.115,35.417,0.1424695652173913,0.24502631321941334,0.02823502837620352,4.0
1xA10,meta-llama/Meta-Llama-3-8B-Instruct,8.0,GPTQ.4bit,SDPA,GPTQ.ExllamaV2,pytorch,0.113,36.523,0.14499115044247787,0.2526779805661867,0.027380007118801848,4.0
1xA10,meta-llama/Meta-Llama-3-8B-Instruct,8.0,GPTQ.4bit,SDPA,GPTQ.ExllamaV1,pytorch,0.113,36.56,0.14499115044247787,0.2529339585877333,0.02735229759299781,4.0
1xA10,meta-llama/Meta-Llama-3-8B-Instruct,8.0,AWQ.4bit,SDPA,No Kernel,pytorch,0.116,36.603,0.14124137931034483,0.25323144655872,0.027320165013796683,4.0
1xA10,meta-llama/Meta-Llama-3-8B-Instruct,8.0,AWQ.4bit,SDPA,No Kernel,pytorch,1.322,37.078,0.012393343419062028,0.25651765088938666,0.02697017099088408,4.0
1xA10,Qwen/Qwen1.5-14B,14.0,AWQ.4bit,FAv2,AWQ.GEMM,pytorch,1.1,0.976,0.02606545454545454,0.011770445482666668,1.0245901639344261,7.0
1xA10,Qwen/Qwen1.5-14B,14.0,AWQ.4bit,Eager,AWQ.GEMM,pytorch,1.098,0.988,0.02611293260473588,0.011915164074666668,1.0121457489878543,7.0
1xA10,Qwen/Qwen1.5-14B,14.0,AWQ.4bit,SDPA,AWQ.GEMM,pytorch,1.092,0.988,0.026256410256410255,0.011915164074666668,1.0121457489878543,7.0
1xA10,Qwen/Qwen1.5-14B,14.0,GPTQ.4bit,FAv2,GPTQ.ExllamaV1,pytorch,0.627,1.819,0.045728867623604466,0.021936926570666662,0.5497526113249038,7.0
1xA10,Qwen/Qwen1.5-14B,14.0,GPTQ.4bit,FAv2,GPTQ.ExllamaV2,pytorch,0.627,1.821,0.045728867623604466,0.021961046336,0.5491488193300385,7.0
1xA10,Qwen/Qwen1.5-14B,14.0,GPTQ.4bit,Eager,GPTQ.ExllamaV2,pytorch,0.623,1.863,0.04602247191011236,0.022467561408,0.5367686527106817,7.0
1xA10,Qwen/Qwen1.5-14B,14.0,GPTQ.4bit,Eager,GPTQ.ExllamaV1,pytorch,0.623,1.864,0.04602247191011236,0.02247962129066667,0.5364806866952789,7.0
1xA10,Qwen/Qwen1.5-14B,14.0,GPTQ.4bit,SDPA,GPTQ.ExllamaV1,pytorch,0.617,1.865,0.04647001620745543,0.022491681173333333,0.5361930294906166,7.0
1xA10,Qwen/Qwen1.5-14B,14.0,GPTQ.4bit,SDPA,GPTQ.ExllamaV2,pytorch,0.617,1.866,0.04647001620745543,0.022503741056,0.5359056806002144,7.0
1xA10,Qwen/Qwen1.5-14B,14.0,BnB.8bit,FAv2,No Kernel,pytorch,0.147,6.882,0.19504761904761905,0.163286112512,0.14530659691950015,14.0
1xA10,Qwen/Qwen1.5-14B,14.0,BnB.8bit,Eager,No Kernel,pytorch,0.146,7.028,0.1963835616438356,0.16675018871466668,0.14228799089356858,14.0
1xA10,Qwen/Qwen1.5-14B,14.0,BnB.8bit,FAv2,No Kernel,pytorch,0.146,7.086,0.1963835616438356,0.16812632857600002,0.14112334180073383,14.0
1xA10,Qwen/Qwen1.5-14B,14.0,BnB.8bit,Eager,No Kernel,pytorch,0.145,7.109,0.19773793103448276,0.16867203921066667,0.14066676044450696,14.0
1xA10,Qwen/Qwen1.5-14B,14.0,BnB.8bit,SDPA,No Kernel,pytorch,0.14,7.229,0.20479999999999998,0.17151922513066667,0.13833171946327294,14.0
1xA10,Qwen/Qwen1.5-14B,14.0,BnB.8bit,SDPA,No Kernel,pytorch,0.141,7.261,0.20334751773049645,0.17227847470933333,0.13772207684891888,14.0
1xA10,Qwen/Qwen1.5-14B,14.0,BnB.4bit,Eager,No Kernel,pytorch,0.59,11.909,0.04859661016949152,0.14362114267733334,0.08397010664203543,7.0
1xA10,Qwen/Qwen1.5-14B,14.0,BnB.4bit,FAv2,No Kernel,pytorch,0.595,12.017,0.04818823529411765,0.14492361000533333,0.08321544478655239,7.0
1xA10,Qwen/Qwen1.5-14B,14.0,BnB.4bit,SDPA,No Kernel,pytorch,0.584,12.628,0.0490958904109589,0.15229219831466667,0.07918910357934748,7.0
1xA10,Qwen/Qwen1.5-14B,14.0,BnB.4bit,FAv2,No Kernel,pytorch,0.593,14.037,0.048350758853288364,0.169284572992,0.07124029351000925,7.0
1xA10,Qwen/Qwen1.5-14B,14.0,BnB.4bit,Eager,No Kernel,pytorch,0.586,14.215,0.048928327645051194,0.17143123210666666,0.07034822370735139,7.0
1xA10,Qwen/Qwen1.5-14B,14.0,BnB.4bit,SDPA,No Kernel,pytorch,0.58,15.391,0.04943448275862069,0.18561365412266667,0.06497303618998115,7.0
1xA10,Qwen/Qwen1.5-14B,14.0,AWQ.4bit,FAv2,No Kernel,pytorch,2.425,23.626,0.011823505154639175,0.2849267878826667,0.042326250740709385,7.0
1xA10,Qwen/Qwen1.5-14B,14.0,AWQ.4bit,FAv2,AWQ.GEMV,pytorch,0.208,23.798,0.13784615384615384,0.28700108770133337,0.04202033784351626,7.0
1xA10,Qwen/Qwen1.5-14B,14.0,GPTQ.4bit,FAv2,GPTQ.ExllamaV1,pytorch,0.208,23.814,0.13784615384615384,0.287194045824,0.04199210548416898,7.0
1xA10,Qwen/Qwen1.5-14B,14.0,GPTQ.4bit,FAv2,GPTQ.ExllamaV2,pytorch,0.207,23.927,0.13851207729468598,0.28855681256533333,0.041793789442888786,7.0
1xA10,Qwen/Qwen1.5-14B,14.0,AWQ.4bit,FAv2,No Kernel,pytorch,0.211,24.895,0.1358862559241706,0.30023077898666667,0.04016870857601928,7.0
1xA10,Qwen/Qwen1.5-14B,14.0,AWQ.4bit,Eager,AWQ.GEMV,pytorch,0.205,25.398,0.13986341463414634,0.30629689996799997,0.03937317899047169,7.0
1xA10,Qwen/Qwen1.5-14B,14.0,AWQ.4bit,Eager,No Kernel,pytorch,2.419,26.128,0.01185283174865647,0.3151006143146667,0.03827311696264544,7.0
1xA10,Qwen/Qwen1.5-14B,14.0,AWQ.4bit,Eager,No Kernel,pytorch,0.208,26.354,0.13784615384615384,0.3178261477973333,0.03794490399939288,7.0
1xA10,Qwen/Qwen1.5-14B,14.0,GPTQ.4bit,Eager,GPTQ.ExllamaV1,pytorch,0.205,26.56,0.13986341463414634,0.32031048362666664,0.03765060240963856,7.0
1xA10,Qwen/Qwen1.5-14B,14.0,GPTQ.4bit,Eager,GPTQ.ExllamaV2,pytorch,0.205,27.26,0.13986341463414634,0.3287524014933333,0.036683785766691124,7.0
1xA10,Qwen/Qwen1.5-14B,14.0,AWQ.4bit,SDPA,AWQ.GEMV,pytorch,0.199,27.994,0.14408040201005026,0.33760435537066663,0.035721940415803385,7.0
1xA10,Qwen/Qwen1.5-14B,14.0,AWQ.4bit,SDPA,No Kernel,pytorch,0.203,29.531,0.14124137931034483,0.3561403950293333,0.033862720530967456,7.0
1xA10,Qwen/Qwen1.5-14B,14.0,GPTQ.4bit,SDPA,GPTQ.ExllamaV2,pytorch,0.199,30.046,0.14408040201005026,0.36235123460266666,0.03328230047260867,7.0
1xA10,Qwen/Qwen1.5-14B,14.0,GPTQ.4bit,SDPA,GPTQ.ExllamaV1,pytorch,0.199,30.24,0.14408040201005026,0.36469085183999994,0.033068783068783074,7.0
1xA10,Qwen/Qwen1.5-14B,14.0,AWQ.4bit,SDPA,No Kernel,pytorch,2.415,30.29,0.011872463768115942,0.3652938459733333,0.033014196104324864,7.0
1xA10,mistralai/Mistral-7B-Instruct-v0.2,7.0,Unquantized,Eager,No Kernel,pytorch,0.085,26.535,0.33731764705882356,0.6258277513984001,0.03768607499528924,14.0
1xA10,mistralai/Mistral-7B-Instruct-v0.2,7.0,Unquantized,FAv2,No Kernel,pytorch,0.085,26.582,0.33731764705882356,0.6269362460023468,0.03761944172748476,14.0
1xA10,mistralai/Mistral-7B-Instruct-v0.2,7.0,Unquantized,Eager,No Kernel,pytorch,0.084,26.641,0.3413333333333333,0.6283277605051732,0.03753612852370407,14.0
1xA10,mistralai/Mistral-7B-Instruct-v0.2,7.0,Unquantized,FAv2,No Kernel,pytorch,0.085,26.676,0.33731764705882356,0.6291532352102399,0.03748687959214275,14.0
1xA10,mistralai/Mistral-7B-Instruct-v0.2,7.0,Unquantized,SDPA,No Kernel,pytorch,0.08,26.83,0.3584,0.6327853239125334,0.03727171077152441,14.0
1xA10,mistralai/Mistral-7B-Instruct-v0.2,7.0,Unquantized,SDPA,No Kernel,pytorch,0.081,26.838,0.3539753086419753,0.6329740038451199,0.03726060064088233,14.0
1xA10,HuggingFaceH4/zephyr-7b-beta,7.0,BnB.8bit,Eager,No Kernel,pytorch,0.064,15.652,0.224,0.18654562143914666,0.0638895987733197,7.0
1xA10,HuggingFaceH4/zephyr-7b-beta,7.0,BnB.8bit,FAv2,No Kernel,pytorch,0.066,15.902,0.21721212121212122,0.18952520266581332,0.06288517167651868,7.0
1xA10,HuggingFaceH4/zephyr-7b-beta,7.0,BnB.8bit,SDPA,No Kernel,pytorch,0.061,16.945,0.23501639344262296,0.20195601554346668,0.05901445854234287,7.0
1xA10,HuggingFaceH4/zephyr-7b-beta,7.0,BnB.4bit,FAv2,No Kernel,pytorch,0.341,20.343,0.04204105571847507,0.12378698357632,0.0491569581674286,3.5
1xA10,HuggingFaceH4/zephyr-7b-beta,7.0,BnB.4bit,Eager,No Kernel,pytorch,0.338,21.302,0.042414201183431956,0.12962249049514668,0.04694394892498357,3.5
1xA10,HuggingFaceH4/zephyr-7b-beta,7.0,Unquantized,FAv2,No Kernel,pytorch,0.087,21.327,0.3295632183908046,0.50299711528448,0.046888920148168985,14.0
1xA10,HuggingFaceH4/zephyr-7b-beta,7.0,Unquantized,FAv2,No Kernel,pytorch,0.087,21.455,0.3295632183908046,0.5060159942058666,0.04660918200885575,14.0
1xA10,HuggingFaceH4/zephyr-7b-beta,7.0,BnB.4bit,SDPA,No Kernel,pytorch,0.334,22.19,0.04292215568862275,0.1350259630122667,0.04506534474988733,3.5
1xA10,HuggingFaceH4/zephyr-7b-beta,7.0,Unquantized,Eager,No Kernel,pytorch,0.085,26.638,0.33731764705882356,0.6282570055304534,0.03754035588257376,14.0
1xA10,HuggingFaceH4/zephyr-7b-beta,7.0,Unquantized,Eager,No Kernel,pytorch,0.084,26.73,0.3413333333333333,0.6304268247552001,0.03741114852225963,14.0
1xA10,HuggingFaceH4/zephyr-7b-beta,7.0,Unquantized,SDPA,No Kernel,pytorch,0.08,26.988,0.3584,0.63651175258112,0.03705350526159775,14.0
1xA10,HuggingFaceH4/zephyr-7b-beta,7.0,Unquantized,SDPA,No Kernel,pytorch,0.08,26.991,0.3584,0.63658250755584,0.03704938683264792,14.0
1xA10,google/gemma-7b,8.0,BnB.8bit,FAv2,No Kernel,pytorch,0.113,9.268,0.14499115044247787,0.12590570190165334,0.10789814415192057,8.0
1xA10,google/gemma-7b,8.0,BnB.8bit,Eager,No Kernel,pytorch,0.111,9.319,0.1476036036036036,0.12659853647189334,0.10730765103551883,8.0
1xA10,google/gemma-7b,8.0,BnB.8bit,SDPA,No Kernel,pytorch,0.106,9.623,0.15456603773584907,0.13072837391018666,0.10391769718383041,8.0
1xA10,google/gemma-7b,8.0,BnB.4bit,Eager,No Kernel,pytorch,0.384,19.12,0.042666666666666665,0.13227837221546668,0.05230125523012552,4.0
1xA10,google/gemma-7b,8.0,BnB.4bit,FAv2,No Kernel,pytorch,0.388,19.127,0.04222680412371134,0.13232680048981332,0.05228211428870184,4.0
1xA10,google/gemma-7b,8.0,Unquantized,FAv2,No Kernel,pytorch,0.097,20.091,0.3378144329896907,0.5408160656998401,0.049773530436513856,16.0
1xA10,google/gemma-7b,8.0,BnB.4bit,SDPA,No Kernel,pytorch,0.384,20.136,0.042666666666666665,0.13930739032064002,0.049662296384584824,4.0
1xA10,google/gemma-7b,8.0,Unquantized,FAv2,No Kernel,pytorch,0.097,20.213,0.3378144329896907,0.5441001013384534,0.04947311136397368,16.0
1xA10,google/gemma-7b,8.0,Unquantized,FAv2,No Kernel,pytorch,0.097,20.215,0.3378144329896907,0.5441539379882666,0.04946821667078902,16.0
1xA10,google/gemma-7b,8.0,Unquantized,FAv2,No Kernel,pytorch,0.097,20.257,0.3378144329896907,0.5452845076343467,0.049365651379769955,16.0
1xA10,google/gemma-7b,8.0,Unquantized,Eager,No Kernel,pytorch,0.095,22.664,0.3449263157894737,0.6100769156846934,0.04412283798093893,16.0
1xA10,google/gemma-7b,8.0,Unquantized,Eager,No Kernel,pytorch,0.096,22.672,0.3413333333333333,0.6102922622839467,0.044107268877911075,16.0
1xA10,google/gemma-7b,8.0,Unquantized,Eager,No Kernel,pytorch,0.095,22.721,0.3449263157894737,0.6116112602043733,0.04401214735266934,16.0
1xA10,google/gemma-7b,8.0,Unquantized,Eager,No Kernel,pytorch,0.095,22.721,0.3449263157894737,0.6116112602043733,0.04401214735266934,16.0
1xA10,google/gemma-7b,8.0,Unquantized,SDPA,No Kernel,pytorch,0.094,22.923,0.3485957446808511,0.6170487618355199,0.04362430746411901,16.0
1xA10,google/gemma-7b,8.0,Unquantized,SDPA,No Kernel,pytorch,0.094,22.933,0.3485957446808511,0.6173179450845867,0.04360528496053722,16.0
1xA10,google/gemma-7b,8.0,Unquantized,SDPA,No Kernel,pytorch,0.094,22.94,0.3485957446808511,0.6175063733589333,0.043591979075850044,16.0
1xA10,google/gemma-7b,8.0,Unquantized,SDPA,No Kernel,pytorch,0.094,22.953,0.3485957446808511,0.6178563115827199,0.04356728967890908,16.0
1xA10,google/gemma-7b,8.0,AWQ.4bit,FAv2,AWQ.GEMM,pytorch,0.136,24.292,0.12047058823529411,0.1680599486327467,0.04116581590647126,4.0
1xA10,google/gemma-7b,8.0,AWQ.4bit,Eager,AWQ.GEMM,pytorch,0.134,24.45,0.1222686567164179,0.169153043968,0.0408997955010225,4.0
1xA10,google/gemma-7b,8.0,AWQ.4bit,SDPA,AWQ.GEMM,pytorch,0.133,25.858,0.12318796992481203,0.17889404543658669,0.03867275117951891,4.0
1xA10,google/gemma-7b,8.0,AWQ.4bit,Eager,AWQ.GEMV,pytorch,0.136,29.541,0.12047058823529411,0.20437423606784,0.03385125757421888,4.0
1xA10,google/gemma-7b,8.0,AWQ.4bit,FAv2,AWQ.GEMV,pytorch,0.137,30.954,0.1195912408759124,0.21414982916095998,0.03230600245525619,4.0
1xA10,google/gemma-7b,8.0,AWQ.4bit,FAv2,No Kernel,pytorch,1.458,31.003,0.011237311385459534,0.21448882708138667,0.03225494307002548,4.0
1xA10,google/gemma-7b,8.0,AWQ.4bit,Eager,No Kernel,pytorch,0.134,31.064,0.1222686567164179,0.21491084490069334,0.03219160442956477,4.0
1xA10,google/gemma-7b,8.0,GPTQ.4bit,Eager,GPTQ.ExllamaV1,pytorch,0.131,31.297,0.12506870229007633,0.21652281460394665,0.031951944275809184,4.0
1xA10,google/gemma-7b,8.0,AWQ.4bit,Eager,No Kernel,pytorch,1.453,31.527,0.01127598072952512,0.21811402933248,0.031718844165318616,4.0
1xA10,google/gemma-7b,8.0,GPTQ.4bit,Eager,GPTQ.ExllamaV2,pytorch,0.131,31.606,0.12506870229007633,0.21866057700010666,0.03163956210846042,4.0
1xA10,google/gemma-7b,8.0,GPTQ.4bit,FAv2,GPTQ.ExllamaV2,pytorch,0.133,31.685,0.12318796992481203,0.21920712466773332,0.03156067539845353,4.0
1xA10,google/gemma-7b,8.0,AWQ.4bit,FAv2,No Kernel,pytorch,0.135,31.775,0.12136296296296295,0.21982977390933334,0.03147128245476003,4.0
1xA10,google/gemma-7b,8.0,GPTQ.4bit,FAv2,GPTQ.ExllamaV1,pytorch,0.133,32.122,0.12318796992481203,0.22223043265194667,0.031131311873482347,4.0
1xA10,google/gemma-7b,8.0,GPTQ.4bit,Eager,GPTQ.ExllamaV2,pytorch,0.131,32.745,0.12506870229007633,0.22654054906879997,0.03053901358986105,4.0
1xA10,google/gemma-7b,8.0,GPTQ.4bit,Eager,GPTQ.ExllamaV1,pytorch,0.131,32.754,0.12506870229007633,0.22660281399295995,0.030530622214080726,4.0
1xA10,google/gemma-7b,8.0,GPTQ.4bit,FAv2,GPTQ.ExllamaV2,pytorch,0.133,32.959,0.12318796992481203,0.2280210705988267,0.030340726356988982,4.0
1xA10,google/gemma-7b,8.0,AWQ.4bit,SDPA,AWQ.GEMV,pytorch,0.134,32.976,0.1222686567164179,0.22813868212223998,0.03032508491023775,4.0
1xA10,google/gemma-7b,8.0,GPTQ.4bit,FAv2,GPTQ.ExllamaV1,pytorch,0.133,33.034,0.12318796992481203,0.22853994496682667,0.030271841133377733,4.0
1xA10,google/gemma-7b,8.0,AWQ.4bit,SDPA,No Kernel,pytorch,0.133,33.674,0.12318796992481203,0.23296767290709336,0.029696501752093603,4.0
1xA10,google/gemma-7b,8.0,GPTQ.4bit,SDPA,GPTQ.ExllamaV1,pytorch,0.13,33.963,0.12603076923076922,0.23496706880512,0.02944380649530371,4.0
1xA10,google/gemma-7b,8.0,GPTQ.4bit,SDPA,GPTQ.ExllamaV2,pytorch,0.13,34.548,0.12603076923076922,0.23901428887552,0.0289452356142179,4.0
1xA10,google/gemma-7b,8.0,AWQ.4bit,SDPA,No Kernel,pytorch,1.452,34.667,0.01128374655647383,0.23983756953941335,0.028845876481956904,4.0
1xA10,google/gemma-7b,8.0,GPTQ.4bit,SDPA,GPTQ.ExllamaV1,pytorch,0.13,35.485,0.12603076923076922,0.24549675931306666,0.028180921516133578,4.0
1xA10,google/gemma-7b,8.0,GPTQ.4bit,SDPA,GPTQ.ExllamaV2,pytorch,0.13,35.927,0.12603076923076922,0.2485546589218133,0.027834219389317228,4.0
1xA10,Qwen/Qwen1.5-7B,7.0,AWQ.4bit,FAv2,AWQ.GEMM,pytorch,0.583,1.839,0.024590051457975985,0.011190299503359999,0.5437737901033171,3.5
1xA10,Qwen/Qwen1.5-7B,7.0,AWQ.4bit,Eager,AWQ.GEMM,pytorch,0.58,1.869,0.024717241379310344,0.011372849250559999,0.5350454788657036,3.5
1xA10,Qwen/Qwen1.5-7B,7.0,AWQ.4bit,SDPA,AWQ.GEMM,pytorch,0.576,1.873,0.024888888888888887,0.011397189216853332,0.5339028296849974,3.5
1xA10,Qwen/Qwen1.5-7B,7.0,GPTQ.4bit,FAv2,GPTQ.ExllamaV2,pytorch,0.332,3.433,0.04318072289156626,0.02088977607125333,0.2912904165452957,3.5
1xA10,Qwen/Qwen1.5-7B,7.0,GPTQ.4bit,FAv2,GPTQ.ExllamaV1,pytorch,0.332,3.434,0.04318072289156626,0.02089586106282667,0.29120559114735,3.5
1xA10,Qwen/Qwen1.5-7B,7.0,GPTQ.4bit,Eager,GPTQ.ExllamaV2,pytorch,0.326,3.558,0.043975460122699386,0.02165040001792,0.2810567734682406,3.5
1xA10,Qwen/Qwen1.5-7B,7.0,GPTQ.4bit,Eager,GPTQ.ExllamaV1,pytorch,0.326,3.559,0.043975460122699386,0.021656485009493333,0.2809778027535825,3.5
1xA10,Qwen/Qwen1.5-7B,7.0,GPTQ.4bit,SDPA,GPTQ.ExllamaV2,pytorch,0.323,3.565,0.04438390092879257,0.021692994958933332,0.2805049088359046,3.5
1xA10,Qwen/Qwen1.5-7B,7.0,GPTQ.4bit,SDPA,GPTQ.ExllamaV1,pytorch,0.323,3.565,0.04438390092879257,0.021692994958933332,0.2805049088359046,3.5
1xA10,Qwen/Qwen1.5-7B,7.0,BnB.8bit,Eager,No Kernel,pytorch,0.117,8.766,0.12252991452991453,0.10447603613183999,0.11407711613050422,7.0
1xA10,Qwen/Qwen1.5-7B,7.0,BnB.8bit,FAv2,No Kernel,pytorch,0.117,8.77,0.12252991452991453,0.10452370943146667,0.11402508551881414,7.0
1xA10,Qwen/Qwen1.5-7B,7.0,BnB.8bit,FAv2,No Kernel,pytorch,0.113,8.836,0.12686725663716814,0.10531031887530667,0.11317338162064282,7.0
1xA10,Qwen/Qwen1.5-7B,7.0,BnB.8bit,Eager,No Kernel,pytorch,0.116,8.932,0.12358620689655173,0.10645447806634668,0.11195700850873264,7.0
1xA10,Qwen/Qwen1.5-7B,7.0,BnB.8bit,SDPA,No Kernel,pytorch,0.113,9.09,0.12686725663716814,0.1083375734016,0.11001100110011001,7.0
1xA10,Qwen/Qwen1.5-7B,7.0,BnB.8bit,SDPA,No Kernel,pytorch,0.112,9.111,0.128,0.10858785822464001,0.10975743606629348,7.0
1xA10,Qwen/Qwen1.5-7B,7.0,BnB.4bit,Eager,No Kernel,pytorch,0.333,14.581,0.04305105105105105,0.08872526213077334,0.06858240175570948,3.5
1xA10,Qwen/Qwen1.5-7B,7.0,BnB.4bit,FAv2,No Kernel,pytorch,0.339,14.816,0.042289085545722714,0.09015523515050668,0.06749460043196544,3.5
1xA10,Qwen/Qwen1.5-7B,7.0,BnB.4bit,SDPA,No Kernel,pytorch,0.329,15.479,0.043574468085106385,0.09418958456362665,0.0646036565669617,3.5
1xA10,Qwen/Qwen1.5-7B,7.0,BnB.4bit,FAv2,No Kernel,pytorch,0.336,17.929,0.042666666666666665,0.10909781391829333,0.05577555914998048,3.5
1xA10,Qwen/Qwen1.5-7B,7.0,BnB.4bit,Eager,No Kernel,pytorch,0.33,17.981,0.04344242424242424,0.10941423348010666,0.055614259496134806,3.5
1xA10,Qwen/Qwen1.5-7B,7.0,BnB.4bit,SDPA,No Kernel,pytorch,0.327,18.914,0.04384097859327217,0.11509153061802667,0.05287088928835783,3.5
1xA10,Qwen/Qwen1.5-7B,7.0,Unquantized,FAv2,No Kernel,pytorch,0.111,20.333,0.2583063063063063,0.4795536336605866,0.04918113411695274,14.0
1xA10,Qwen/Qwen1.5-7B,7.0,Unquantized,FAv2,No Kernel,pytorch,0.105,20.373,0.2730666666666667,0.48049703332352006,0.04908457271879448,14.0
1xA10,Qwen/Qwen1.5-7B,7.0,Unquantized,FAv2,No Kernel,pytorch,0.109,21.352,0.26304587155963305,0.5035867400738133,0.04683402023229674,14.0
1xA10,Qwen/Qwen1.5-7B,7.0,Unquantized,FAv2,No Kernel,pytorch,0.102,21.421,0.28109803921568627,0.5052141044923733,0.04668316138368891,14.0
1xA10,Qwen/Qwen1.5-7B,7.0,Unquantized,Eager,No Kernel,pytorch,0.102,26.524,0.28109803921568627,0.6255683164910933,0.037701704117026086,14.0
1xA10,Qwen/Qwen1.5-7B,7.0,Unquantized,Eager,No Kernel,pytorch,0.107,26.639,0.2679626168224299,0.6282805905220267,0.0375389466571568,14.0
1xA10,Qwen/Qwen1.5-7B,7.0,Unquantized,SDPA,No Kernel,pytorch,0.097,26.94,0.2955876288659794,0.6353796729856,0.03711952487008166,14.0
1xA10,Qwen/Qwen1.5-7B,7.0,Unquantized,SDPA,No Kernel,pytorch,0.103,26.983,0.27836893203883495,0.6363938276232534,0.03706037134492088,14.0
1xA10,Qwen/Qwen1.5-7B,7.0,Unquantized,Eager,No Kernel,pytorch,0.102,26.992,0.28109803921568627,0.6366060925474134,0.03704801422643746,14.0
1xA10,Qwen/Qwen1.5-7B,7.0,Unquantized,Eager,No Kernel,pytorch,0.106,27.068,0.27049056603773586,0.6383985519069867,0.03694399290675336,14.0
1xA10,Qwen/Qwen1.5-7B,7.0,Unquantized,SDPA,No Kernel,pytorch,0.097,27.344,0.2955876288659794,0.6449080095812267,0.03657109420713867,14.0
1xA10,Qwen/Qwen1.5-7B,7.0,Unquantized,SDPA,No Kernel,pytorch,0.103,27.368,0.27836893203883495,0.6454740493789866,0.03653902367728735,14.0
1xA10,Qwen/Qwen1.5-7B,7.0,AWQ.4bit,FAv2,AWQ.GEMV,pytorch,0.113,30.83,0.12686725663716814,0.18760029020586663,0.032435939020434644,3.5
1xA10,Qwen/Qwen1.5-7B,7.0,AWQ.4bit,Eager,AWQ.GEMV,pytorch,0.109,31.616,0.13152293577981652,0.1923830935825067,0.031629554655870445,3.5
1xA10,Qwen/Qwen1.5-7B,7.0,AWQ.4bit,Eager,No Kernel,pytorch,0.116,31.679,0.12358620689655173,0.19276644805162663,0.03156665298778371,3.5
1xA10,Qwen/Qwen1.5-7B,7.0,AWQ.4bit,FAv2,No Kernel,pytorch,0.121,31.859,0.11847933884297521,0.19386174653482666,0.0313883047176622,3.5
1xA10,Qwen/Qwen1.5-7B,7.0,AWQ.4bit,FAv2,No Kernel,pytorch,1.241,32.225,0.011551974214343272,0.19608885345066668,0.031031807602792862,3.5
1xA10,Qwen/Qwen1.5-7B,7.0,GPTQ.4bit,FAv2,GPTQ.ExllamaV2,pytorch,0.118,32.52,0.12149152542372882,0.19788392596480003,0.030750307503075027,3.5
1xA10,Qwen/Qwen1.5-7B,7.0,GPTQ.4bit,FAv2,GPTQ.ExllamaV1,pytorch,0.118,32.694,0.12149152542372882,0.19894271449856002,0.030586651985073713,3.5
1xA10,Qwen/Qwen1.5-7B,7.0,AWQ.4bit,Eager,No Kernel,pytorch,1.234,33.621,0.011617504051863858,0.20458350168704,0.029743315189911065,3.5
1xA10,Qwen/Qwen1.5-7B,7.0,GPTQ.4bit,Eager,GPTQ.ExllamaV2,pytorch,0.114,33.758,0.12575438596491229,0.2054171455325867,0.029622607974406065,3.5
1xA10,Qwen/Qwen1.5-7B,7.0,GPTQ.4bit,Eager,GPTQ.ExllamaV1,pytorch,0.114,34.17,0.12575438596491229,0.20792416206079997,0.029265437518290898,3.5
1xA10,Qwen/Qwen1.5-7B,7.0,AWQ.4bit,SDPA,AWQ.GEMV,pytorch,0.105,34.828,0.13653333333333334,0.21192808651605333,0.028712530148156654,3.5
1xA10,Qwen/Qwen1.5-7B,7.0,AWQ.4bit,SDPA,No Kernel,pytorch,1.232,36.053,0.011636363636363636,0.21938220119338664,0.02773694283416082,3.5
1xA10,Qwen/Qwen1.5-7B,7.0,AWQ.4bit,SDPA,No Kernel,pytorch,0.113,36.707,0.12686725663716814,0.22336178568234666,0.02724276023646716,3.5
1xA10,Qwen/Qwen1.5-7B,7.0,GPTQ.4bit,SDPA,GPTQ.ExllamaV1,pytorch,0.111,36.841,0.12915315315315315,0.22417717455317332,0.027143671453000732,3.5
1xA10,Qwen/Qwen1.5-7B,7.0,GPTQ.4bit,SDPA,GPTQ.ExllamaV2,pytorch,0.111,37.684,0.12915315315315315,0.22930682244949332,0.026536461097548033,3.5
1xA10,Deci/DeciLM-7B,7.0,AWQ.4bit,Eager,AWQ.GEMM,pytorch,0.613,1.745,0.02338662316476346,0.010618310295466667,0.5730659025787965,3.5
1xA10,Deci/DeciLM-7B,7.0,AWQ.4bit,FAv2,AWQ.GEMM,pytorch,0.612,1.746,0.02342483660130719,0.010624395287040001,0.572737686139748,3.5
1xA10,Deci/DeciLM-7B,7.0,GPTQ.4bit,Eager,GPTQ.ExllamaV2,pytorch,0.333,3.447,0.04305105105105105,0.020974965953280002,0.2901073397156948,3.5
1xA10,Deci/DeciLM-7B,7.0,GPTQ.4bit,Eager,GPTQ.ExllamaV1,pytorch,0.333,3.447,0.04305105105105105,0.020974965953280002,0.2901073397156948,3.5
1xA10,Deci/DeciLM-7B,7.0,GPTQ.4bit,FAv2,GPTQ.ExllamaV2,pytorch,0.332,3.447,0.04318072289156626,0.020974965953280002,0.2901073397156948,3.5
1xA10,Deci/DeciLM-7B,7.0,GPTQ.4bit,FAv2,GPTQ.ExllamaV1,pytorch,0.332,3.448,0.04318072289156626,0.020981050944853336,0.2900232018561485,3.5
1xA10,Deci/DeciLM-7B,7.0,BnB.8bit,Eager,No Kernel,pytorch,0.12,8.653,0.11946666666666667,0.10312926541738668,0.11556685542586385,7.0
1xA10,Deci/DeciLM-7B,7.0,BnB.8bit,FAv2,No Kernel,pytorch,0.118,8.838,0.12149152542372882,0.10533415552511999,0.11314777098891153,7.0
1xA10,Deci/DeciLM-7B,7.0,BnB.8bit,FAv2,No Kernel,pytorch,0.117,8.901,0.12252991452991453,0.10608500999423999,0.11234692731153803,7.0
1xA10,Deci/DeciLM-7B,7.0,BnB.8bit,Eager,No Kernel,pytorch,0.115,9.085,0.1246608695652174,0.10827798177706667,0.1100715465052284,7.0
1xA10,Deci/DeciLM-7B,7.0,BnB.4bit,FAv2,No Kernel,pytorch,0.327,15.653,0.04384097859327217,0.09524837309738668,0.06388551715326135,3.5
1xA10,Deci/DeciLM-7B,7.0,BnB.4bit,Eager,No Kernel,pytorch,0.327,15.81,0.04384097859327217,0.0962037167744,0.06325110689437065,3.5
1xA10,Deci/DeciLM-7B,7.0,BnB.4bit,Eager,No Kernel,pytorch,0.324,19.777,0.04424691358024691,0.12034287834581332,0.05056378621631188,3.5
1xA10,Deci/DeciLM-7B,7.0,BnB.4bit,FAv2,No Kernel,pytorch,0.324,19.855,0.04424691358024691,0.12081750768853332,0.05036514731805591,3.5
1xA10,Deci/DeciLM-7B,7.0,AWQ.4bit,FAv2,AWQ.GEMM,pytorch,0.104,26.074,0.13784615384615384,0.15866007028309337,0.0383523816829025,3.5
1xA10,Deci/DeciLM-7B,7.0,AWQ.4bit,Eager,AWQ.GEMM,pytorch,0.104,26.868,0.13784615384615384,0.16349155359232,0.037218996575852314,3.5
1xA10,Deci/DeciLM-7B,7.0,Unquantized,FAv2,No Kernel,pytorch,0.081,27.732,0.3539753086419753,0.65405898631168,0.036059425933939133,14.0
1xA10,Deci/DeciLM-7B,7.0,Unquantized,Eager,No Kernel,pytorch,0.081,27.735,0.3539753086419753,0.6541297412864,0.0360555255092843,14.0
1xA10,Deci/DeciLM-7B,7.0,Unquantized,FAv2,No Kernel,pytorch,0.081,27.756,0.3539753086419753,0.6546250261094401,0.03602824614497766,14.0
1xA10,Deci/DeciLM-7B,7.0,Unquantized,Eager,No Kernel,pytorch,0.081,27.766,0.3539753086419753,0.6548608760251733,0.03601527047468127,14.0
1xA10,Deci/DeciLM-7B,7.0,Unquantized,Eager,No Kernel,pytorch,0.081,28.171,0.3539753086419753,0.6644127976123734,0.035497497426431435,14.0
1xA10,Deci/DeciLM-7B,7.0,Unquantized,FAv2,No Kernel,pytorch,0.081,28.181,0.3539753086419753,0.6646486475281067,0.03548490117455023,14.0
1xA10,Deci/DeciLM-7B,7.0,Unquantized,Eager,No Kernel,pytorch,0.081,28.197,0.3539753086419753,0.66502600739328,0.035464765755222186,14.0
1xA10,Deci/DeciLM-7B,7.0,Unquantized,FAv2,No Kernel,pytorch,0.081,28.203,0.3539753086419753,0.6651675173427201,0.03545722086302876,14.0
1xA10,Deci/DeciLM-7B,7.0,AWQ.4bit,Eager,AWQ.GEMV,pytorch,0.107,35.06,0.13398130841121494,0.2133398045610667,0.028522532800912718,3.5
1xA10,Deci/DeciLM-7B,7.0,AWQ.4bit,FAv2,AWQ.GEMV,pytorch,0.107,35.31,0.13398130841121494,0.21486105245440001,0.02832058906825262,3.5
1xA10,Deci/DeciLM-7B,7.0,AWQ.4bit,Eager,AWQ.GEMV,pytorch,0.107,35.683,0.13398130841121494,0.2171307543112533,0.028024549505366703,3.5
1xA10,Deci/DeciLM-7B,7.0,AWQ.4bit,FAv2,AWQ.GEMV,pytorch,0.107,36.134,0.13398130841121494,0.21987508551082668,0.027674766148226046,3.5
1xA10,Deci/DeciLM-7B,7.0,AWQ.4bit,FAv2,No Kernel,pytorch,1.288,36.797,0.011130434782608696,0.22390943492394663,0.027176128488735497,3.5
1xA10,Deci/DeciLM-7B,7.0,GPTQ.4bit,FAv2,GPTQ.ExllamaV2,pytorch,0.112,36.829,0.128,0.22410415465429334,0.027152515680577805,3.5
1xA10,Deci/DeciLM-7B,7.0,AWQ.4bit,Eager,No Kernel,pytorch,1.288,37.137,0.011130434782608696,0.22597833205888,0.026927323154805182,3.5
1xA10,Deci/DeciLM-7B,7.0,AWQ.4bit,Eager,No Kernel,pytorch,1.288,37.757,0.011130434782608696,0.22975102683434664,0.02648515507058294,3.5
1xA10,Deci/DeciLM-7B,7.0,GPTQ.4bit,Eager,GPTQ.ExllamaV2,pytorch,0.112,38.06,0.128,0.23159477928106667,0.02627430373095113,3.5
1xA10,Deci/DeciLM-7B,7.0,AWQ.4bit,FAv2,No Kernel,pytorch,1.288,38.333,0.011130434782608696,0.23325598198058667,0.026087183366811886,3.5
1xA10,Deci/DeciLM-7B,7.0,GPTQ.4bit,Eager,GPTQ.ExllamaV1,pytorch,0.111,38.403,0.12915315315315315,0.23368193139072,0.026039632320391637,3.5
1xA10,Deci/DeciLM-7B,7.0,GPTQ.4bit,FAv2,GPTQ.ExllamaV1,pytorch,0.111,38.576,0.12915315315315315,0.2347346349329067,0.025922853587722935,3.5
1xA10,mistralai/Mistral-7B-v0.1,7.0,AWQ.4bit,FAv2,AWQ.GEMM,pytorch,0.619,1.717,0.02315993537964459,0.010447930531413335,0.5824111822947,3.5
1xA10,mistralai/Mistral-7B-v0.1,7.0,AWQ.4bit,Eager,AWQ.GEMM,pytorch,0.618,1.718,0.023197411003236246,0.010454015522986667,0.5820721769499418,3.5
1xA10,mistralai/Mistral-7B-v0.1,7.0,AWQ.4bit,SDPA,AWQ.GEMM,pytorch,0.616,1.722,0.02327272727272727,0.01047835548928,0.5807200929152149,3.5
1xA10,mistralai/Mistral-7B-v0.1,7.0,GPTQ.4bit,FAv2,GPTQ.ExllamaV2,pytorch,0.35,3.206,0.04096,0.01950848298410667,0.3119151590767311,3.5
1xA10,mistralai/Mistral-7B-v0.1,7.0,GPTQ.4bit,FAv2,GPTQ.ExllamaV1,pytorch,0.35,3.209,0.04096,0.019526737958826666,0.3116235587410408,3.5
1xA10,mistralai/Mistral-7B-v0.1,7.0,GPTQ.4bit,Eager,GPTQ.ExllamaV1,pytorch,0.343,3.342,0.04179591836734694,0.02033604183808,0.2992220227408737,3.5
1xA10,mistralai/Mistral-7B-v0.1,7.0,GPTQ.4bit,Eager,GPTQ.ExllamaV2,pytorch,0.343,3.343,0.04179591836734694,0.02034212682965333,0.2991325157044571,3.5
1xA10,mistralai/Mistral-7B-v0.1,7.0,GPTQ.4bit,SDPA,GPTQ.ExllamaV1,pytorch,0.341,3.346,0.04204105571847507,0.020360381804373336,0.29886431560071725,3.5
1xA10,mistralai/Mistral-7B-v0.1,7.0,GPTQ.4bit,SDPA,GPTQ.ExllamaV2,pytorch,0.339,3.347,0.042289085545722714,0.020366466795946666,0.2987750224081267,3.5
1xA10,mistralai/Mistral-7B-v0.1,7.0,BnB.8bit,Eager,No Kernel,pytorch,0.115,8.826,0.1246608695652174,0.10519113562624001,0.11330160888284613,7.0
1xA10,mistralai/Mistral-7B-v0.1,7.0,BnB.8bit,FAv2,No Kernel,pytorch,0.11,8.958,0.13032727272727274,0.10676435451392,0.11163206072784103,7.0
1xA10,mistralai/Mistral-7B-v0.1,7.0,BnB.8bit,SDPA,No Kernel,pytorch,0.11,9.145,0.13032727272727274,0.10899308127146666,0.10934937124111536,7.0
1xA10,mistralai/Mistral-7B-v0.1,7.0,BnB.4bit,FAv2,No Kernel,pytorch,0.349,15.246,0.041077363896848136,0.09277178152703999,0.06559097468188377,3.5
1xA10,mistralai/Mistral-7B-v0.1,7.0,BnB.4bit,Eager,No Kernel,pytorch,0.341,15.69,0.04204105571847507,0.0954735177856,0.06373486297004462,3.5
1xA10,mistralai/Mistral-7B-v0.1,7.0,BnB.4bit,SDPA,No Kernel,pytorch,0.337,15.943,0.04254005934718101,0.09701302065365333,0.06272345229881453,3.5
1xA10,mistralai/Mistral-7B-v0.1,7.0,Unquantized,FAv2,No Kernel,pytorch,0.089,20.09,0.3221573033707865,0.47382248070826666,0.049776007964161276,14.0
1xA10,mistralai/Mistral-7B-v0.1,7.0,Unquantized,FAv2,No Kernel,pytorch,0.088,20.094,0.32581818181818184,0.47391682067456004,0.049766099333134264,14.0
1xA10,mistralai/Mistral-7B-v0.1,7.0,Unquantized,Eager,No Kernel,pytorch,0.085,26.488,0.33731764705882356,0.6247192567944533,0.03775294472968892,14.0
1xA10,mistralai/Mistral-7B-v0.1,7.0,Unquantized,Eager,No Kernel,pytorch,0.084,26.567,0.3413333333333333,0.6265824711287468,0.03764068204915873,14.0
1xA10,mistralai/Mistral-7B-v0.1,7.0,AWQ.4bit,FAv2,AWQ.GEMV,pytorch,0.114,26.865,0.12575438596491229,0.1634732986176,0.03722315280104225,3.5
1xA10,mistralai/Mistral-7B-v0.1,7.0,Unquantized,SDPA,No Kernel,pytorch,0.08,26.868,0.3584,0.63368155359232,0.037218996575852314,14.0
1xA10,mistralai/Mistral-7B-v0.1,7.0,Unquantized,SDPA,No Kernel,pytorch,0.081,26.9,0.3539753086419753,0.6344362733226667,0.03717472118959108,14.0
1xA10,mistralai/Mistral-7B-v0.1,7.0,AWQ.4bit,FAv2,No Kernel,pytorch,0.122,27.469,0.11750819672131148,0.16714863352789333,0.03640467436018785,3.5
1xA10,mistralai/Mistral-7B-v0.1,7.0,AWQ.4bit,Eager,AWQ.GEMV,pytorch,0.111,28.236,0.12915315315315315,0.17181582206464,0.035415781272134864,3.5
1xA10,mistralai/Mistral-7B-v0.1,7.0,AWQ.4bit,Eager,No Kernel,pytorch,1.326,28.62,0.010811463046757164,0.1741524588288,0.034940600978336823,3.5
1xA10,mistralai/Mistral-7B-v0.1,7.0,AWQ.4bit,FAv2,No Kernel,pytorch,1.331,28.854,0.010770848985725019,0.17557634685696,0.03465723989741457,3.5
1xA10,mistralai/Mistral-7B-v0.1,7.0,AWQ.4bit,Eager,No Kernel,pytorch,0.118,29.686,0.12149152542372882,0.18063905984597334,0.03368591255137102,3.5
1xA10,mistralai/Mistral-7B-v0.1,7.0,AWQ.4bit,SDPA,AWQ.GEMV,pytorch,0.107,31.984,0.13398130841121494,0.19462237048149333,0.0312656328164082,3.5
1xA10,mistralai/Mistral-7B-v0.1,7.0,AWQ.4bit,SDPA,No Kernel,pytorch,1.323,32.959,0.010835978835978836,0.20055523726549335,0.030340726356988982,3.5
1xA10,mistralai/Mistral-7B-v0.1,7.0,AWQ.4bit,SDPA,No Kernel,pytorch,0.115,33.173,0.1246608695652174,0.20185742546218668,0.030144997437675215,3.5
1xA10,TencentARC/Mistral_Pro_8B_v0.1,8.0,AWQ.4bit,FAv2,AWQ.GEMM,pytorch,0.773,1.374,0.021195342820181113,0.00950577842176,0.727802037845706,4.0
1xA10,TencentARC/Mistral_Pro_8B_v0.1,8.0,AWQ.4bit,Eager,AWQ.GEMM,pytorch,0.771,1.375,0.021250324254215306,0.009512696746666667,0.7272727272727273,4.0
1xA10,TencentARC/Mistral_Pro_8B_v0.1,8.0,AWQ.4bit,SDPA,AWQ.GEMM,pytorch,0.768,1.382,0.021333333333333333,0.009561125021013334,0.7235890014471781,4.0
1xA10,TencentARC/Mistral_Pro_8B_v0.1,8.0,GPTQ.4bit,FAv2,GPTQ.ExllamaV2,pytorch,0.437,2.571,0.03749199084668192,0.017787013335040004,0.3889537145079735,4.0
1xA10,TencentARC/Mistral_Pro_8B_v0.1,8.0,GPTQ.4bit,FAv2,GPTQ.ExllamaV1,pytorch,0.437,2.572,0.03749199084668192,0.017793931659946666,0.38880248833592534,4.0
1xA10,TencentARC/Mistral_Pro_8B_v0.1,8.0,GPTQ.4bit,Eager,GPTQ.ExllamaV2,pytorch,0.428,2.679,0.0382803738317757,0.01853419242496,0.3732736095558044,4.0
1xA10,TencentARC/Mistral_Pro_8B_v0.1,8.0,GPTQ.4bit,Eager,GPTQ.ExllamaV1,pytorch,0.428,2.68,0.0382803738317757,0.01854111074986667,0.3731343283582089,4.0
1xA10,TencentARC/Mistral_Pro_8B_v0.1,8.0,GPTQ.4bit,SDPA,GPTQ.ExllamaV2,pytorch,0.424,2.682,0.038641509433962266,0.01855494739968,0.37285607755406414,4.0
1xA10,TencentARC/Mistral_Pro_8B_v0.1,8.0,GPTQ.4bit,SDPA,GPTQ.ExllamaV1,pytorch,0.424,2.682,0.038641509433962266,0.01855494739968,0.37285607755406414,4.0
1xA10,TencentARC/Mistral_Pro_8B_v0.1,8.0,BnB.8bit,FAv2,No Kernel,pytorch,0.143,6.921,0.11457342657342658,0.09402172667904,0.14448779078167895,8.0
1xA10,TencentARC/Mistral_Pro_8B_v0.1,8.0,BnB.8bit,SDPA,No Kernel,pytorch,0.143,7.027,0.11457342657342658,0.09546173578581334,0.14230823964707556,8.0
1xA10,TencentARC/Mistral_Pro_8B_v0.1,8.0,BnB.8bit,Eager,No Kernel,pytorch,0.14,7.134,0.11702857142857141,0.09691532988415999,0.14017381553125877,8.0
1xA10,TencentARC/Mistral_Pro_8B_v0.1,8.0,BnB.4bit,FAv2,No Kernel,pytorch,0.435,11.999,0.037664367816091955,0.08301298055509333,0.08334027835652971,4.0
1xA10,TencentARC/Mistral_Pro_8B_v0.1,8.0,BnB.4bit,Eager,No Kernel,pytorch,0.424,12.075,0.038641509433962266,0.083538773248,0.08281573498964803,4.0
1xA10,TencentARC/Mistral_Pro_8B_v0.1,8.0,BnB.4bit,SDPA,No Kernel,pytorch,0.42,12.565,0.039009523809523806,0.08692875245226667,0.07958615200955034,4.0
1xA10,TencentARC/Mistral_Pro_8B_v0.1,8.0,Unquantized,FAv2,No Kernel,pytorch,0.109,16.489,0.30062385321100915,0.44385625938602663,0.060646491600460914,16.0
1xA10,TencentARC/Mistral_Pro_8B_v0.1,8.0,Unquantized,FAv2,No Kernel,pytorch,0.109,16.54,0.30062385321100915,0.44522909395626664,0.060459492140266025,16.0
1xA10,TencentARC/Mistral_Pro_8B_v0.1,8.0,Unquantized,FAv2,No Kernel,pytorch,0.109,17.127,0.30062385321100915,0.46103015067647996,0.05838734162433585,16.0
1xA10,TencentARC/Mistral_Pro_8B_v0.1,8.0,Unquantized,FAv2,No Kernel,pytorch,0.109,17.257,0.30062385321100915,0.4645295329143468,0.057947499565393745,16.0
1xA10,TencentARC/Mistral_Pro_8B_v0.1,8.0,Unquantized,Eager,No Kernel,pytorch,0.106,21.493,0.30913207547169813,0.5785555572189865,0.0465267761596799,16.0
1xA10,TencentARC/Mistral_Pro_8B_v0.1,8.0,Unquantized,Eager,No Kernel,pytorch,0.106,21.503,0.30913207547169813,0.5788247404680533,0.046505138817839374,16.0
1xA10,TencentARC/Mistral_Pro_8B_v0.1,8.0,Unquantized,Eager,No Kernel,pytorch,0.105,21.537,0.31207619047619045,0.57973996351488,0.04643172215257464,16.0
1xA10,TencentARC/Mistral_Pro_8B_v0.1,8.0,Unquantized,Eager,No Kernel,pytorch,0.104,21.591,0.3150769230769231,0.58119355305984,0.0463155944606549,16.0
1xA10,TencentARC/Mistral_Pro_8B_v0.1,8.0,Unquantized,SDPA,No Kernel,pytorch,0.1,21.758,0.32768,0.5856889133192533,0.04596010662744738,16.0
1xA10,TencentARC/Mistral_Pro_8B_v0.1,8.0,Unquantized,SDPA,No Kernel,pytorch,0.1,21.761,0.32768,0.5857696682939733,0.04595377050687009,16.0
1xA10,TencentARC/Mistral_Pro_8B_v0.1,8.0,Unquantized,SDPA,No Kernel,pytorch,0.1,21.766,0.32768,0.5859042599185066,0.04594321418726455,16.0
1xA10,TencentARC/Mistral_Pro_8B_v0.1,8.0,Unquantized,SDPA,No Kernel,pytorch,0.1,21.81,0.32768,0.5870886662143999,0.04585052728106374,16.0
1xA10,TencentARC/Mistral_Pro_8B_v0.1,8.0,AWQ.4bit,FAv2,AWQ.GEMV,pytorch,0.142,22.038,0.11538028169014085,0.15246604429312,0.04537616843633724,4.0
1xA10,TencentARC/Mistral_Pro_8B_v0.1,8.0,AWQ.4bit,FAv2,No Kernel,pytorch,1.661,22.501,0.009863937387116195,0.15566922872490666,0.04444246922359006,4.0
1xA10,TencentARC/Mistral_Pro_8B_v0.1,8.0,AWQ.4bit,FAv2,No Kernel,pytorch,0.151,22.946,0.10850331125827814,0.15874788330837333,0.04358058049333217,4.0
1xA10,TencentARC/Mistral_Pro_8B_v0.1,8.0,GPTQ.4bit,FAv2,GPTQ.ExllamaV1,pytorch,0.148,23.121,0.1107027027027027,0.15995859016704,0.043250724449634535,4.0
1xA10,TencentARC/Mistral_Pro_8B_v0.1,8.0,AWQ.4bit,Eager,AWQ.GEMV,pytorch,0.138,23.348,0.1187246376811594,0.16152904992085332,0.042830221003940384,4.0
1xA10,TencentARC/Mistral_Pro_8B_v0.1,8.0,GPTQ.4bit,FAv2,GPTQ.ExllamaV2,pytorch,0.148,23.687,0.1107027027027027,0.16387436206421335,0.04221724996833706,4.0
1xA10,TencentARC/Mistral_Pro_8B_v0.1,8.0,AWQ.4bit,Eager,No Kernel,pytorch,0.147,23.816,0.11145578231292518,0.16476682597717335,0.041988579106483036,4.0
1xA10,TencentARC/Mistral_Pro_8B_v0.1,8.0,GPTQ.4bit,Eager,GPTQ.ExllamaV2,pytorch,0.144,24.353,0.11377777777777778,0.16848196645205335,0.04106270274709481,4.0
1xA10,TencentARC/Mistral_Pro_8B_v0.1,8.0,AWQ.4bit,Eager,No Kernel,pytorch,1.655,24.691,0.009899697885196375,0.17082036027050665,0.04050058725851525,4.0
1xA10,TencentARC/Mistral_Pro_8B_v0.1,8.0,GPTQ.4bit,Eager,GPTQ.ExllamaV1,pytorch,0.144,24.985,0.11377777777777778,0.17285434779306666,0.04002401440864519,4.0
1xA10,TencentARC/Mistral_Pro_8B_v0.1,8.0,AWQ.4bit,SDPA,AWQ.GEMV,pytorch,0.133,25.598,0.12318796992481203,0.1770952809608533,0.03906555199624971,4.0
1xA10,TencentARC/Mistral_Pro_8B_v0.1,8.0,AWQ.4bit,SDPA,No Kernel,pytorch,0.143,26.791,0.11457342657342658,0.18534884257450665,0.037325967675711995,4.0
1xA10,TencentARC/Mistral_Pro_8B_v0.1,8.0,GPTQ.4bit,SDPA,GPTQ.ExllamaV2,pytorch,0.14,26.941,0.11702857142857141,0.18638659131050667,0.037118147062098664,4.0
1xA10,TencentARC/Mistral_Pro_8B_v0.1,8.0,AWQ.4bit,SDPA,No Kernel,pytorch,1.652,27.398,0.00991767554479419,0.18954826579285333,0.03649901452660778,4.0
1xA10,TencentARC/Mistral_Pro_8B_v0.1,8.0,GPTQ.4bit,SDPA,GPTQ.ExllamaV1,pytorch,0.14,28.19,0.11702857142857141,0.19502757911893331,0.0354735721887194,4.0
1xA10,stabilityai/stablelm-2-12b,12.0,AWQ.4bit,Eager,AWQ.GEMM,pytorch,1.017,1.059,0.024165191740412983,0.01085650607616,0.9442870632672333,6.0
1xA10,stabilityai/stablelm-2-12b,12.0,AWQ.4bit,SDPA,AWQ.GEMM,pytorch,1.013,1.064,0.024260612043435343,0.01090776436736,0.9398496240601504,6.0
1xA10,stabilityai/stablelm-2-12b,12.0,AWQ.4bit,FAv2,AWQ.GEMM,pytorch,1.012,1.065,0.024284584980237153,0.010918016025599999,0.9389671361502347,6.0
1xA10,stabilityai/stablelm-2-12b,12.0,GPTQ.4bit,Eager,GPTQ.ExllamaV2,pytorch,0.553,2.088,0.04444122965641952,0.02140546240512,0.4789272030651341,6.0
1xA10,stabilityai/stablelm-2-12b,12.0,GPTQ.4bit,Eager,GPTQ.ExllamaV1,pytorch,0.553,2.088,0.04444122965641952,0.02140546240512,0.4789272030651341,6.0
1xA10,stabilityai/stablelm-2-12b,12.0,GPTQ.4bit,SDPA,GPTQ.ExllamaV2,pytorch,0.548,2.09,0.04484671532846715,0.021425965721599997,0.47846889952153115,6.0
1xA10,stabilityai/stablelm-2-12b,12.0,GPTQ.4bit,SDPA,GPTQ.ExllamaV1,pytorch,0.548,2.09,0.04484671532846715,0.021425965721599997,0.47846889952153115,6.0
1xA10,stabilityai/stablelm-2-12b,12.0,GPTQ.4bit,FAv2,GPTQ.ExllamaV2,pytorch,0.547,2.095,0.044928702010968914,0.021477224012800004,0.477326968973747,6.0
1xA10,stabilityai/stablelm-2-12b,12.0,GPTQ.4bit,FAv2,GPTQ.ExllamaV1,pytorch,0.547,2.095,0.044928702010968914,0.021477224012800004,0.477326968973747,6.0
1xA10,stabilityai/stablelm-2-12b,12.0,BnB.8bit,Eager,No Kernel,pytorch,0.23,4.882,0.10685217391304348,0.09886859552768,0.20483408439164277,12.0
1xA10,stabilityai/stablelm-2-12b,12.0,BnB.8bit,SDPA,No Kernel,pytorch,0.22,5.118,0.11170909090909091,0.10364798687232,0.19538882375928096,12.0
1xA10,stabilityai/stablelm-2-12b,12.0,BnB.8bit,FAv2,No Kernel,pytorch,0.216,5.221,0.11377777777777778,0.10573390767104002,0.1915341888527102,12.0
1xA10,stabilityai/stablelm-2-12b,12.0,BnB.4bit,Eager,No Kernel,pytorch,0.529,7.113,0.04645746691871456,0.07292004506112,0.14058765640376775,6.0
1xA10,stabilityai/stablelm-2-12b,12.0,BnB.4bit,SDPA,No Kernel,pytorch,0.524,7.34,0.04690076335877862,0.0752471714816,0.1362397820163488,6.0
1xA10,stabilityai/stablelm-2-12b,12.0,BnB.4bit,FAv2,No Kernel,pytorch,0.523,7.454,0.04699043977055449,0.07641586052096,0.13415615776764153,6.0
1xA10,stabilityai/stablelm-2-12b,12.0,AWQ.4bit,Eager,AWQ.GEMV,pytorch,0.183,13.919,0.13429508196721313,0.14269283104256,0.07184424168402902,6.0
1xA10,stabilityai/stablelm-2-12b,12.0,AWQ.4bit,Eager,No Kernel,pytorch,2.136,14.324,0.01150561797752809,0.14684475262976002,0.06981290142418319,6.0
1xA10,stabilityai/stablelm-2-12b,12.0,AWQ.4bit,Eager,No Kernel,pytorch,0.191,14.419,0.12867015706806284,0.14781866016256,0.06935293709688604,6.0
1xA10,stabilityai/stablelm-2-12b,12.0,AWQ.4bit,FAv2,No Kernel,pytorch,2.135,14.599,0.011511007025761126,0.14966395864576,0.06849784231796699,6.0
1xA10,stabilityai/stablelm-2-12b,12.0,AWQ.4bit,FAv2,AWQ.GEMV,pytorch,0.182,14.642,0.13503296703296702,0.15010477995008,0.06829668078131403,6.0
1xA10,stabilityai/stablelm-2-12b,12.0,AWQ.4bit,FAv2,No Kernel,pytorch,0.189,15.013,0.13003174603174603,0.15390814515711998,0.06660893891960301,6.0
1xA10,stabilityai/stablelm-2-12b,12.0,AWQ.4bit,SDPA,AWQ.GEMV,pytorch,0.179,15.026,0.13729608938547486,0.15404141671424,0.0665513110608279,6.0
1xA10,stabilityai/stablelm-2-12b,12.0,AWQ.4bit,SDPA,No Kernel,pytorch,0.187,15.258,0.13142245989304813,0.15641980142592,0.06553938917289291,6.0
1xA10,stabilityai/stablelm-2-12b,12.0,AWQ.4bit,SDPA,No Kernel,pytorch,2.132,15.488,0.011527204502814258,0.15877768282111998,0.06456611570247935,6.0
1xA10,01-ai/Yi-6B,6.0,AWQ.4bit,Eager,AWQ.GEMM,pytorch,0.512,2.091,0.024,0.010775663715840001,0.4782400765184122,3.0
1xA10,01-ai/Yi-6B,6.0,AWQ.4bit,SDPA,AWQ.GEMM,pytorch,0.509,2.101,0.024141453831041257,0.010827197258239999,0.47596382674916704,3.0
1xA10,01-ai/Yi-6B,6.0,AWQ.4bit,FAv2,AWQ.GEMM,pytorch,0.507,2.106,0.024236686390532544,0.010852964029439999,0.47483380816714155,3.0
1xA10,01-ai/Yi-6B,6.0,GPTQ.4bit,Eager,GPTQ.ExllamaV2,pytorch,0.281,4.167,0.04372953736654804,0.02147402711808,0.23998080153587714,3.0
1xA10,01-ai/Yi-6B,6.0,GPTQ.4bit,Eager,GPTQ.ExllamaV1,pytorch,0.28,4.167,0.04388571428571428,0.02147402711808,0.23998080153587714,3.0
1xA10,01-ai/Yi-6B,6.0,GPTQ.4bit,SDPA,GPTQ.ExllamaV2,pytorch,0.277,4.174,0.044361010830324905,0.021510100597760002,0.23957834211787252,3.0
1xA10,01-ai/Yi-6B,6.0,GPTQ.4bit,SDPA,GPTQ.ExllamaV1,pytorch,0.277,4.174,0.044361010830324905,0.021510100597760002,0.23957834211787252,3.0
1xA10,01-ai/Yi-6B,6.0,GPTQ.4bit,FAv2,GPTQ.ExllamaV1,pytorch,0.277,4.185,0.044361010830324905,0.021566787494399997,0.23894862604540026,3.0
1xA10,01-ai/Yi-6B,6.0,GPTQ.4bit,FAv2,GPTQ.ExllamaV2,pytorch,0.276,4.186,0.04452173913043478,0.021571940848639996,0.23889154323936934,3.0
1xA10,01-ai/Yi-6B,6.0,BnB.8bit,Eager,No Kernel,pytorch,0.124,8.071,0.09909677419354838,0.08194772207104,0.12390038409119068,6.0
1xA10,01-ai/Yi-6B,6.0,BnB.8bit,SDPA,No Kernel,pytorch,0.116,8.663,0.10593103448275862,0.08795850778112001,0.1154334526145677,6.0
1xA10,01-ai/Yi-6B,6.0,BnB.8bit,FAv2,No Kernel,pytorch,0.112,8.897,0.10971428571428571,0.09033439267328,0.11239743733842868,6.0
1xA10,01-ai/Yi-6B,6.0,BnB.8bit,Eager,No Kernel,pytorch,0.112,8.92,0.10971428571428571,0.0905679198208,0.11210762331838565,6.0
1xA10,01-ai/Yi-6B,6.0,BnB.8bit,FAv2,No Kernel,pytorch,0.113,8.957,0.10874336283185841,0.09094359392768,0.11164452383610583,6.0
1xA10,01-ai/Yi-6B,6.0,BnB.8bit,SDPA,No Kernel,pytorch,0.113,9.033,0.10874336283185841,0.09171524884992,0.11070519207350825,6.0
1xA10,01-ai/Yi-6B,6.0,BnB.4bit,Eager,No Kernel,pytorch,0.276,14.196,0.04452173913043478,0.07315701679103999,0.07044237813468583,3.0
1xA10,01-ai/Yi-6B,6.0,BnB.4bit,SDPA,No Kernel,pytorch,0.273,14.857,0.045010989010989,0.07656338394368001,0.06730833950326445,3.0
1xA10,01-ai/Yi-6B,6.0,BnB.4bit,FAv2,No Kernel,pytorch,0.272,15.036,0.04517647058823529,0.07748583435263999,0.06650704974727321,3.0
1xA10,01-ai/Yi-6B,6.0,BnB.4bit,FAv2,No Kernel,pytorch,0.275,19.401,0.044683636363636356,0.09998022561024,0.051543734859027884,3.0
1xA10,01-ai/Yi-6B,6.0,BnB.4bit,Eager,No Kernel,pytorch,0.274,19.636,0.04484671532846715,0.10119126385664,0.05092686901609289,3.0
1xA10,01-ai/Yi-6B,6.0,BnB.4bit,SDPA,No Kernel,pytorch,0.27,21.016,0.045511111111111106,0.10830289270783998,0.04758279406166731,3.0
1xA10,01-ai/Yi-6B,6.0,AWQ.4bit,Eager,AWQ.GEMM,pytorch,0.09,25.491,0.13653333333333334,0.13136415293184,0.03922953199168334,3.0
1xA10,01-ai/Yi-6B,6.0,AWQ.4bit,FAv2,AWQ.GEMM,pytorch,0.089,27.184,0.13806741573033707,0.14008878166016,0.036786344908769864,3.0
1xA10,01-ai/Yi-6B,6.0,Unquantized,FAv2,No Kernel,pytorch,0.086,27.541,0.2857674418604651,0.55504352912384,0.03630950219672488,12.0
1xA10,01-ai/Yi-6B,6.0,Unquantized,FAv2,No Kernel,pytorch,0.087,27.583,0.28248275862068967,0.55588997000192,0.036254214552441724,12.0
1xA10,01-ai/Yi-6B,6.0,Unquantized,Eager,No Kernel,pytorch,0.09,28.1,0.2730666666666667,0.566309254144,0.03558718861209964,12.0
1xA10,01-ai/Yi-6B,6.0,AWQ.4bit,SDPA,AWQ.GEMM,pytorch,0.086,28.348,0.14288372093023255,0.14608728599552,0.03527585720333004,3.0
1xA10,01-ai/Yi-6B,6.0,Unquantized,Eager,No Kernel,pytorch,0.089,28.357,0.27613483146067413,0.57148866618368,0.03526466128292838,12.0
1xA10,01-ai/Yi-6B,6.0,Unquantized,SDPA,No Kernel,pytorch,0.085,30.059,0.28912941176470586,0.60578967510016,0.03326790645064706,12.0
1xA10,01-ai/Yi-6B,6.0,Unquantized,SDPA,No Kernel,pytorch,0.085,30.391,0.28912941176470586,0.61248058870784,0.03290447829949656,12.0
1xA10,01-ai/Yi-6B,6.0,Unquantized,FAv2,No Kernel,pytorch,0.084,30.651,0.2925714285714286,0.61772046081024,0.032625362957162896,12.0
1xA10,01-ai/Yi-6B,6.0,Unquantized,FAv2,No Kernel,pytorch,0.084,30.799,0.2925714285714286,0.6207031572377599,0.032468586642423455,12.0
1xA10,01-ai/Yi-6B,6.0,Unquantized,Eager,No Kernel,pytorch,0.088,31.206,0.2792727272727273,0.62890557241344,0.03204511952829584,12.0
1xA10,01-ai/Yi-6B,6.0,Unquantized,Eager,No Kernel,pytorch,0.089,31.386,0.27613483146067413,0.6325331761766401,0.031861339450710506,12.0
1xA10,01-ai/Yi-6B,6.0,Unquantized,SDPA,No Kernel,pytorch,0.084,32.062,0.2925714285714286,0.6461568436428798,0.03118957020772254,12.0
1xA10,01-ai/Yi-6B,6.0,Unquantized,SDPA,No Kernel,pytorch,0.084,32.063,0.2925714285714286,0.6461769969971202,0.031188597448772726,12.0
1xA10,01-ai/Yi-6B,6.0,AWQ.4bit,Eager,AWQ.GEMV,pytorch,0.092,33.126,0.13356521739130434,0.17071001255423995,0.03018776791644026,3.0
1xA10,01-ai/Yi-6B,6.0,AWQ.4bit,Eager,AWQ.GEMV,pytorch,0.092,34.149,0.13356521739130434,0.17598189394175998,0.02928343436118188,3.0
1xA10,01-ai/Yi-6B,6.0,GPTQ.4bit,Eager,GPTQ.ExllamaV2,pytorch,0.097,34.33,0.12668041237113403,0.1769146510592,0.029129041654529567,3.0
1xA10,01-ai/Yi-6B,6.0,AWQ.4bit,Eager,No Kernel,pytorch,1.05,34.433,0.011702857142857143,0.17744544654592,0.02904190747248279,3.0
1xA10,01-ai/Yi-6B,6.0,AWQ.4bit,Eager,No Kernel,pytorch,0.099,34.601,0.12412121212121212,0.17831121005824002,0.028900898817953238,3.0
1xA10,01-ai/Yi-6B,6.0,AWQ.4bit,Eager,No Kernel,pytorch,0.099,35.473,0.12412121212121212,0.18280493495552,0.028190454712034504,3.0
1xA10,01-ai/Yi-6B,6.0,AWQ.4bit,Eager,No Kernel,pytorch,1.05,35.643,0.011702857142857143,0.18368100517632,0.028055999775552003,3.0
1xA10,01-ai/Yi-6B,6.0,AWQ.4bit,FAv2,AWQ.GEMV,pytorch,0.09,36.273,0.13653333333333334,0.18692761834752,0.027568715022192814,3.0
1xA10,01-ai/Yi-6B,6.0,AWQ.4bit,FAv2,AWQ.GEMV,pytorch,0.091,36.417,0.13503296703296702,0.18766970135808003,0.02745970288601477,3.0
1xA10,01-ai/Yi-6B,6.0,GPTQ.4bit,Eager,GPTQ.ExllamaV1,pytorch,0.097,36.511,0.12668041237113403,0.18815411665664,0.027389006052970337,3.0
1xA10,01-ai/Yi-6B,6.0,AWQ.4bit,FAv2,No Kernel,pytorch,0.097,37.189,0.12668041237113403,0.19164809083136,0.02688967167710882,3.0
1xA10,01-ai/Yi-6B,6.0,AWQ.4bit,FAv2,No Kernel,pytorch,1.049,37.368,0.011714013346043852,0.19257054124032003,0.026760864911153925,3.0
1xA10,01-ai/Yi-6B,6.0,AWQ.4bit,SDPA,AWQ.GEMV,pytorch,0.088,37.607,0.13963636363636364,0.19380219290367998,0.026590794267024757,3.0
1xA10,01-ai/Yi-6B,6.0,AWQ.4bit,SDPA,AWQ.GEMV,pytorch,0.088,37.923,0.13963636363636364,0.19543065284352001,0.026369221844263376,3.0
1xA10,01-ai/Yi-6B,6.0,AWQ.4bit,FAv2,No Kernel,pytorch,1.05,38.271,0.011702857142857143,0.19722402011904003,0.026129445271876876,3.0
1xA10,01-ai/Yi-6B,6.0,AWQ.4bit,SDPA,No Kernel,pytorch,0.095,38.492,0.12934736842105263,0.19836291140607998,0.025979424295957603,3.0
1xA10,01-ai/Yi-6B,6.0,GPTQ.4bit,FAv2,GPTQ.ExllamaV1,pytorch,0.095,38.504,0.12934736842105263,0.19842475165695997,0.02597132765426969,3.0
1xA10,01-ai/Yi-6B,6.0,GPTQ.4bit,FAv2,GPTQ.ExllamaV2,pytorch,0.095,38.551,0.12934736842105263,0.19866695930624,0.02593966434074343,3.0
1xA10,01-ai/Yi-6B,6.0,AWQ.4bit,FAv2,No Kernel,pytorch,0.097,38.693,0.12668041237113403,0.19939873560831997,0.025844467991626395,3.0
1xA10,01-ai/Yi-6B,6.0,AWQ.4bit,SDPA,No Kernel,pytorch,0.095,38.838,0.12934736842105263,0.20014597197312,0.02574797878366548,3.0
1xA10,01-ai/Yi-6B,6.0,AWQ.4bit,SDPA,No Kernel,pytorch,1.048,39.282,0.011725190839694656,0.20243406125567998,0.025456952293671405,3.0
1xA10,01-ai/Yi-6B,6.0,GPTQ.4bit,SDPA,GPTQ.ExllamaV2,pytorch,0.093,39.966,0.13212903225806452,0.20595895555584,0.025021268077866185,3.0
1xA10,01-ai/Yi-6B,6.0,AWQ.4bit,SDPA,No Kernel,pytorch,1.048,40.624,0.011725190839694656,0.20934986264576003,0.024615990547459627,3.0
1xA10,01-ai/Yi-6B,6.0,GPTQ.4bit,SDPA,GPTQ.ExllamaV1,pytorch,0.093,40.647,0.13212903225806452,0.20946838979328,0.024602061652766502,3.0
1xA10,google/recurrentgemma-9b,9.0,BnB.8bit,Eager,No Kernel,pytorch,0.646,7.097,0.02853250773993808,0.10824101852927999,0.1409046075806679,9.0
1xA10,google/recurrentgemma-9b,9.0,BnB.4bit,Eager,No Kernel,pytorch,0.632,12.633,0.029164556962025315,0.09792669854592001,0.07915776141850708,4.5
1xA10,google/recurrentgemma-9b,9.0,AWQ.4bit,Eager,AWQ.GEMM,pytorch,0.566,16.394,0.03256537102473498,0.12708068518656,0.06099792607051361,4.5
1xA10,google/recurrentgemma-9b,9.0,AWQ.4bit,Eager,AWQ.GEMV,pytorch,0.549,19.727,0.033573770491803274,0.15291696210047998,0.05069194504993157,4.5
1xA10,google/recurrentgemma-9b,9.0,AWQ.4bit,Eager,No Kernel,pytorch,0.586,19.804,0.03145392491467577,0.15351383978495997,0.05049484952534842,4.5
1xA10,google/recurrentgemma-9b,9.0,Unquantized,Eager,No Kernel,pytorch,0.553,19.943,0.06666184448462929,0.6033088202803201,0.050142907285764426,18.0
1xA10,google/recurrentgemma-9b,9.0,Unquantized,Eager,No Kernel,pytorch,0.531,20.13,0.06942372881355932,0.6089658803711999,0.04967709885742673,18.0
1xA10,google/recurrentgemma-9b,9.0,GPTQ.4bit,Eager,GPTQ.ExllamaV2,pytorch,0.567,20.335,0.032507936507936507,0.15762997031040002,0.049176297024834024,4.5
1xA10,google/recurrentgemma-9b,9.0,GPTQ.4bit,Eager,GPTQ.ExllamaV2,pytorch,0.544,20.532,0.03388235294117647,0.15915704698368,0.0487044613286577,4.5
1xA10,google/recurrentgemma-9b,9.0,GPTQ.4bit,Eager,GPTQ.ExllamaV1,pytorch,0.535,20.731,0.03445233644859813,0.16069962697344004,0.048236939848536005,4.5
1xA10,google/recurrentgemma-9b,9.0,Unquantized,Eager,No Kernel,pytorch,0.539,20.745,0.06839332096474952,0.6275706501888,0.048204386599180526,18.0
1xA10,google/recurrentgemma-9b,9.0,AWQ.4bit,Eager,No Kernel,pytorch,1.587,20.815,0.01161436672967864,0.16135076626560002,0.048042277203939464,4.5
1xA10,google/recurrentgemma-9b,9.0,GPTQ.4bit,Eager,GPTQ.ExllamaV1,pytorch,0.529,20.985,0.034843100189035914,0.1626685481664,0.04765308553728854,4.5
1xA10,google/recurrentgemma-9b,9.0,Unquantized,Eager,No Kernel,pytorch,0.531,21.026,0.06942372881355932,0.63607136615424,0.04756016360696281,18.0
1xA10,meta-llama/Meta-Llama-3-8B,8.0,AWQ.4bit,Eager,AWQ.GEMM,pytorch,0.626,1.704,0.02617252396166134,0.011788825640959998,0.5868544600938967,4.0
1xA10,meta-llama/Meta-Llama-3-8B,8.0,AWQ.4bit,SDPA,AWQ.GEMM,pytorch,0.622,1.709,0.026340836012861735,0.011823417265493335,0.5851375073142188,4.0
1xA10,meta-llama/Meta-Llama-3-8B,8.0,AWQ.4bit,FAv2,AWQ.GEMM,pytorch,0.623,1.711,0.026298555377207062,0.011837253915306666,0.5844535359438925,4.0
1xA10,meta-llama/Meta-Llama-3-8B,8.0,GPTQ.4bit,Eager,GPTQ.ExllamaV1,pytorch,0.347,3.322,0.047216138328530256,0.022982675339946666,0.30102347983142685,4.0
1xA10,meta-llama/Meta-Llama-3-8B,8.0,GPTQ.4bit,Eager,GPTQ.ExllamaV2,pytorch,0.347,3.323,0.047216138328530256,0.022989593664853335,0.30093289196509176,4.0
1xA10,meta-llama/Meta-Llama-3-8B,8.0,GPTQ.4bit,SDPA,GPTQ.ExllamaV2,pytorch,0.344,3.327,0.04762790697674418,0.02301726696448,0.30057108506161706,4.0
1xA10,meta-llama/Meta-Llama-3-8B,8.0,GPTQ.4bit,SDPA,GPTQ.ExllamaV1,pytorch,0.344,3.328,0.04762790697674418,0.02302418528938667,0.3004807692307692,4.0
1xA10,meta-llama/Meta-Llama-3-8B,8.0,GPTQ.4bit,FAv2,GPTQ.ExllamaV2,pytorch,0.343,3.334,0.0477667638483965,0.023065695238826667,0.29994001199760045,4.0
1xA10,meta-llama/Meta-Llama-3-8B,8.0,GPTQ.4bit,FAv2,GPTQ.ExllamaV1,pytorch,0.343,3.334,0.0477667638483965,0.023065695238826667,0.29994001199760045,4.0
1xA10,meta-llama/Meta-Llama-3-8B,8.0,BnB.8bit,Eager,No Kernel,pytorch,0.12,8.397,0.13653333333333334,0.11407317424128002,0.11909015124449207,8.0
1xA10,meta-llama/Meta-Llama-3-8B,8.0,BnB.8bit,Eager,No Kernel,pytorch,0.12,8.469,0.13653333333333334,0.11505129363456,0.1180776951233912,8.0
1xA10,meta-llama/Meta-Llama-3-8B,8.0,BnB.8bit,FAv2,No Kernel,pytorch,0.115,8.621,0.1424695652173913,0.11711621235370667,0.11599582415033058,8.0
1xA10,meta-llama/Meta-Llama-3-8B,8.0,BnB.8bit,SDPA,No Kernel,pytorch,0.115,8.635,0.1424695652173913,0.11730640223573333,0.11580775911986103,8.0
1xA10,meta-llama/Meta-Llama-3-8B,8.0,BnB.8bit,SDPA,No Kernel,pytorch,0.119,8.728,0.13768067226890757,0.11856980645205334,0.11457378551787352,8.0
1xA10,meta-llama/Meta-Llama-3-8B,8.0,BnB.8bit,FAv2,No Kernel,pytorch,0.115,8.772,0.1424695652173913,0.11916754608128,0.11399908800729594,8.0
1xA10,meta-llama/Meta-Llama-3-8B,8.0,BnB.4bit,Eager,No Kernel,pytorch,0.344,13.838,0.04762790697674418,0.09573578005845335,0.07226477814713109,4.0
1xA10,meta-llama/Meta-Llama-3-8B,8.0,BnB.4bit,SDPA,No Kernel,pytorch,0.34,15.091,0.04818823529411765,0.10440444116650667,0.0662646610562587,4.0
1xA10,meta-llama/Meta-Llama-3-8B,8.0,BnB.4bit,FAv2,No Kernel,pytorch,0.34,15.124,0.04818823529411765,0.10463274588842668,0.06612007405448293,4.0
1xA10,meta-llama/Meta-Llama-3-8B,8.0,BnB.4bit,Eager,No Kernel,pytorch,0.339,17.527,0.04833038348082596,0.12125748063914668,0.05705482969133337,4.0
1xA10,meta-llama/Meta-Llama-3-8B,8.0,BnB.4bit,FAv2,No Kernel,pytorch,0.34,17.936,0.04818823529411765,0.12408707552597333,0.05575379125780553,4.0
1xA10,meta-llama/Meta-Llama-3-8B,8.0,BnB.4bit,SDPA,No Kernel,pytorch,0.335,18.305,0.04890746268656716,0.12663993741653334,0.054629882545752524,4.0
1xA10,meta-llama/Meta-Llama-3-8B,8.0,Unquantized,FAv2,No Kernel,pytorch,0.084,22.947,0.3900952380952381,0.6176948016332799,0.04357868130910359,16.0
1xA10,meta-llama/Meta-Llama-3-8B,8.0,Unquantized,FAv2,No Kernel,pytorch,0.084,23.043,0.3900952380952381,0.62027896082432,0.043397127110185306,16.0
1xA10,meta-llama/Meta-Llama-3-8B,8.0,AWQ.4bit,Eager,AWQ.GEMM,pytorch,0.108,24.822,0.1517037037037037,0.17172666083328,0.04028684231729917,4.0
1xA10,meta-llama/Meta-Llama-3-8B,8.0,AWQ.4bit,FAv2,AWQ.GEMM,pytorch,0.107,25.205,0.1531214953271028,0.17437637927253333,0.03967466772465781,4.0
1xA10,meta-llama/Meta-Llama-3-8B,8.0,Unquantized,Eager,No Kernel,pytorch,0.089,25.21,0.3681797752808989,0.6786109708970668,0.03966679888932963,16.0
1xA10,meta-llama/Meta-Llama-3-8B,8.0,Unquantized,Eager,No Kernel,pytorch,0.087,25.269,0.37664367816091954,0.68019915206656,0.03957418180379121,16.0
1xA10,meta-llama/Meta-Llama-3-8B,8.0,Unquantized,SDPA,No Kernel,pytorch,0.084,25.513,0.3900952380952381,0.6867672233437867,0.039195704150825066,16.0
1xA10,meta-llama/Meta-Llama-3-8B,8.0,Unquantized,SDPA,No Kernel,pytorch,0.084,25.558,0.3900952380952381,0.6879785479645867,0.039126692229438924,16.0
1xA10,meta-llama/Meta-Llama-3-8B,8.0,Unquantized,Eager,No Kernel,pytorch,0.086,25.853,0.38102325581395347,0.6959194538120534,0.03868023053417398,16.0
1xA10,meta-llama/Meta-Llama-3-8B,8.0,Unquantized,Eager,No Kernel,pytorch,0.085,25.957,0.3855058823529412,0.6987189596023466,0.03852525330354047,16.0
1xA10,meta-llama/Meta-Llama-3-8B,8.0,Unquantized,FAv2,No Kernel,pytorch,0.083,26.003,0.39479518072289155,0.6999572025480533,0.038457101103718805,16.0
1xA10,meta-llama/Meta-Llama-3-8B,8.0,Unquantized,FAv2,No Kernel,pytorch,0.083,26.056,0.39479518072289155,0.7013838737681067,0.038378876266502916,16.0
1xA10,meta-llama/Meta-Llama-3-8B,8.0,Unquantized,SDPA,No Kernel,pytorch,0.081,26.177,0.4045432098765432,0.7046409910818133,0.03820147457691867,16.0
1xA10,meta-llama/Meta-Llama-3-8B,8.0,Unquantized,SDPA,No Kernel,pytorch,0.081,26.197,0.4045432098765432,0.7051793575799467,0.03817230980646639,16.0
1xA10,meta-llama/Meta-Llama-3-8B,8.0,AWQ.4bit,SDPA,AWQ.GEMM,pytorch,0.105,26.486,0.15603809523809523,0.18323875347797333,0.037755795514611494,4.0
1xA10,meta-llama/Meta-Llama-3-8B,8.0,AWQ.4bit,Eager,AWQ.GEMV,pytorch,0.111,30.586,0.1476036036036036,0.21160388559530663,0.032694696920159555,4.0
1xA10,meta-llama/Meta-Llama-3-8B,8.0,AWQ.4bit,Eager,No Kernel,pytorch,1.325,31.52,0.012365283018867924,0.21806560105813336,0.031725888324873094,4.0
1xA10,meta-llama/Meta-Llama-3-8B,8.0,AWQ.4bit,Eager,AWQ.GEMV,pytorch,0.113,31.532,0.14499115044247787,0.21814862095701332,0.031713814537612586,4.0
1xA10,meta-llama/Meta-Llama-3-8B,8.0,AWQ.4bit,Eager,No Kernel,pytorch,0.119,31.851,0.13768067226890757,0.22035556660223998,0.03139618850271577,4.0
1xA10,meta-llama/Meta-Llama-3-8B,8.0,GPTQ.4bit,Eager,GPTQ.ExllamaV2,pytorch,0.116,32.435,0.14124137931034483,0.22439586834773334,0.030830892554339445,4.0
1xA10,meta-llama/Meta-Llama-3-8B,8.0,AWQ.4bit,Eager,No Kernel,pytorch,0.121,33.286,0.13540495867768595,0.23028336284330667,0.03004266057802079,4.0
1xA10,meta-llama/Meta-Llama-3-8B,8.0,GPTQ.4bit,Eager,GPTQ.ExllamaV1,pytorch,0.116,33.359,0.14124137931034483,0.23078840056149336,0.029976917773314547,4.0
1xA10,meta-llama/Meta-Llama-3-8B,8.0,AWQ.4bit,Eager,No Kernel,pytorch,1.328,33.955,0.01233734939759036,0.23491172220586667,0.029450743631276692,4.0
1xA10,meta-llama/Meta-Llama-3-8B,8.0,AWQ.4bit,FAv2,AWQ.GEMV,pytorch,0.11,34.126,0.14894545454545455,0.23609475576490666,0.029303170603059252,4.0
1xA10,meta-llama/Meta-Llama-3-8B,8.0,AWQ.4bit,FAv2,AWQ.GEMV,pytorch,0.112,34.326,0.1462857142857143,0.23747842074623998,0.029132436054302862,4.0
1xA10,meta-llama/Meta-Llama-3-8B,8.0,AWQ.4bit,FAv2,No Kernel,pytorch,0.118,34.428,0.13884745762711864,0.23818408988671996,0.02904612524689207,4.0
1xA10,meta-llama/Meta-Llama-3-8B,8.0,GPTQ.4bit,FAv2,GPTQ.ExllamaV1,pytorch,0.115,34.773,0.1424695652173913,0.24057091197952002,0.028757944382135563,4.0
1xA10,meta-llama/Meta-Llama-3-8B,8.0,AWQ.4bit,SDPA,AWQ.GEMV,pytorch,0.108,35.254,0.1517037037037037,0.24389862625962663,0.02836557553752766,4.0
1xA10,meta-llama/Meta-Llama-3-8B,8.0,AWQ.4bit,FAv2,No Kernel,pytorch,1.324,35.442,0.012374622356495469,0.24519927134208003,0.028215112013994695,4.0
1xA10,meta-llama/Meta-Llama-3-8B,8.0,AWQ.4bit,FAv2,No Kernel,pytorch,0.12,35.495,0.13653333333333334,0.24556594256213332,0.028172982110156362,4.0
1xA10,meta-llama/Meta-Llama-3-8B,8.0,GPTQ.4bit,FAv2,GPTQ.ExllamaV2,pytorch,0.115,35.563,0.1424695652173913,0.2460363886557867,0.02811911256080758,4.0
1xA10,meta-llama/Meta-Llama-3-8B,8.0,AWQ.4bit,FAv2,No Kernel,pytorch,1.328,35.804,0.01233734939759036,0.24770370495829336,0.027929840241313817,4.0
1xA10,meta-llama/Meta-Llama-3-8B,8.0,AWQ.4bit,SDPA,No Kernel,pytorch,0.115,36.122,0.1424695652173913,0.24990373227861334,0.027683959913626044,4.0
1xA10,meta-llama/Meta-Llama-3-8B,8.0,AWQ.4bit,SDPA,AWQ.GEMV,pytorch,0.11,36.53,0.14894545454545455,0.2527264088405334,0.027374760470845878,4.0
1xA10,meta-llama/Meta-Llama-3-8B,8.0,GPTQ.4bit,SDPA,GPTQ.ExllamaV2,pytorch,0.113,36.724,0.14499115044247787,0.25406856387242666,0.027230149221217734,4.0
1xA10,meta-llama/Meta-Llama-3-8B,8.0,AWQ.4bit,SDPA,No Kernel,pytorch,1.322,37.039,0.012393343419062028,0.25624783621802666,0.02699856907583898,4.0
1xA10,meta-llama/Meta-Llama-3-8B,8.0,GPTQ.4bit,SDPA,GPTQ.ExllamaV1,pytorch,0.113,37.169,0.14499115044247787,0.25714721845589333,0.02690414054723022,4.0
1xA10,meta-llama/Meta-Llama-3-8B,8.0,AWQ.4bit,SDPA,No Kernel,pytorch,0.118,37.315,0.13884745762711864,0.25815729389226666,0.026798874447273215,4.0
1xA10,meta-llama/Meta-Llama-3-8B,8.0,AWQ.4bit,SDPA,No Kernel,pytorch,1.326,37.895,0.012355957767722473,0.26216992233813335,0.02638870563398865,4.0
1xA10,Qwen/Qwen1.5-MoE-A2.7B,14.0,BnB.8bit,Eager,No Kernel,pytorch,0.721,1.399,0.039766990291262135,0.03319344251733333,0.7147962830593281,14.0
1xA10,Qwen/Qwen1.5-MoE-A2.7B,14.0,BnB.8bit,FAv2,No Kernel,pytorch,0.708,1.408,0.04049717514124294,0.03340698146133333,0.7102272727272728,14.0
1xA10,Qwen/Qwen1.5-MoE-A2.7B,14.0,BnB.8bit,SDPA,No Kernel,pytorch,0.714,1.414,0.04015686274509804,0.03354934075733333,0.7072135785007072,14.0
1xA10,Qwen/Qwen1.5-MoE-A2.7B,14.0,BnB.4bit,FAv2,No Kernel,pytorch,0.669,1.612,0.042857997010463375,0.019440530858666667,0.6203473945409429,7.0
1xA10,Qwen/Qwen1.5-MoE-A2.7B,14.0,BnB.4bit,Eager,No Kernel,pytorch,0.649,1.64,0.04417873651771957,0.01977820757333333,0.6097560975609756,7.0
1xA10,Qwen/Qwen1.5-MoE-A2.7B,14.0,BnB.4bit,SDPA,No Kernel,pytorch,0.649,1.659,0.04417873651771957,0.020007345344,0.6027727546714888,7.0
1xA10,Qwen/Qwen1.5-MoE-A2.7B,14.0,BnB.4bit,Eager,No Kernel,pytorch,0.62,1.743,0.04624516129032258,0.021020375488000002,0.5737234652897303,7.0
1xA10,Qwen/Qwen1.5-4B,3.0,AWQ.4bit,FAv2,AWQ.GEMM,pytorch,0.324,3.332,0.018962962962962963,0.00884097632768,0.3001200480192077,1.5
1xA10,Qwen/Qwen1.5-4B,3.0,AWQ.4bit,Eager,AWQ.GEMM,pytorch,0.32,3.369,0.0192,0.00893915043456,0.2968239833778569,1.5
1xA10,Qwen/Qwen1.5-4B,3.0,AWQ.4bit,SDPA,AWQ.GEMM,pytorch,0.315,3.42,0.019504761904761903,0.009074471500800001,0.29239766081871343,1.5
1xA10,Qwen/Qwen1.5-4B,3.0,GPTQ.4bit,FAv2,GPTQ.ExllamaV1,pytorch,0.187,6.201,0.03285561497326203,0.016453449642239996,0.16126431220770845,1.5
1xA10,Qwen/Qwen1.5-4B,3.0,GPTQ.4bit,FAv2,GPTQ.ExllamaV2,pytorch,0.188,6.21,0.032680851063829786,0.0164773298304,0.1610305958132045,1.5
1xA10,Qwen/Qwen1.5-4B,3.0,GPTQ.4bit,Eager,GPTQ.ExllamaV1,pytorch,0.175,6.77,0.035108571428571426,0.0179632082048,0.14771048744460857,1.5
1xA10,Qwen/Qwen1.5-4B,3.0,GPTQ.4bit,Eager,GPTQ.ExllamaV2,pytorch,0.176,6.773,0.03490909090909091,0.01797116826752,0.14764506127270044,1.5
1xA10,Qwen/Qwen1.5-4B,3.0,GPTQ.4bit,SDPA,GPTQ.ExllamaV1,pytorch,0.173,6.791,0.03551445086705202,0.018018928643840002,0.14725371815638344,1.5
1xA10,Qwen/Qwen1.5-4B,3.0,GPTQ.4bit,SDPA,GPTQ.ExllamaV2,pytorch,0.173,6.799,0.03551445086705202,0.01804015547776,0.14708045300779526,1.5
1xA10,Qwen/Qwen1.5-4B,3.0,BnB.8bit,FAv2,No Kernel,pytorch,0.144,6.985,0.042666666666666665,0.035996179366400004,0.14316392269148173,3.0
1xA10,Qwen/Qwen1.5-4B,3.0,BnB.8bit,FAv2,No Kernel,pytorch,0.144,7.068,0.042666666666666665,0.03642390776832,0.1414827391058291,3.0
1xA10,Qwen/Qwen1.5-4B,3.0,BnB.8bit,Eager,No Kernel,pytorch,0.144,7.126,0.042666666666666665,0.03672280231424,0.14033118158854896,3.0
1xA10,Qwen/Qwen1.5-4B,3.0,BnB.8bit,Eager,No Kernel,pytorch,0.145,7.177,0.04237241379310345,0.036985623380480004,0.13933398355858995,3.0
1xA10,Qwen/Qwen1.5-4B,3.0,BnB.8bit,SDPA,No Kernel,pytorch,0.141,7.253,0.043574468085106385,0.037377278302719995,0.13787398317937405,3.0
1xA10,Qwen/Qwen1.5-4B,3.0,BnB.8bit,SDPA,No Kernel,pytorch,0.138,7.332,0.04452173913043478,0.03778439328768,0.13638843426077468,3.0
1xA10,Qwen/Qwen1.5-4B,3.0,BnB.4bit,FAv2,No Kernel,pytorch,0.179,11.771,0.034324022346368714,0.03123263275904,0.08495454931611587,1.5
1xA10,Qwen/Qwen1.5-4B,3.0,BnB.4bit,Eager,No Kernel,pytorch,0.165,12.233,0.03723636363636364,0.03245848241792,0.08174609662388621,1.5
1xA10,Qwen/Qwen1.5-4B,3.0,BnB.4bit,SDPA,No Kernel,pytorch,0.163,12.64,0.03769325153374233,0.0335383975936,0.0791139240506329,1.5
1xA10,Qwen/Qwen1.5-4B,3.0,BnB.4bit,FAv2,No Kernel,pytorch,0.176,13.985,0.03490909090909091,0.037107159046399996,0.07150518412584912,1.5
1xA10,Qwen/Qwen1.5-4B,3.0,BnB.4bit,Eager,No Kernel,pytorch,0.163,14.847,0.03769325153374233,0.03939435040128,0.0673536741429245,1.5
1xA10,Qwen/Qwen1.5-4B,3.0,BnB.4bit,SDPA,No Kernel,pytorch,0.161,15.488,0.03816149068322981,0.04109515046911999,0.06456611570247935,1.5
1xA10,Qwen/Qwen1.5-4B,3.0,Unquantized,FAv2,No Kernel,pytorch,0.061,24.499,0.20144262295081966,0.24874702552575997,0.04081799257112535,6.0
1xA10,Qwen/Qwen1.5-4B,3.0,Unquantized,FAv2,No Kernel,pytorch,0.057,24.749,0.21557894736842106,0.25128536408576,0.04040567295648309,6.0
1xA10,Qwen/Qwen1.5-4B,3.0,Unquantized,Eager,No Kernel,pytorch,0.049,25.704,0.2507755102040816,0.26098181738496,0.03890445066915655,6.0
1xA10,Qwen/Qwen1.5-4B,3.0,Unquantized,Eager,No Kernel,pytorch,0.045,25.817,0.2730666666666667,0.26212914641408,0.03873416740907154,6.0
1xA10,Qwen/Qwen1.5-4B,3.0,Unquantized,SDPA,No Kernel,pytorch,0.117,26.17,0.10502564102564102,0.2657132804608,0.03821169277799006,6.0
1xA10,Qwen/Qwen1.5-4B,3.0,Unquantized,FAv2,No Kernel,pytorch,0.054,26.316,0.22755555555555557,0.26719567017984,0.037999696002431985,6.0
1xA10,Qwen/Qwen1.5-4B,3.0,Unquantized,SDPA,No Kernel,pytorch,0.119,26.554,0.10326050420168068,0.26961216848895997,0.03765910973864578,6.0
1xA10,Qwen/Qwen1.5-4B,3.0,GPTQ.4bit,FAv2,GPTQ.ExllamaV1,pytorch,0.073,26.747,0.08416438356164384,0.07096926585728,0.03738737054622948,1.5
1xA10,Qwen/Qwen1.5-4B,3.0,AWQ.4bit,FAv2,No Kernel,pytorch,0.073,26.837,0.08416438356164384,0.07120806773888001,0.03726198904497522,1.5
1xA10,Qwen/Qwen1.5-4B,3.0,AWQ.4bit,FAv2,No Kernel,pytorch,0.629,26.882,0.009767885532591414,0.07132746867968001,0.037199613124023506,1.5
1xA10,Qwen/Qwen1.5-4B,3.0,Unquantized,FAv2,No Kernel,pytorch,0.057,27.232,0.21557894736842106,0.27649614266368006,0.03672150411280846,6.0
1xA10,Qwen/Qwen1.5-4B,3.0,Unquantized,Eager,No Kernel,pytorch,0.045,27.288,0.2730666666666667,0.27706473050111996,0.03664614482556435,6.0
1xA10,Qwen/Qwen1.5-4B,3.0,GPTQ.4bit,FAv2,GPTQ.ExllamaV2,pytorch,0.072,27.414,0.08533333333333333,0.07273905313536,0.036477712117895966,1.5
1xA10,Qwen/Qwen1.5-4B,3.0,AWQ.4bit,Eager,No Kernel,pytorch,0.617,27.424,0.009957860615883307,0.07276558667776,0.03646441073512252,1.5
1xA10,Qwen/Qwen1.5-4B,3.0,AWQ.4bit,Eager,No Kernel,pytorch,0.063,27.71,0.09752380952380953,0.0735244459904,0.03608805485384338,1.5
1xA10,Qwen/Qwen1.5-4B,3.0,GPTQ.4bit,Eager,GPTQ.ExllamaV1,pytorch,0.062,27.713,0.09909677419354838,0.07353240605311999,0.036084148233680946,1.5
1xA10,Qwen/Qwen1.5-4B,3.0,GPTQ.4bit,Eager,GPTQ.ExllamaV2,pytorch,0.062,27.828,0.09909677419354838,0.07383754179072,0.03593502946672417,1.5
1xA10,Qwen/Qwen1.5-4B,3.0,Unquantized,SDPA,No Kernel,pytorch,0.047,27.939,0.2614468085106383,0.28367456411136005,0.035792261713017644,6.0
1xA10,Qwen/Qwen1.5-4B,3.0,Unquantized,Eager,No Kernel,pytorch,0.121,27.966,0.10155371900826446,0.28394870467584,0.0357577057855968,6.0
1xA10,Qwen/Qwen1.5-4B,3.0,Unquantized,Eager,No Kernel,pytorch,0.12,28.1,0.1024,0.28530925414400005,0.03558718861209964,6.0
1xA10,Qwen/Qwen1.5-4B,3.0,Unquantized,Eager,No Kernel,pytorch,0.049,28.724,0.2507755102040816,0.29164494718976,0.03481409274474307,6.0
1xA10,Qwen/Qwen1.5-4B,3.0,Unquantized,SDPA,No Kernel,pytorch,0.042,28.899,0.2925714285714286,0.29342178418176,0.03460327346967023,6.0
1xA10,Qwen/Qwen1.5-4B,3.0,Unquantized,SDPA,No Kernel,pytorch,0.042,30.481,0.2925714285714286,0.30948439058944,0.03280732259440307,6.0
1xA10,Qwen/Qwen1.5-4B,3.0,Unquantized,SDPA,No Kernel,pytorch,0.047,30.754,0.2614468085106383,0.31225625629696,0.03251609546725629,6.0
1xA10,Qwen/Qwen1.5-4B,3.0,AWQ.4bit,SDPA,No Kernel,pytorch,0.06,31.183,0.1024,0.08273954526591999,0.03206875541160248,1.5
1xA10,Qwen/Qwen1.5-4B,3.0,GPTQ.4bit,SDPA,GPTQ.ExllamaV2,pytorch,0.06,31.462,0.1024,0.08347983109888,0.03178437480134766,1.5
1xA10,Qwen/Qwen1.5-4B,3.0,GPTQ.4bit,SDPA,GPTQ.ExllamaV1,pytorch,0.06,31.639,0.1024,0.08394947479935999,0.031606561522172005,1.5
1xA10,Qwen/Qwen1.5-4B,3.0,AWQ.4bit,SDPA,No Kernel,pytorch,0.616,32.083,0.009974025974025974,0.08512756408192,0.031169155004207836,1.5
1xA10,meta-llama/Llama-2-13b-hf,13.0,AWQ.4bit,Eager,AWQ.GEMM,pytorch,1.102,0.982,0.02415970961887477,0.011024471445333334,1.0183299389002036,6.5
1xA10,meta-llama/Llama-2-13b-hf,13.0,AWQ.4bit,FAv2,AWQ.GEMM,pytorch,1.095,0.983,0.024314155251141552,0.011035697994666667,1.017293997965412,6.5
1xA10,meta-llama/Llama-2-13b-hf,13.0,AWQ.4bit,SDPA,AWQ.GEMM,pytorch,1.095,0.983,0.024314155251141552,0.011035697994666667,1.017293997965412,6.5
1xA10,meta-llama/Llama-2-13b-hf,13.0,GPTQ.4bit,Eager,GPTQ.ExllamaV2,pytorch,0.622,1.861,0.04280385852090032,0.020892608309333337,0.537345513164965,6.5
1xA10,meta-llama/Llama-2-13b-hf,13.0,GPTQ.4bit,Eager,GPTQ.ExllamaV1,pytorch,0.622,1.861,0.04280385852090032,0.020892608309333337,0.537345513164965,6.5
1xA10,meta-llama/Llama-2-13b-hf,13.0,GPTQ.4bit,FAv2,GPTQ.ExllamaV1,pytorch,0.616,1.862,0.04322077922077922,0.020903834858666665,0.5370569280343717,6.5
1xA10,meta-llama/Llama-2-13b-hf,13.0,GPTQ.4bit,FAv2,GPTQ.ExllamaV2,pytorch,0.616,1.863,0.04322077922077922,0.020915061407999997,0.5367686527106817,6.5
1xA10,meta-llama/Llama-2-13b-hf,13.0,GPTQ.4bit,SDPA,GPTQ.ExllamaV2,pytorch,0.616,1.863,0.04322077922077922,0.020915061407999997,0.5367686527106817,6.5
1xA10,meta-llama/Llama-2-13b-hf,13.0,GPTQ.4bit,SDPA,GPTQ.ExllamaV1,pytorch,0.616,1.864,0.04322077922077922,0.020926287957333336,0.5364806866952789,6.5
1xA10,meta-llama/Llama-2-13b-hf,13.0,BnB.8bit,Eager,No Kernel,pytorch,0.145,6.974,0.18361379310344828,0.15384562171733332,0.14338973329509608,13.0
1xA10,meta-llama/Llama-2-13b-hf,13.0,BnB.8bit,SDPA,No Kernel,pytorch,0.142,7.111,0.18749295774647887,0.15686782564266666,0.14062719729995782,13.0
1xA10,meta-llama/Llama-2-13b-hf,13.0,BnB.8bit,FAv2,No Kernel,pytorch,0.144,7.12,0.18488888888888888,0.15706636458666665,0.1404494382022472,13.0
1xA10,meta-llama/Llama-2-13b-hf,13.0,BnB.4bit,Eager,No Kernel,pytorch,0.59,12.193,0.045125423728813556,0.1368853160213333,0.08201427048306406,6.5
1xA10,meta-llama/Llama-2-13b-hf,13.0,BnB.4bit,SDPA,No Kernel,pytorch,0.584,12.414,0.04558904109589041,0.139366383424,0.08055421298533913,6.5
1xA10,meta-llama/Llama-2-13b-hf,13.0,BnB.4bit,FAv2,No Kernel,pytorch,0.584,12.556,0.04558904109589041,0.14096055342933334,0.07964319847085059,6.5
1xA10,meta-llama/Llama-2-13b-hf,13.0,AWQ.4bit,Eager,AWQ.GEMV,pytorch,0.2,27.595,0.13312,0.3097966288533333,0.03623844899438304,6.5
1xA10,meta-llama/Llama-2-13b-hf,13.0,AWQ.4bit,FAv2,AWQ.GEMV,pytorch,0.198,28.472,0.13446464646464645,0.31964231261866666,0.03512222534419781,6.5
1xA10,meta-llama/Llama-2-13b-hf,13.0,AWQ.4bit,Eager,No Kernel,pytorch,0.203,29.681,0.1311527093596059,0.33321521076266664,0.033691587210673495,6.5
1xA10,meta-llama/Llama-2-13b-hf,13.0,AWQ.4bit,Eager,No Kernel,pytorch,2.422,29.961,0.010992568125516102,0.336358644576,0.03337672307332866,6.5
1xA10,meta-llama/Llama-2-13b-hf,13.0,AWQ.4bit,FAv2,No Kernel,pytorch,2.421,30.261,0.010997108632796366,0.33972660937599997,0.033045834572552134,6.5
1xA10,meta-llama/Llama-2-13b-hf,13.0,AWQ.4bit,FAv2,No Kernel,pytorch,0.2,30.665,0.13312,0.34426213530666666,0.03261046796021523,6.5
1xA10,meta-llama/Llama-2-13b-hf,13.0,AWQ.4bit,SDPA,AWQ.GEMV,pytorch,0.194,32.201,0.13723711340206185,0.36150611508266667,0.031054936182106144,6.5
1xA10,meta-llama/Llama-2-13b-hf,13.0,AWQ.4bit,SDPA,No Kernel,pytorch,0.197,33.249,0.1351472081218274,0.373271538784,0.03007609251406057,6.5
1xA10,meta-llama/Llama-2-13b-hf,13.0,AWQ.4bit,SDPA,No Kernel,pytorch,2.417,35.06,0.011015308233347124,0.3936028196266667,0.028522532800912718,6.5
1xA10,google/gemma-2-2b,2.0,BnB.8bit,FAv2,No Kernel,pytorch,0.121,8.257,0.03385123966942149,0.02823762592597333,0.12110936175366356,2.0
1xA10,google/gemma-2-2b,2.0,BnB.8bit,Eager,No Kernel,pytorch,0.114,8.979,0.035929824561403506,0.030706751022079995,0.11137097672346588,2.0
1xA10,google/gemma-2-2b,2.0,BnB.8bit,SDPA,No Kernel,pytorch,0.112,8.999,0.036571428571428574,0.03077514783914667,0.11112345816201799,2.0
1xA10,google/gemma-2-2b,2.0,BnB.4bit,FAv2,No Kernel,pytorch,0.13,13.945,0.031507692307692306,0.024448014033066668,0.07171029042667623,1.0
1xA10,google/gemma-2-2b,2.0,BnB.4bit,Eager,No Kernel,pytorch,0.112,15.956,0.036571428571428574,0.02797364732245333,0.06267234895963901,1.0
1xA10,google/gemma-2-2b,2.0,BnB.4bit,SDPA,No Kernel,pytorch,0.112,16.368,0.036571428571428574,0.028695955087359993,0.0610948191593353,1.0
1xA10,google/gemma-2-2b,2.0,AWQ.4bit,FAv2,AWQ.GEMM,pytorch,0.064,17.204,0.064,0.030161608707413332,0.05812601720530109,1.0
1xA10,google/gemma-2-2b,2.0,Unquantized,FAv2,No Kernel,pytorch,0.053,19.32,0.15456603773584907,0.13047132528640001,0.05175983436853002,4.0
1xA10,google/gemma-2-2b,2.0,AWQ.4bit,FAv2,AWQ.GEMV,pytorch,0.065,19.325,0.06301538461538461,0.03388009115733333,0.0517464424320828,1.0
1xA10,google/gemma-2-2b,2.0,Unquantized,FAv2,No Kernel,pytorch,0.053,19.434,0.15456603773584907,0.13124118714368002,0.05145621076463929,4.0
1xA10,google/gemma-2-2b,2.0,AWQ.4bit,Eager,AWQ.GEMM,pytorch,0.053,19.66,0.07728301886792453,0.03446740450986667,0.0508646998982706,1.0
1xA10,google/gemma-2-2b,2.0,GPTQ.4bit,FAv2,GPTQ.ExllamaV2,pytorch,0.062,20.093,0.06606451612903226,0.03522652893269333,0.049768576121037175,1.0
1xA10,google/gemma-2-2b,2.0,AWQ.4bit,FAv2,No Kernel,pytorch,0.062,20.194,0.06606451612903226,0.03540359952554666,0.04951965930474399,1.0
1xA10,google/gemma-2-2b,2.0,GPTQ.4bit,FAv2,GPTQ.ExllamaV1,pytorch,0.062,20.402,0.06606451612903226,0.035768259756373336,0.04901480247034604,1.0
1xA10,google/gemma-2-2b,2.0,AWQ.4bit,FAv2,No Kernel,pytorch,0.407,20.438,0.010063882063882064,0.03583137402709333,0.04892846658185733,1.0
1xA10,google/gemma-2-2b,2.0,AWQ.4bit,SDPA,AWQ.GEMM,pytorch,0.05,21.158,0.08192,0.037093659441493336,0.04726344645051517,1.0
1xA10,google/gemma-2-2b,2.0,Unquantized,Eager,No Kernel,pytorch,0.046,22.394,0.17808695652173914,0.15123058273621331,0.044654818254889705,4.0
1xA10,google/gemma-2-2b,2.0,Unquantized,Eager,No Kernel,pytorch,0.046,22.677,0.17808695652173914,0.15314173103104,0.044097543766812186,4.0
1xA10,google/gemma-2-2b,2.0,AWQ.4bit,Eager,AWQ.GEMV,pytorch,0.051,23.017,0.08031372549019608,0.04035281025450666,0.04344614849893557,1.0
1xA10,google/gemma-2-2b,2.0,AWQ.4bit,Eager,No Kernel,pytorch,0.048,23.479,0.08533333333333333,0.041162776728746665,0.04259125175688914,1.0
1xA10,google/gemma-2-2b,2.0,Unquantized,SDPA,No Kernel,pytorch,0.043,23.686,0.19051162790697673,0.15995568378538666,0.04221903233977877,4.0
1xA10,google/gemma-2-2b,2.0,GPTQ.4bit,Eager,GPTQ.ExllamaV2,pytorch,0.048,23.861,0.08533333333333333,0.04183248926805334,0.041909391894723605,1.0
1xA10,google/gemma-2-2b,2.0,AWQ.4bit,Eager,No Kernel,pytorch,0.396,23.944,0.010343434343434344,0.041978002725546665,0.0417641162712997,1.0
1xA10,google/gemma-2-2b,2.0,Unquantized,SDPA,No Kernel,pytorch,0.044,24.169,0.18618181818181817,0.16321746691754666,0.041375315486780584,4.0
1xA10,google/gemma-2-2b,2.0,GPTQ.4bit,Eager,GPTQ.ExllamaV1,pytorch,0.047,24.528,0.08714893617021277,0.04300185645056,0.04076973255055447,1.0
1xA10,google/gemma-2-2b,2.0,AWQ.4bit,SDPA,AWQ.GEMV,pytorch,0.05,25.014,0.08192,0.04385389910528,0.03997761253697929,1.0
1xA10,google/gemma-2-2b,2.0,GPTQ.4bit,SDPA,GPTQ.ExllamaV1,pytorch,0.047,25.508,0.08714893617021277,0.044719967153493335,0.03920338717265172,1.0
1xA10,google/gemma-2-2b,2.0,Unquantized,Eager,No Kernel,pytorch,0.081,25.668,0.1011358024691358,0.17334047502335997,0.03895901511609787,4.0
1xA10,google/gemma-2-2b,2.0,GPTQ.4bit,SDPA,GPTQ.ExllamaV2,pytorch,0.047,25.712,0.08714893617021277,0.04507761468757333,0.0388923459863099,1.0
1xA10,google/gemma-2-2b,2.0,AWQ.4bit,SDPA,No Kernel,pytorch,0.047,25.763,0.08714893617021277,0.04516702657109334,0.038815355354578265,1.0
1xA10,google/gemma-2-2b,2.0,AWQ.4bit,SDPA,No Kernel,pytorch,0.395,26.05,0.010369620253164557,0.04567018756266667,0.03838771593090211,1.0
1xA10,google/gemma-2-2b,2.0,Unquantized,SDPA,No Kernel,pytorch,0.081,26.724,0.1011358024691358,0.18047182696448,0.0374195479718605,4.0
1xA10,google/gemma-2-2b,2.0,BnB.8bit,FAv2,No Kernel,pytorch,0.121,8.257,0.03385123966942149,0.02823762592597333,0.12110936175366356,2.0
1xA10,google/gemma-2-2b,2.0,BnB.8bit,Eager,No Kernel,pytorch,0.114,8.979,0.035929824561403506,0.030706751022079995,0.11137097672346588,2.0
1xA10,google/gemma-2-2b,2.0,BnB.8bit,SDPA,No Kernel,pytorch,0.112,8.999,0.036571428571428574,0.03077514783914667,0.11112345816201799,2.0
1xA10,google/gemma-2-2b,2.0,BnB.4bit,FAv2,No Kernel,pytorch,0.13,13.945,0.031507692307692306,0.024448014033066668,0.07171029042667623,1.0
1xA10,google/gemma-2-2b,2.0,BnB.4bit,Eager,No Kernel,pytorch,0.112,15.956,0.036571428571428574,0.02797364732245333,0.06267234895963901,1.0
1xA10,google/gemma-2-2b,2.0,BnB.4bit,SDPA,No Kernel,pytorch,0.112,16.368,0.036571428571428574,0.028695955087359993,0.0610948191593353,1.0
1xA10,google/gemma-2-2b,2.0,AWQ.4bit,FAv2,AWQ.GEMM,pytorch,0.064,17.204,0.064,0.030161608707413332,0.05812601720530109,1.0
1xA10,google/gemma-2-2b,2.0,Unquantized,FAv2,No Kernel,pytorch,0.053,19.32,0.15456603773584907,0.13047132528640001,0.05175983436853002,4.0
1xA10,google/gemma-2-2b,2.0,AWQ.4bit,FAv2,AWQ.GEMV,pytorch,0.065,19.325,0.06301538461538461,0.03388009115733333,0.0517464424320828,1.0
1xA10,google/gemma-2-2b,2.0,Unquantized,FAv2,No Kernel,pytorch,0.053,19.434,0.15456603773584907,0.13124118714368002,0.05145621076463929,4.0
1xA10,google/gemma-2-2b,2.0,AWQ.4bit,Eager,AWQ.GEMM,pytorch,0.053,19.66,0.07728301886792453,0.03446740450986667,0.0508646998982706,1.0
1xA10,google/gemma-2-2b,2.0,GPTQ.4bit,FAv2,GPTQ.ExllamaV2,pytorch,0.062,20.093,0.06606451612903226,0.03522652893269333,0.049768576121037175,1.0
1xA10,google/gemma-2-2b,2.0,AWQ.4bit,FAv2,No Kernel,pytorch,0.062,20.194,0.06606451612903226,0.03540359952554666,0.04951965930474399,1.0
1xA10,google/gemma-2-2b,2.0,GPTQ.4bit,FAv2,GPTQ.ExllamaV1,pytorch,0.062,20.402,0.06606451612903226,0.035768259756373336,0.04901480247034604,1.0
1xA10,google/gemma-2-2b,2.0,AWQ.4bit,FAv2,No Kernel,pytorch,0.407,20.438,0.010063882063882064,0.03583137402709333,0.04892846658185733,1.0
1xA10,google/gemma-2-2b,2.0,AWQ.4bit,SDPA,AWQ.GEMM,pytorch,0.05,21.158,0.08192,0.037093659441493336,0.04726344645051517,1.0
1xA10,google/gemma-2-2b,2.0,Unquantized,Eager,No Kernel,pytorch,0.046,22.394,0.17808695652173914,0.15123058273621331,0.044654818254889705,4.0
1xA10,google/gemma-2-2b,2.0,Unquantized,Eager,No Kernel,pytorch,0.046,22.677,0.17808695652173914,0.15314173103104,0.044097543766812186,4.0
1xA10,google/gemma-2-2b,2.0,AWQ.4bit,Eager,AWQ.GEMV,pytorch,0.051,23.017,0.08031372549019608,0.04035281025450666,0.04344614849893557,1.0
1xA10,google/gemma-2-2b,2.0,AWQ.4bit,Eager,No Kernel,pytorch,0.048,23.479,0.08533333333333333,0.041162776728746665,0.04259125175688914,1.0
1xA10,google/gemma-2-2b,2.0,Unquantized,SDPA,No Kernel,pytorch,0.043,23.686,0.19051162790697673,0.15995568378538666,0.04221903233977877,4.0
1xA10,google/gemma-2-2b,2.0,GPTQ.4bit,Eager,GPTQ.ExllamaV2,pytorch,0.048,23.861,0.08533333333333333,0.04183248926805334,0.041909391894723605,1.0
1xA10,google/gemma-2-2b,2.0,AWQ.4bit,Eager,No Kernel,pytorch,0.396,23.944,0.010343434343434344,0.041978002725546665,0.0417641162712997,1.0
1xA10,google/gemma-2-2b,2.0,Unquantized,SDPA,No Kernel,pytorch,0.044,24.169,0.18618181818181817,0.16321746691754666,0.041375315486780584,4.0
1xA10,google/gemma-2-2b,2.0,GPTQ.4bit,Eager,GPTQ.ExllamaV1,pytorch,0.047,24.528,0.08714893617021277,0.04300185645056,0.04076973255055447,1.0
1xA10,google/gemma-2-2b,2.0,AWQ.4bit,SDPA,AWQ.GEMV,pytorch,0.05,25.014,0.08192,0.04385389910528,0.03997761253697929,1.0
1xA10,google/gemma-2-2b,2.0,GPTQ.4bit,SDPA,GPTQ.ExllamaV1,pytorch,0.047,25.508,0.08714893617021277,0.044719967153493335,0.03920338717265172,1.0
1xA10,google/gemma-2-2b,2.0,Unquantized,Eager,No Kernel,pytorch,0.081,25.668,0.1011358024691358,0.17334047502335997,0.03895901511609787,4.0
1xA10,google/gemma-2-2b,2.0,GPTQ.4bit,SDPA,GPTQ.ExllamaV2,pytorch,0.047,25.712,0.08714893617021277,0.04507761468757333,0.0388923459863099,1.0
1xA10,google/gemma-2-2b,2.0,AWQ.4bit,SDPA,No Kernel,pytorch,0.047,25.763,0.08714893617021277,0.04516702657109334,0.038815355354578265,1.0
1xA10,google/gemma-2-2b,2.0,AWQ.4bit,SDPA,No Kernel,pytorch,0.395,26.05,0.010369620253164557,0.04567018756266667,0.03838771593090211,1.0
1xA10,google/gemma-2-2b,2.0,Unquantized,SDPA,No Kernel,pytorch,0.081,26.724,0.1011358024691358,0.18047182696448,0.0374195479718605,4.0
1xA10,huggyllama/llama-13b,13.0,AWQ.4bit,Eager,AWQ.GEMM,pytorch,1.1,0.983,0.02420363636363636,0.011035697994666667,1.017293997965412,6.5
1xA10,huggyllama/llama-13b,13.0,AWQ.4bit,SDPA,AWQ.GEMM,pytorch,1.095,0.983,0.024314155251141552,0.011035697994666667,1.017293997965412,6.5
1xA10,huggyllama/llama-13b,13.0,AWQ.4bit,FAv2,AWQ.GEMM,pytorch,1.094,0.983,0.024336380255941495,0.011035697994666667,1.017293997965412,6.5
1xA10,huggyllama/llama-13b,13.0,GPTQ.4bit,Eager,GPTQ.ExllamaV1,pytorch,0.622,1.861,0.04280385852090032,0.020892608309333337,0.537345513164965,6.5
1xA10,huggyllama/llama-13b,13.0,GPTQ.4bit,Eager,GPTQ.ExllamaV2,pytorch,0.622,1.862,0.04280385852090032,0.020903834858666665,0.5370569280343717,6.5
1xA10,huggyllama/llama-13b,13.0,GPTQ.4bit,FAv2,GPTQ.ExllamaV2,pytorch,0.616,1.863,0.04322077922077922,0.020915061407999997,0.5367686527106817,6.5
1xA10,huggyllama/llama-13b,13.0,GPTQ.4bit,SDPA,GPTQ.ExllamaV2,pytorch,0.616,1.863,0.04322077922077922,0.020915061407999997,0.5367686527106817,6.5
1xA10,huggyllama/llama-13b,13.0,GPTQ.4bit,FAv2,GPTQ.ExllamaV1,pytorch,0.616,1.863,0.04322077922077922,0.020915061407999997,0.5367686527106817,6.5
1xA10,huggyllama/llama-13b,13.0,GPTQ.4bit,SDPA,GPTQ.ExllamaV1,pytorch,0.616,1.863,0.04322077922077922,0.020915061407999997,0.5367686527106817,6.5
1xA10,huggyllama/llama-13b,13.0,BnB.8bit,Eager,No Kernel,pytorch,0.143,6.979,0.18618181818181817,0.1539559211306667,0.1432870038687491,13.0
1xA10,huggyllama/llama-13b,13.0,BnB.8bit,FAv2,No Kernel,pytorch,0.141,7.208,0.18882269503546098,0.15900763426133335,0.13873473917869034,13.0
1xA10,huggyllama/llama-13b,13.0,BnB.8bit,SDPA,No Kernel,pytorch,0.137,7.298,0.19433576642335765,0.16099302370133334,0.13702384214853383,13.0
1xA10,huggyllama/llama-13b,13.0,BnB.4bit,Eager,No Kernel,pytorch,0.59,12.181,0.045125423728813556,0.13675059742933332,0.08209506608652821,6.5
1xA10,huggyllama/llama-13b,13.0,BnB.4bit,FAv2,No Kernel,pytorch,0.584,12.394,0.04558904109589041,0.13914185243733332,0.08068420203324189,6.5
1xA10,huggyllama/llama-13b,13.0,BnB.4bit,SDPA,No Kernel,pytorch,0.584,12.453,0.04558904109589041,0.13980421884799998,0.08030193527664017,6.5
1xA10,huggyllama/llama-13b,13.0,AWQ.4bit,Eager,AWQ.GEMV,pytorch,0.2,28.8,0.13312,0.32332462079999996,0.034722222222222224,6.5
1xA10,huggyllama/llama-13b,13.0,AWQ.4bit,FAv2,AWQ.GEMV,pytorch,0.198,29.049,0.13446464646464645,0.326120031584,0.03442459292918861,6.5
1xA10,huggyllama/llama-13b,13.0,AWQ.4bit,Eager,No Kernel,pytorch,0.203,30.08,0.1311527093596059,0.33769460394666667,0.03324468085106383,6.5
1xA10,huggyllama/llama-13b,13.0,AWQ.4bit,Eager,No Kernel,pytorch,2.422,30.179,0.010992568125516102,0.3388060323306667,0.0331356241094801,6.5
1xA10,huggyllama/llama-13b,13.0,AWQ.4bit,FAv2,No Kernel,pytorch,0.2,30.693,0.13312,0.344576478688,0.0325807187306552,6.5
1xA10,huggyllama/llama-13b,13.0,AWQ.4bit,FAv2,No Kernel,pytorch,2.421,30.821,0.010997108632796366,0.3460134770026666,0.0324454105966711,6.5
1xA10,huggyllama/llama-13b,13.0,AWQ.4bit,SDPA,AWQ.GEMV,pytorch,0.194,32.845,0.13723711340206185,0.3687360128533333,0.030446034404018878,6.5
1xA10,huggyllama/llama-13b,13.0,AWQ.4bit,SDPA,No Kernel,pytorch,0.197,33.559,0.1351472081218274,0.37675176907733327,0.02979826574093388,6.5
1xA10,huggyllama/llama-13b,13.0,AWQ.4bit,SDPA,No Kernel,pytorch,2.417,35.552,0.011015308233347124,0.39912628189866667,0.028127812781278128,6.5
1xA10,Qwen/Qwen1.5-1.8B,1.0,AWQ.4bit,FAv2,AWQ.GEMM,pytorch,0.141,7.518,0.014524822695035461,0.006915363535359999,0.13301409949454643,0.5
1xA10,Qwen/Qwen1.5-1.8B,1.0,AWQ.4bit,Eager,AWQ.GEMM,pytorch,0.141,7.55,0.014524822695035461,0.006944798442666667,0.13245033112582782,0.5
1xA10,Qwen/Qwen1.5-1.8B,1.0,AWQ.4bit,SDPA,AWQ.GEMM,pytorch,0.138,7.663,0.014840579710144925,0.007048740459093332,0.13049719431032233,0.5
1xA10,Qwen/Qwen1.5-1.8B,1.0,BnB.8bit,Eager,No Kernel,pytorch,0.091,11.471,0.022505494505494505,0.020110661095253335,0.0871763577717723,1.0
1xA10,Qwen/Qwen1.5-1.8B,1.0,BnB.8bit,FAv2,No Kernel,pytorch,0.087,11.527,0.02354022988505747,0.020208838849706666,0.08675284115554785,1.0
1xA10,Qwen/Qwen1.5-1.8B,1.0,BnB.8bit,Eager,No Kernel,pytorch,0.086,11.86,0.02381395348837209,0.020792645853866663,0.08431703204047218,1.0
1xA10,Qwen/Qwen1.5-1.8B,1.0,BnB.8bit,FAv2,No Kernel,pytorch,0.085,11.951,0.024094117647058825,0.020952184704853338,0.08367500627562546,1.0
1xA10,Qwen/Qwen1.5-1.8B,1.0,BnB.8bit,SDPA,No Kernel,pytorch,0.085,11.967,0.024094117647058825,0.02098023549184,0.08356313194618534,1.0
1xA10,Qwen/Qwen1.5-1.8B,1.0,BnB.8bit,SDPA,No Kernel,pytorch,0.083,12.044,0.02467469879518072,0.021115229904213332,0.08302889405513118,1.0
1xA10,Qwen/Qwen1.5-1.8B,1.0,GPTQ.4bit,FAv2,GPTQ.ExllamaV1,pytorch,0.082,13.873,0.024975609756097562,0.012760952158293334,0.07208246233691343,0.5
1xA10,Qwen/Qwen1.5-1.8B,1.0,GPTQ.4bit,FAv2,GPTQ.ExllamaV2,pytorch,0.081,13.924,0.02528395061728395,0.012807864041813334,0.07181844297615628,0.5
1xA10,Qwen/Qwen1.5-1.8B,1.0,GPTQ.4bit,Eager,GPTQ.ExllamaV2,pytorch,0.074,16.19,0.027675675675675675,0.01489222341546667,0.061766522544780725,0.5
1xA10,Qwen/Qwen1.5-1.8B,1.0,GPTQ.4bit,Eager,GPTQ.ExllamaV1,pytorch,0.074,16.208,0.027675675675675675,0.014908780550826664,0.0616979269496545,0.5
1xA10,Qwen/Qwen1.5-1.8B,1.0,GPTQ.4bit,SDPA,GPTQ.ExllamaV2,pytorch,0.073,16.309,0.028054794520547946,0.015001684477013336,0.06131583788092464,0.5
1xA10,Qwen/Qwen1.5-1.8B,1.0,GPTQ.4bit,SDPA,GPTQ.ExllamaV1,pytorch,0.073,16.312,0.028054794520547946,0.015004443999573337,0.06130456105934281,0.5
1xA10,Qwen/Qwen1.5-1.8B,1.0,BnB.4bit,Eager,No Kernel,pytorch,0.072,19.432,0.028444444444444446,0.017874347461973333,0.0514615067929189,0.5
1xA10,Qwen/Qwen1.5-1.8B,1.0,BnB.4bit,FAv2,No Kernel,pytorch,0.082,19.723,0.024975609756097562,0.01814202115029333,0.05070222582771384,0.5
1xA10,Qwen/Qwen1.5-1.8B,1.0,BnB.4bit,SDPA,No Kernel,pytorch,0.07,20.046,0.029257142857142853,0.018439129745919998,0.049885263893046,0.5
1xA10,Qwen/Qwen1.5-1.8B,1.0,BnB.4bit,FAv2,No Kernel,pytorch,0.081,23.789,0.02528395061728395,0.021882094059946667,0.04203623523477237,0.5
1xA10,Qwen/Qwen1.5-1.8B,1.0,BnB.4bit,Eager,No Kernel,pytorch,0.07,24.016,0.029257142857142853,0.02209089793365333,0.04163890739506996,0.5
1xA10,Qwen/Qwen1.5-1.8B,1.0,BnB.4bit,SDPA,No Kernel,pytorch,0.069,26.06,0.02968115942028985,0.023971052637866662,0.038372985418265546,0.5
1xA10,Qwen/Qwen1.5-1.8B,1.0,Unquantized,FAv2,No Kernel,pytorch,0.033,40.034,0.12412121212121212,0.13690990872234668,0.024978768047159913,2.0
1xA10,Qwen/Qwen1.5-1.8B,1.0,Unquantized,FAv2,No Kernel,pytorch,0.032,40.846,0.128,0.1396868194952533,0.024482201439553448,2.0
1xA10,Qwen/Qwen1.5-1.8B,1.0,AWQ.4bit,FAv2,AWQ.GEMV,pytorch,0.041,40.88,0.049951219512195125,0.03760309408426667,0.02446183953033268,0.5
1xA10,Qwen/Qwen1.5-1.8B,1.0,Unquantized,Eager,No Kernel,pytorch,0.027,42.101,0.1517037037037037,0.14397871976618665,0.023752404930999265,2.0
1xA10,Qwen/Qwen1.5-1.8B,1.0,Unquantized,Eager,No Kernel,pytorch,0.027,42.104,0.1517037037037037,0.14398897928874668,0.02375071252137564,2.0
1xA10,Qwen/Qwen1.5-1.8B,1.0,AWQ.4bit,FAv2,No Kernel,pytorch,0.038,42.941,0.053894736842105266,0.03949888608298667,0.023287766936028503,0.5
1xA10,Qwen/Qwen1.5-1.8B,1.0,AWQ.4bit,FAv2,No Kernel,pytorch,0.241,43.24,0.00849792531120332,0.03977391849813333,0.02312673450508788,0.5
1xA10,Qwen/Qwen1.5-1.8B,1.0,AWQ.4bit,Eager,AWQ.GEMV,pytorch,0.034,43.289,0.060235294117647054,0.039818990699946676,0.023100556723417032,0.5
1xA10,Qwen/Qwen1.5-1.8B,1.0,Unquantized,Eager,No Kernel,pytorch,0.026,43.517,0.15753846153846154,0.14882121441450666,0.02297952524300848,2.0
1xA10,Qwen/Qwen1.5-1.8B,1.0,AWQ.4bit,Eager,No Kernel,pytorch,0.031,44.338,0.06606451612903226,0.04078390375509333,0.02255401687040462,0.5
1xA10,Qwen/Qwen1.5-1.8B,1.0,GPTQ.4bit,Eager,GPTQ.ExllamaV1,pytorch,0.03,44.398,0.06826666666666667,0.040839094206293336,0.022523537096265596,0.5
1xA10,Qwen/Qwen1.5-1.8B,1.0,GPTQ.4bit,FAv2,GPTQ.ExllamaV1,pytorch,0.038,44.611,0.053894736842105266,0.04103502030805333,0.022415996054784695,0.5
1xA10,Qwen/Qwen1.5-1.8B,1.0,GPTQ.4bit,FAv2,GPTQ.ExllamaV2,pytorch,0.037,44.769,0.05535135135135135,0.041180355162879996,0.022336884898032122,0.5
1xA10,Qwen/Qwen1.5-1.8B,1.0,Unquantized,FAv2,No Kernel,pytorch,0.03,44.788,0.13653333333333334,0.15316783213909332,0.022327409127444853,2.0
1xA10,Qwen/Qwen1.5-1.8B,1.0,AWQ.4bit,Eager,No Kernel,pytorch,0.234,44.825,0.008752136752136753,0.04123186625066667,0.022308979364194088,0.5
1xA10,Qwen/Qwen1.5-1.8B,1.0,Unquantized,Eager,No Kernel,pytorch,0.054,45.067,0.07585185185185185,0.15412196773717332,0.02218918499123527,2.0
1xA10,Qwen/Qwen1.5-1.8B,1.0,GPTQ.4bit,Eager,GPTQ.ExllamaV2,pytorch,0.03,45.093,0.06826666666666667,0.04147838359936,0.02217639101412636,0.5
1xA10,Qwen/Qwen1.5-1.8B,1.0,Unquantized,FAv2,No Kernel,pytorch,0.031,45.462,0.13212903225806452,0.15547280487424003,0.021996392591614972,2.0
1xA10,Qwen/Qwen1.5-1.8B,1.0,Unquantized,Eager,No Kernel,pytorch,0.025,45.831,0.16384,0.15673472614912,0.021819292618533305,2.0
1xA10,Qwen/Qwen1.5-1.8B,1.0,Unquantized,SDPA,No Kernel,pytorch,0.025,46.323,0.16384,0.15841728784896,0.021587548302139326,2.0
1xA10,Qwen/Qwen1.5-1.8B,1.0,Unquantized,SDPA,No Kernel,pytorch,0.023,47.153,0.17808695652173914,0.16125575575722667,0.021207558373804423,2.0
1xA10,Qwen/Qwen1.5-1.8B,1.0,AWQ.4bit,SDPA,AWQ.GEMV,pytorch,0.033,48.153,0.06206060606060606,0.044293096610559995,0.0207671380807011,0.5
1xA10,Qwen/Qwen1.5-1.8B,1.0,Unquantized,Eager,No Kernel,pytorch,0.054,48.398,0.07585185185185185,0.16551345761962666,0.020662010826893673,2.0
1xA10,Qwen/Qwen1.5-1.8B,1.0,Unquantized,SDPA,No Kernel,pytorch,0.053,49.794,0.07728301886792453,0.17028755545087998,0.020082740892477007,2.0
1xA10,Qwen/Qwen1.5-1.8B,1.0,Unquantized,SDPA,No Kernel,pytorch,0.022,50.177,0.18618181818181817,0.17159735449770666,0.01992944974789246,2.0
1xA10,Qwen/Qwen1.5-1.8B,1.0,GPTQ.4bit,SDPA,GPTQ.ExllamaV1,pytorch,0.029,50.32,0.07062068965517242,0.04628639173973333,0.01987281399046105,0.5
1xA10,Qwen/Qwen1.5-1.8B,1.0,AWQ.4bit,SDPA,No Kernel,pytorch,0.029,50.368,0.07062068965517242,0.04633054410069333,0.01985387547649301,0.5
1xA10,Qwen/Qwen1.5-1.8B,1.0,Unquantized,SDPA,No Kernel,pytorch,0.024,50.519,0.17066666666666666,0.17276694006954665,0.019794532750054435,2.0
1xA10,Qwen/Qwen1.5-1.8B,1.0,AWQ.4bit,SDPA,No Kernel,pytorch,0.233,50.77,0.00878969957081545,0.04670032012373333,0.019696671262556628,0.5
1xA10,Qwen/Qwen1.5-1.8B,1.0,GPTQ.4bit,SDPA,GPTQ.ExllamaV2,pytorch,0.029,51.274,0.07062068965517242,0.04716391991381333,0.019503061980730974,0.5
1xA10,Qwen/Qwen1.5-1.8B,1.0,Unquantized,SDPA,No Kernel,pytorch,0.053,51.845,0.07728301886792453,0.17730164904106666,0.019288263091908574,2.0
1xA10,meta-llama/Llama-2-7b-hf,6.0,AWQ.4bit,Eager,AWQ.GEMM,pytorch,0.574,1.882,0.02140766550522648,0.009698612679679999,0.5313496280552604,3.0
1xA10,meta-llama/Llama-2-7b-hf,6.0,AWQ.4bit,SDPA,AWQ.GEMM,pytorch,0.57,1.883,0.021557894736842106,0.00970376603392,0.5310674455655868,3.0
1xA10,meta-llama/Llama-2-7b-hf,6.0,AWQ.4bit,FAv2,AWQ.GEMM,pytorch,0.571,1.884,0.02152014010507881,0.009708919388159999,0.5307855626326964,3.0
1xA10,meta-llama/Llama-2-7b-hf,6.0,GPTQ.4bit,Eager,GPTQ.ExllamaV1,pytorch,0.323,3.59,0.03804334365325077,0.018500541721599997,0.2785515320334262,3.0
1xA10,meta-llama/Llama-2-7b-hf,6.0,GPTQ.4bit,Eager,GPTQ.ExllamaV2,pytorch,0.323,3.591,0.03804334365325077,0.01850569507584,0.278473962684489,3.0
1xA10,meta-llama/Llama-2-7b-hf,6.0,GPTQ.4bit,FAv2,GPTQ.ExllamaV2,pytorch,0.32,3.595,0.0384,0.0185263084928,0.27816411682892905,3.0
1xA10,meta-llama/Llama-2-7b-hf,6.0,GPTQ.4bit,SDPA,GPTQ.ExllamaV2,pytorch,0.32,3.595,0.0384,0.0185263084928,0.27816411682892905,3.0
1xA10,meta-llama/Llama-2-7b-hf,6.0,GPTQ.4bit,FAv2,GPTQ.ExllamaV1,pytorch,0.319,3.595,0.03852037617554859,0.0185263084928,0.27816411682892905,3.0
1xA10,meta-llama/Llama-2-7b-hf,6.0,GPTQ.4bit,SDPA,GPTQ.ExllamaV1,pytorch,0.32,3.597,0.0384,0.01853661520128,0.2780094523213789,3.0
1xA10,meta-llama/Llama-2-7b-hf,6.0,BnB.8bit,Eager,No Kernel,pytorch,0.113,8.744,0.10874336283185841,0.08878092947456,0.11436413540713633,6.0
1xA10,meta-llama/Llama-2-7b-hf,6.0,BnB.8bit,FAv2,No Kernel,pytorch,0.111,8.972,0.1107027027027027,0.09109589424127999,0.11145786892554616,6.0
1xA10,meta-llama/Llama-2-7b-hf,6.0,BnB.8bit,SDPA,No Kernel,pytorch,0.111,9.055,0.1107027027027027,0.09193862264319999,0.11043622308117063,6.0
1xA10,meta-llama/Llama-2-7b-hf,6.0,BnB.4bit,Eager,No Kernel,pytorch,0.318,14.905,0.038641509433962266,0.0768107449472,0.06709158000670916,3.0
1xA10,meta-llama/Llama-2-7b-hf,6.0,BnB.4bit,FAv2,No Kernel,pytorch,0.315,15.538,0.039009523809523806,0.08007281818112,0.0643583472776419,3.0
1xA10,meta-llama/Llama-2-7b-hf,6.0,BnB.4bit,SDPA,No Kernel,pytorch,0.315,16.042,0.039009523809523806,0.08267010871808,0.0623363670365291,3.0
1xA10,meta-llama/Llama-2-7b-hf,6.0,Unquantized,Eager,No Kernel,pytorch,0.099,27.505,0.24824242424242424,0.5543180083711999,0.03635702599527359,12.0
1xA10,meta-llama/Llama-2-7b-hf,6.0,Unquantized,Eager,No Kernel,pytorch,0.097,27.621,0.25336082474226806,0.55665579746304,0.0362043372796061,12.0
1xA10,meta-llama/Llama-2-7b-hf,6.0,Unquantized,FAv2,No Kernel,pytorch,0.094,27.865,0.2614468085106383,0.5615732158976,0.03588731383455949,12.0
1xA10,meta-llama/Llama-2-7b-hf,6.0,Unquantized,FAv2,No Kernel,pytorch,0.094,27.883,0.2614468085106383,0.56193597627392,0.035864146612631355,12.0
1xA10,meta-llama/Llama-2-7b-hf,6.0,Unquantized,SDPA,No Kernel,pytorch,0.094,27.927,0.2614468085106383,0.5628227238604799,0.035807641350664235,12.0
1xA10,meta-llama/Llama-2-7b-hf,6.0,Unquantized,SDPA,No Kernel,pytorch,0.094,27.953,0.2614468085106383,0.56334671107072,0.03577433549171824,12.0
1xA10,meta-llama/Llama-2-7b-hf,6.0,Unquantized,Eager,No Kernel,pytorch,0.098,28.089,0.2507755102040816,0.56608756724736,0.03560112499554986,12.0
1xA10,meta-llama/Llama-2-7b-hf,6.0,Unquantized,Eager,No Kernel,pytorch,0.096,28.264,0.256,0.5696144042393599,0.03538069629210303,12.0
1xA10,meta-llama/Llama-2-7b-hf,6.0,Unquantized,Eager,No Kernel,pytorch,0.098,28.307,0.2507755102040816,0.57048099847168,0.03532695093086516,12.0
1xA10,meta-llama/Llama-2-7b-hf,6.0,Unquantized,FAv2,No Kernel,pytorch,0.097,28.354,0.25336082474226806,0.57142820612096,0.03526839246667137,12.0
1xA10,meta-llama/Llama-2-7b-hf,6.0,Unquantized,FAv2,No Kernel,pytorch,0.097,28.378,0.25336082474226806,0.5719118866227201,0.03523856508562971,12.0
1xA10,meta-llama/Llama-2-7b-hf,6.0,Unquantized,Eager,No Kernel,pytorch,0.096,28.422,0.256,0.57279863420928,0.03518401238477236,12.0
1xA10,meta-llama/Llama-2-7b-hf,6.0,Unquantized,SDPA,No Kernel,pytorch,0.093,28.463,0.26425806451612904,0.5736249217331201,0.03513333099111127,12.0
1xA10,meta-llama/Llama-2-7b-hf,6.0,Unquantized,SDPA,No Kernel,pytorch,0.093,28.502,0.26425806451612904,0.57441090254848,0.035085257174935096,12.0
1xA10,meta-llama/Llama-2-7b-hf,6.0,AWQ.4bit,Eager,AWQ.GEMV,pytorch,0.104,34.92,0.11815384615384615,0.1799551300608,0.0286368843069874,3.0
1xA10,meta-llama/Llama-2-7b-hf,6.0,AWQ.4bit,FAv2,AWQ.GEMV,pytorch,0.103,35.987,0.11930097087378641,0.18545375903488,0.02778781226554033,3.0
1xA10,meta-llama/Llama-2-7b-hf,6.0,AWQ.4bit,Eager,No Kernel,pytorch,1.228,36.487,0.010006514657980456,0.18803043615488002,0.027407021678954147,3.0
1xA10,meta-llama/Llama-2-7b-hf,6.0,AWQ.4bit,Eager,No Kernel,pytorch,0.111,36.834,0.1107027027027027,0.18981865007616003,0.027148829885431935,3.0
1xA10,meta-llama/Llama-2-7b-hf,6.0,AWQ.4bit,FAv2,No Kernel,pytorch,0.11,37.73,0.11170909090909091,0.1944360554752,0.0265041081367612,3.0
1xA10,meta-llama/Llama-2-7b-hf,6.0,AWQ.4bit,FAv2,No Kernel,pytorch,1.229,38.574,0.009998372660699755,0.19878548645376,0.025924197646082853,3.0
1xA10,meta-llama/Llama-2-7b-hf,6.0,AWQ.4bit,SDPA,AWQ.GEMV,pytorch,0.1,40.844,0.12288,0.21048360057855997,0.024483400254627363,3.0
1xA10,meta-llama/Llama-2-7b-hf,6.0,AWQ.4bit,SDPA,No Kernel,pytorch,0.108,42.302,0.11377777777777778,0.21799719106048002,0.023639544229587254,3.0
1xA10,meta-llama/Llama-2-7b-hf,6.0,AWQ.4bit,SDPA,No Kernel,pytorch,1.226,44.228,0.010022838499184339,0.22792255132672,0.02261011124174731,3.0
1xA10,google/gemma-2b,2.0,BnB.8bit,Eager,No Kernel,pytorch,0.073,14.372,0.05610958904109589,0.04914995274410667,0.06957973838018369,2.0
1xA10,google/gemma-2b,2.0,BnB.8bit,FAv2,No Kernel,pytorch,0.071,14.558,0.057690140845070424,0.04978604314282667,0.06869075422448138,2.0
1xA10,google/gemma-2b,2.0,BnB.8bit,SDPA,No Kernel,pytorch,0.069,14.951,0.0593623188405797,0.05113004059818667,0.0668851581833991,2.0
1xA10,google/gemma-2b,2.0,BnB.4bit,Eager,No Kernel,pytorch,0.105,28.966,0.039009523809523806,0.05078244349098667,0.03452323413657391,1.0
1xA10,google/gemma-2b,2.0,BnB.4bit,FAv2,No Kernel,pytorch,0.109,29.282,0.037577981651376144,0.05133644653397333,0.03415067276825354,1.0
1xA10,google/gemma-2b,2.0,BnB.4bit,SDPA,No Kernel,pytorch,0.104,30.067,0.039384615384615386,0.05271268827050666,0.03325905477766322,1.0
1xA10,google/gemma-2b,2.0,AWQ.4bit,Eager,AWQ.GEMM,pytorch,0.043,37.03,0.09525581395348837,0.06492004013226667,0.027005130974885227,1.0
1xA10,google/gemma-2b,2.0,AWQ.4bit,FAv2,AWQ.GEMM,pytorch,0.046,38.106,0.08904347826086957,0.06680645555712,0.026242586469322416,1.0
1xA10,google/gemma-2b,2.0,AWQ.4bit,SDPA,AWQ.GEMM,pytorch,0.043,40.22,0.09525581395348837,0.07051266578773334,0.02486325211337643,1.0
1xA10,google/gemma-2b,2.0,Unquantized,SDPA,No Kernel,pytorch,0.082,40.989,0.09990243902439025,0.27680585673728,0.024396789382517263,4.0
1xA10,google/gemma-2b,2.0,Unquantized,SDPA,No Kernel,pytorch,0.081,41.034,0.1011358024691358,0.27710974957567996,0.02437003460544914,4.0
1xA10,google/gemma-2b,2.0,Unquantized,Eager,No Kernel,pytorch,0.081,43.221,0.1011358024691358,0.29187894152191995,0.02313690104347424,4.0
1xA10,google/gemma-2b,2.0,Unquantized,Eager,No Kernel,pytorch,0.081,43.284,0.1011358024691358,0.29230439149568005,0.02310322521023935,4.0
1xA10,google/gemma-2b,2.0,Unquantized,Eager,No Kernel,pytorch,0.032,44.058,0.256,0.29753134831615996,0.022697353488583233,4.0
1xA10,google/gemma-2b,2.0,Unquantized,Eager,No Kernel,pytorch,0.031,44.148,0.26425806451612904,0.29813913399296005,0.022651082721754097,4.0
1xA10,google/gemma-2b,2.0,Unquantized,Eager,No Kernel,pytorch,0.032,44.16,0.256,0.29822017208319995,0.022644927536231887,4.0
1xA10,google/gemma-2b,2.0,Unquantized,Eager,No Kernel,pytorch,0.031,44.581,0.26425806451612904,0.3010632584157866,0.022431080505147933,4.0
1xA10,google/gemma-2b,2.0,Unquantized,FAv2,No Kernel,pytorch,0.034,45.253,0.24094117647058821,0.30560139146922666,0.02209798245420193,4.0
1xA10,google/gemma-2b,2.0,AWQ.4bit,Eager,AWQ.GEMV,pytorch,0.046,45.287,0.08904347826086957,0.07939599939157334,0.02208139201095237,1.0
1xA10,google/gemma-2b,2.0,Unquantized,FAv2,No Kernel,pytorch,0.034,45.302,0.24094117647058821,0.3059322970043733,0.022074080614542406,4.0
1xA10,google/gemma-2b,2.0,Unquantized,FAv2,No Kernel,pytorch,0.034,45.498,0.24094117647058821,0.30725591914496,0.02197898808738846,4.0
1xA10,google/gemma-2b,2.0,Unquantized,FAv2,No Kernel,pytorch,0.034,45.518,0.24094117647058821,0.3073909826286933,0.0219693308141834,4.0
1xA10,google/gemma-2b,2.0,AWQ.4bit,Eager,No Kernel,pytorch,0.384,45.834,0.010666666666666666,0.08035498567168001,0.021817864467425927,1.0
1xA10,google/gemma-2b,2.0,GPTQ.4bit,Eager,GPTQ.ExllamaV1,pytorch,0.041,46.046,0.09990243902439025,0.08072665859925333,0.021717413021760848,1.0
1xA10,google/gemma-2b,2.0,AWQ.4bit,FAv2,AWQ.GEMV,pytorch,0.048,46.27,0.08533333333333333,0.08111936961706669,0.021612275772638856,1.0
1xA10,google/gemma-2b,2.0,AWQ.4bit,Eager,No Kernel,pytorch,0.041,47.314,0.09990243902439025,0.08294968346794666,0.021135393329669867,1.0
1xA10,google/gemma-2b,2.0,GPTQ.4bit,FAv2,GPTQ.ExllamaV2,pytorch,0.044,47.605,0.09309090909090909,0.08345985715626665,0.02100619682806428,1.0
1xA10,google/gemma-2b,2.0,Unquantized,SDPA,No Kernel,pytorch,0.031,47.616,0.26425806451612904,0.32155914207232006,0.021001344086021504,4.0
1xA10,google/gemma-2b,2.0,GPTQ.4bit,Eager,GPTQ.ExllamaV2,pytorch,0.041,47.692,0.09990243902439025,0.08361238331050666,0.020967877212111047,1.0
1xA10,google/gemma-2b,2.0,AWQ.4bit,FAv2,No Kernel,pytorch,0.044,48.264,0.09309090909090909,0.08461519894528,0.020719376761147025,1.0
1xA10,google/gemma-2b,2.0,Unquantized,SDPA,No Kernel,pytorch,0.031,48.341,0.26425806451612904,0.32645519335765333,0.020686373885521605,4.0
1xA10,google/gemma-2b,2.0,GPTQ.4bit,Eager,GPTQ.ExllamaV1,pytorch,0.041,48.399,0.09990243902439025,0.08485187746048,0.02066158391702308,1.0
1xA10,google/gemma-2b,2.0,Unquantized,SDPA,No Kernel,pytorch,0.031,48.599,0.26425806451612904,0.3281975122978133,0.020576555073149656,4.0
1xA10,google/gemma-2b,2.0,AWQ.4bit,SDPA,AWQ.GEMV,pytorch,0.045,48.892,0.09102222222222223,0.08571619233450667,0.02045324388448008,1.0
1xA10,google/gemma-2b,2.0,Unquantized,SDPA,No Kernel,pytorch,0.031,48.908,0.26425806451612904,0.33028424312149335,0.02044655271121289,4.0
1xA10,google/gemma-2b,2.0,GPTQ.4bit,Eager,GPTQ.ExllamaV2,pytorch,0.041,48.941,0.09990243902439025,0.08580209786965334,0.02043276598353119,1.0
1xA10,google/gemma-2b,2.0,GPTQ.4bit,FAv2,GPTQ.ExllamaV1,pytorch,0.043,49.497,0.09525581395348837,0.08677686271744,0.020203244641089357,1.0
1xA10,google/gemma-2b,2.0,AWQ.4bit,FAv2,No Kernel,pytorch,0.385,49.522,0.010638961038961038,0.08682069207210667,0.020193045515124592,1.0
1xA10,google/gemma-2b,2.0,GPTQ.4bit,FAv2,GPTQ.ExllamaV2,pytorch,0.043,50.379,0.09525581395348837,0.08832316235007999,0.019849540483137817,1.0
1xA10,google/gemma-2b,2.0,GPTQ.4bit,FAv2,GPTQ.ExllamaV1,pytorch,0.043,50.675,0.09525581395348837,0.08884210190933334,0.01973359644795264,1.0
1xA10,google/gemma-2b,2.0,AWQ.4bit,SDPA,No Kernel,pytorch,0.383,51.625,0.010694516971279374,0.09050761738666666,0.01937046004842615,1.0
1xA10,google/gemma-2b,2.0,AWQ.4bit,SDPA,No Kernel,pytorch,0.041,51.778,0.09990243902439025,0.09077585303722666,0.01931322183166596,1.0
1xA10,google/gemma-2b,2.0,GPTQ.4bit,SDPA,GPTQ.ExllamaV2,pytorch,0.04,52.053,0.1024,0.09125797593856,0.01921118859623845,1.0
1xA10,google/gemma-2b,2.0,GPTQ.4bit,SDPA,GPTQ.ExllamaV1,pytorch,0.04,52.345,0.1024,0.09176990280106667,0.019104021396503964,1.0
1xA10,google/gemma-2b,2.0,GPTQ.4bit,SDPA,GPTQ.ExllamaV2,pytorch,0.04,53.377,0.1024,0.09357917856170667,0.01873466099630927,1.0
1xA10,google/gemma-2b,2.0,GPTQ.4bit,SDPA,GPTQ.ExllamaV1,pytorch,0.04,54.07,0.1024,0.09479412827306666,0.018494544109487702,1.0
1xA10,stabilityai/stablelm-3b-4e1t,2.0,AWQ.4bit,Eager,AWQ.GEMM,pytorch,0.251,4.266,0.016318725099601594,0.007479041080319999,0.23441162681669012,1.0
1xA10,stabilityai/stablelm-3b-4e1t,2.0,AWQ.4bit,FAv2,AWQ.GEMM,pytorch,0.249,4.313,0.01644979919678715,0.007561440267093332,0.2318571759795966,1.0
1xA10,stabilityai/stablelm-3b-4e1t,2.0,AWQ.4bit,SDPA,AWQ.GEMM,pytorch,0.249,4.323,0.01644979919678715,0.007578972008960001,0.23132084200786487,1.0
1xA10,stabilityai/stablelm-3b-4e1t,2.0,GPTQ.4bit,Eager,GPTQ.ExllamaV2,pytorch,0.138,8.612,0.02968115942028985,0.015098336095573333,0.1161170459823502,1.0
1xA10,stabilityai/stablelm-3b-4e1t,2.0,GPTQ.4bit,Eager,GPTQ.ExllamaV1,pytorch,0.138,8.617,0.02968115942028985,0.01510710196650667,0.1160496692584426,1.0
1xA10,stabilityai/stablelm-3b-4e1t,2.0,GPTQ.4bit,SDPA,GPTQ.ExllamaV1,pytorch,0.135,8.629,0.030340740740740738,0.015128140056746666,0.11588828369451849,1.0
1xA10,stabilityai/stablelm-3b-4e1t,2.0,GPTQ.4bit,SDPA,GPTQ.ExllamaV2,pytorch,0.135,8.63,0.030340740740740738,0.015129893230933335,0.11587485515643105,1.0
1xA10,stabilityai/stablelm-3b-4e1t,2.0,GPTQ.4bit,FAv2,GPTQ.ExllamaV1,pytorch,0.134,8.63,0.030567164179104475,0.015129893230933335,0.11587485515643105,1.0
1xA10,stabilityai/stablelm-3b-4e1t,2.0,GPTQ.4bit,FAv2,GPTQ.ExllamaV2,pytorch,0.134,8.631,0.030567164179104475,0.015131646405120002,0.11586142973004286,1.0
1xA10,stabilityai/stablelm-3b-4e1t,2.0,BnB.8bit,Eager,No Kernel,pytorch,0.108,9.367,0.037925925925925925,0.032033649273173335,0.10675776662752214,2.0
1xA10,stabilityai/stablelm-3b-4e1t,2.0,BnB.8bit,FAv2,No Kernel,pytorch,0.104,9.501,0.039384615384615386,0.03249190794752,0.1052520787285549,2.0
1xA10,stabilityai/stablelm-3b-4e1t,2.0,BnB.8bit,SDPA,No Kernel,pytorch,0.103,9.673,0.039766990291262135,0.03308012057429333,0.1033805437816603,2.0
1xA10,stabilityai/stablelm-3b-4e1t,2.0,BnB.4bit,Eager,No Kernel,pytorch,0.13,16.48,0.031507692307692306,0.02889231059626667,0.06067961165048544,1.0
1xA10,stabilityai/stablelm-3b-4e1t,2.0,BnB.4bit,FAv2,No Kernel,pytorch,0.126,17.442,0.032507936507936507,0.030578864163839998,0.05733287467033597,1.0
1xA10,stabilityai/stablelm-3b-4e1t,2.0,BnB.4bit,SDPA,No Kernel,pytorch,0.126,17.67,0.032507936507936507,0.030978587878400004,0.05659309564233163,1.0
1xA10,stabilityai/stablelm-3b-4e1t,2.0,Unquantized,SDPA,No Kernel,pytorch,0.09,34.82,0.09102222222222223,0.23514552517973333,0.02871912693854107,4.0
1xA10,stabilityai/stablelm-3b-4e1t,2.0,Unquantized,Eager,No Kernel,pytorch,0.092,37.324,0.08904347826086957,0.25205547334314665,0.02679241238881149,4.0
1xA10,stabilityai/stablelm-3b-4e1t,2.0,Unquantized,Eager,No Kernel,pytorch,0.038,38.013,0.21557894736842106,0.25670841035776,0.02630678978244285,4.0
1xA10,stabilityai/stablelm-3b-4e1t,2.0,Unquantized,Eager,No Kernel,pytorch,0.035,38.36,0.23405714285714282,0.25905176180053335,0.026068821689259645,4.0
1xA10,stabilityai/stablelm-3b-4e1t,2.0,Unquantized,FAv2,No Kernel,pytorch,0.034,40.354,0.24094117647058821,0.2725175911287467,0.024780690885661892,4.0
1xA10,stabilityai/stablelm-3b-4e1t,2.0,Unquantized,FAv2,No Kernel,pytorch,0.03,40.516,0.2730666666666667,0.27361160534698664,0.02468160726626518,4.0
1xA10,stabilityai/stablelm-3b-4e1t,2.0,AWQ.4bit,Eager,No Kernel,pytorch,0.492,40.637,0.00832520325203252,0.07124373942357333,0.02460811575657652,1.0
1xA10,stabilityai/stablelm-3b-4e1t,2.0,AWQ.4bit,Eager,No Kernel,pytorch,0.047,40.874,0.08714893617021277,0.07165924170581334,0.0244654303469198,1.0
1xA10,stabilityai/stablelm-3b-4e1t,2.0,AWQ.4bit,FAv2,No Kernel,pytorch,0.047,41.523,0.08714893617021277,0.07279705175296,0.02408303831611396,1.0
1xA10,stabilityai/stablelm-3b-4e1t,2.0,Unquantized,SDPA,No Kernel,pytorch,0.03,42.338,0.2730666666666667,0.2859158887150934,0.023619443525910527,4.0
1xA10,stabilityai/stablelm-3b-4e1t,2.0,Unquantized,SDPA,No Kernel,pytorch,0.034,42.431,0.24094117647058821,0.2865439339144533,0.023567674577549436,4.0
1xA10,stabilityai/stablelm-3b-4e1t,2.0,AWQ.4bit,FAv2,No Kernel,pytorch,0.492,42.888,0.00832520325203252,0.07519013451776,0.02331654542063048,1.0
1xA10,stabilityai/stablelm-3b-4e1t,2.0,AWQ.4bit,SDPA,No Kernel,pytorch,0.488,48.307,0.00839344262295082,0.08469058543530666,0.020700933612105905,1.0
1xA10,stabilityai/stablelm-3b-4e1t,2.0,AWQ.4bit,SDPA,No Kernel,pytorch,0.044,49.096,0.09309090909090909,0.08607383986858666,0.020368258106566728,1.0
1xA10,microsoft/phi-1_5,1.0,AWQ.4bit,Eager,AWQ.GEMM,pytorch,0.136,7.86,0.015058823529411763,0.007229949107200001,0.1272264631043257,0.5
1xA10,microsoft/phi-1_5,1.0,AWQ.4bit,FAv2,AWQ.GEMM,pytorch,0.133,8.044,0.015398496240601503,0.007399199824213333,0.12431626056688214,0.5
1xA10,microsoft/phi-1_5,1.0,AWQ.4bit,SDPA,AWQ.GEMM,pytorch,0.133,8.119,0.015398496240601503,0.007468187888213333,0.1231678778174652,0.5
1xA10,microsoft/phi-1_5,1.0,BnB.8bit,Eager,No Kernel,pytorch,0.075,13.643,0.027306666666666667,0.02391855542869334,0.07329766180458842,1.0
1xA10,microsoft/phi-1_5,1.0,BnB.8bit,SDPA,No Kernel,pytorch,0.073,13.742,0.028054794520547946,0.024092119673173335,0.07276961141027506,1.0
1xA10,microsoft/phi-1_5,1.0,BnB.8bit,FAv2,No Kernel,pytorch,0.072,14.025,0.028444444444444446,0.024588267967999997,0.07130124777183601,1.0
1xA10,microsoft/phi-1_5,1.0,GPTQ.4bit,Eager,GPTQ.ExllamaV2,pytorch,0.074,17.14,0.027675675675675675,0.015766072226133333,0.058343057176196034,0.5
1xA10,microsoft/phi-1_5,1.0,GPTQ.4bit,Eager,GPTQ.ExllamaV1,pytorch,0.074,17.147,0.027675675675675675,0.015772511112106667,0.0583192395171167,0.5
1xA10,microsoft/phi-1_5,1.0,GPTQ.4bit,FAv2,GPTQ.ExllamaV1,pytorch,0.069,17.297,0.02968115942028985,0.015910487240106668,0.05781349366942244,0.5
1xA10,microsoft/phi-1_5,1.0,GPTQ.4bit,SDPA,GPTQ.ExllamaV1,pytorch,0.069,17.304,0.02968115942028985,0.01591692612608,0.05779010633379566,0.5
1xA10,microsoft/phi-1_5,1.0,GPTQ.4bit,SDPA,GPTQ.ExllamaV2,pytorch,0.069,17.305,0.02968115942028985,0.015917845966933332,0.05778676683039584,0.5
1xA10,microsoft/phi-1_5,1.0,GPTQ.4bit,FAv2,GPTQ.ExllamaV2,pytorch,0.069,17.323,0.02968115942028985,0.015934403102293333,0.05772672169947469,0.5
1xA10,microsoft/phi-1_5,1.0,BnB.4bit,FAv2,No Kernel,pytorch,0.068,21.768,0.030117647058823527,0.02002309569536,0.04593899301727306,0.5
1xA10,microsoft/phi-1_5,1.0,BnB.4bit,Eager,No Kernel,pytorch,0.073,22.292,0.028054794520547946,0.020505092302506668,0.04485914229319935,0.5
1xA10,microsoft/phi-1_5,1.0,BnB.4bit,SDPA,No Kernel,pytorch,0.068,22.802,0.030117647058823527,0.020974211137706665,0.04385580212262082,0.5
1xA10,Qwen/Qwen2-0.5B,0.0,BnB.8bit,FAv2,No Kernel,pytorch,0.046,22.909,0.0,0.00198180077568,0.04365096686891615,0.0
1xA10,Qwen/Qwen2-0.5B,0.0,BnB.8bit,Eager,No Kernel,pytorch,0.044,23.62,0.0,0.0020433076224,0.04233700254022015,0.0
1xA10,Qwen/Qwen2-0.5B,0.0,BnB.8bit,SDPA,No Kernel,pytorch,0.042,24.276,0.0,0.00210005655552,0.04119294776734223,0.0
1xA10,Qwen/Qwen2-0.5B,0.0,BnB.4bit,FAv2,No Kernel,pytorch,0.048,29.377,0.0,0.0025413314150399997,0.03404023555843007,0.0
1xA10,Qwen/Qwen2-0.5B,0.0,BnB.4bit,Eager,No Kernel,pytorch,0.045,30.398,0.0,0.0026296555929599995,0.03289690111191526,0.0
1xA10,Qwen/Qwen2-0.5B,0.0,BnB.4bit,SDPA,No Kernel,pytorch,0.044,31.46,0.0,0.0027215265792,0.03178639542275906,0.0
1xA10,Qwen/Qwen2-0.5B,0.0,Unquantized,FAv2,No Kernel,pytorch,0.025,42.666,0.0,0.00369092984832,0.023437866216659636,0.0
1xA10,Qwen/Qwen2-0.5B,0.0,Unquantized,Eager,No Kernel,pytorch,0.025,42.745,0.0,0.0036977639424,0.023394549070066675,0.0
1xA10,Qwen/Qwen2-0.5B,0.0,Unquantized,Eager,No Kernel,pytorch,0.024,42.927,0.0,0.00371350831104,0.023295361893447015,0.0
1xA10,microsoft/phi-1_5,1.0,AWQ.4bit,Eager,AWQ.GEMV,pytorch,0.035,43.072,0.058514285714285706,0.03961938523477334,0.023216939078751855,0.5
1xA10,Qwen/Qwen2-0.5B,0.0,Unquantized,FAv2,No Kernel,pytorch,0.024,43.106,0.0,0.00372899315712,0.023198626641302834,0.0
1xA10,microsoft/phi-1_5,1.0,AWQ.4bit,Eager,No Kernel,pytorch,0.032,44.185,0.064,0.040643168104533334,0.022632114971144052,0.5
1xA10,microsoft/phi-1_5,1.0,AWQ.4bit,FAv2,AWQ.GEMV,pytorch,0.033,44.912,0.06206060606060606,0.041311892404906674,0.022265764161026005,0.5
1xA10,microsoft/phi-1_5,1.0,AWQ.4bit,Eager,No Kernel,pytorch,0.24,46.24,0.008533333333333334,0.04253344105813334,0.02162629757785467,0.5
1xA10,microsoft/phi-1_5,1.0,Unquantized,Eager,No Kernel,pytorch,0.025,46.357,0.16384,0.1585335624379733,0.021571715167072934,2.0
1xA10,Qwen/Qwen2-0.5B,0.0,Unquantized,SDPA,No Kernel,pytorch,0.023,46.629,0.0,0.00403375915008,0.021445881318492784,0.0
1xA10,Qwen/Qwen2-0.5B,0.0,Unquantized,Eager,No Kernel,pytorch,0.022,47.553,0.0,0.00411369209856,0.02102916745526045,0.0
1xA10,Qwen/Qwen2-0.5B,0.0,Unquantized,SDPA,No Kernel,pytorch,0.021,48.644,0.0,0.004208071802879999,0.020557519940794345,0.0
1xA10,microsoft/phi-1_5,1.0,Unquantized,Eager,No Kernel,pytorch,0.029,48.984,0.14124137931034483,0.16751748435968,0.020414829332026783,2.0
1xA10,microsoft/phi-1_5,1.0,AWQ.4bit,FAv2,No Kernel,pytorch,0.03,49.44,0.06826666666666667,0.04547693178879999,0.02022653721682848,0.5
1xA10,microsoft/phi-1_5,1.0,AWQ.4bit,FAv2,No Kernel,pytorch,0.238,49.95,0.008605042016806723,0.045946050624,0.02002002002002002,0.5
1xA10,Qwen/Qwen2-0.5B,0.0,Unquantized,SDPA,No Kernel,pytorch,0.021,50.996,0.0,0.0044115374899200005,0.0196093811279316,0.0
1xA10,microsoft/phi-1_5,1.0,AWQ.4bit,SDPA,AWQ.GEMV,pytorch,0.031,51.395,0.06606451612903226,0.04727522065706667,0.01945714563673509,0.5
1xA10,microsoft/phi-1_5,1.0,Unquantized,FAv2,No Kernel,pytorch,0.021,51.578,0.19504761904761905,0.17638855153322666,0.0193881112102059,2.0
1xA10,microsoft/phi-1_5,1.0,AWQ.4bit,SDPA,No Kernel,pytorch,0.028,53.016,0.07314285714285715,0.048766282680319996,0.01886223027010714,0.5
1xA10,microsoft/phi-1_5,1.0,Unquantized,Eager,No Kernel,pytorch,0.055,53.048,0.07447272727272727,0.18141571758762667,0.018850852058513043,2.0
1xA10,microsoft/phi-1_5,1.0,Unquantized,FAv2,No Kernel,pytorch,0.024,53.187,0.17066666666666666,0.18189107546623998,0.018801586853930474,2.0
1xA10,microsoft/phi-1_5,1.0,Unquantized,SDPA,No Kernel,pytorch,0.021,53.949,0.19504761904761905,0.18449699419648,0.018536024764129085,2.0
1xA10,microsoft/phi-1_5,1.0,Unquantized,SDPA,No Kernel,pytorch,0.024,54.738,0.17066666666666666,0.18719524862976,0.018268844312908764,2.0
1xA10,microsoft/phi-1_5,1.0,AWQ.4bit,SDPA,No Kernel,pytorch,0.235,54.828,0.008714893617021277,0.05043303430656,0.018238856058947983,0.5
1xA10,microsoft/phi-1_5,1.0,Unquantized,SDPA,No Kernel,pytorch,0.052,55.149,0.07876923076923077,0.18860080322048,0.018132695062467133,2.0
1xA10,google/recurrentgemma-2b,2.0,BnB.8bit,Eager,No Kernel,pytorch,0.455,10.15,0.009002197802197803,0.03471138466133333,0.09852216748768472,2.0
1xA10,google/recurrentgemma-2b,2.0,BnB.4bit,Eager,No Kernel,pytorch,0.42,18.55,0.009752380952380952,0.03252138116266667,0.053908355795148244,1.0
1xA10,google/recurrentgemma-2b,2.0,AWQ.4bit,Eager,AWQ.GEMM,pytorch,0.39,23.764,0.010502564102564102,0.04166243137194666,0.04208045783538125,1.0
1xA10,google/recurrentgemma-2b,2.0,AWQ.4bit,Eager,AWQ.GEMV,pytorch,0.387,28.156,0.010583979328165375,0.04936237239978666,0.03551640858076432,1.0
1xA10,google/recurrentgemma-2b,2.0,AWQ.4bit,Eager,No Kernel,pytorch,0.397,28.722,0.010317380352644836,0.05035466898944,0.03481651695564376,1.0
1xA10,google/recurrentgemma-2b,2.0,AWQ.4bit,Eager,No Kernel,pytorch,0.526,28.754,0.007787072243346007,0.05041077056341333,0.034777770049384434,1.0
1xA10,google/recurrentgemma-2b,2.0,Unquantized,Eager,No Kernel,pytorch,0.384,29.087,0.021333333333333333,0.19642957756757334,0.03437961976140544,4.0
1xA10,google/recurrentgemma-2b,2.0,GPTQ.4bit,Eager,GPTQ.ExllamaV2,pytorch,0.39,29.38,0.010502564102564102,0.05150825760426666,0.03403675970047652,1.0
1xA10,google/recurrentgemma-2b,2.0,Unquantized,Eager,No Kernel,pytorch,0.383,29.478,0.021389033942558748,0.19907006867456,0.0339236040436936,4.0
1xA10,google/recurrentgemma-2b,2.0,GPTQ.4bit,Eager,GPTQ.ExllamaV1,pytorch,0.386,29.542,0.01061139896373057,0.05179227182250667,0.03385011170536863,1.0
1xA10,google/recurrentgemma-2b,2.0,GPTQ.4bit,Eager,GPTQ.ExllamaV2,pytorch,0.384,30.11,0.010666666666666666,0.052788074760533335,0.033211557622052475,1.0
1xA10,google/recurrentgemma-2b,2.0,Unquantized,Eager,No Kernel,pytorch,0.361,30.611,0.022692520775623268,0.20672141502805336,0.032667995165136715,4.0
1xA10,google/recurrentgemma-2b,2.0,Unquantized,Eager,No Kernel,pytorch,0.237,30.837,0.034565400843881856,0.20824763239424,0.03242857606122515,4.0
1xA10,google/recurrentgemma-2b,2.0,GPTQ.4bit,Eager,GPTQ.ExllamaV1,pytorch,0.361,30.868,0.011346260387811634,0.05411698079402666,0.0323960088117144,1.0
1xA10,google/recurrentgemma-2b,2.0,Unquantized,Eager,No Kernel,pytorch,0.233,30.892,0.0351587982832618,0.2086190569745067,0.03237084034701541,4.0
1xA10,google/recurrentgemma-2b,2.0,Unquantized,Eager,No Kernel,pytorch,0.36,31.09,0.022755555555555557,0.20995618546346664,0.0321646831778707,4.0
1xA10,EleutherAI/gpt-j-6b,6.0,AWQ.4bit,FAv2,AWQ.GEMM,pytorch,0.515,2.093,0.023860194174757283,0.010785970424319998,0.4777830864787387,3.0
1xA10,EleutherAI/gpt-j-6b,6.0,AWQ.4bit,Eager,AWQ.GEMM,pytorch,0.509,2.133,0.024141453831041257,0.010992104593919999,0.46882325363338023,3.0
1xA10,EleutherAI/gpt-j-6b,6.0,GPTQ.4bit,FAv2,GPTQ.ExllamaV2,pytorch,0.297,3.857,0.041373737373737375,0.01987648730368,0.25926886180969666,3.0
1xA10,EleutherAI/gpt-j-6b,6.0,GPTQ.4bit,FAv2,GPTQ.ExllamaV1,pytorch,0.297,3.86,0.041373737373737375,0.019891947366399997,0.2590673575129534,3.0
1xA10,EleutherAI/gpt-j-6b,6.0,GPTQ.4bit,Eager,GPTQ.ExllamaV2,pytorch,0.29,3.997,0.04237241379310345,0.020597956897279997,0.25018764073054794,3.0
1xA10,EleutherAI/gpt-j-6b,6.0,GPTQ.4bit,Eager,GPTQ.ExllamaV1,pytorch,0.29,3.997,0.04237241379310345,0.020597956897279997,0.25018764073054794,3.0
1xA10,EleutherAI/gpt-j-6b,6.0,BnB.8bit,FAv2,No Kernel,pytorch,0.102,9.747,0.12047058823529412,0.09896474377728001,0.10259567046270647,6.0
1xA10,EleutherAI/gpt-j-6b,6.0,BnB.8bit,FAv2,No Kernel,pytorch,0.101,9.834,0.12166336633663366,0.09984808559615999,0.10168802115110841,6.0
1xA10,EleutherAI/gpt-j-6b,6.0,BnB.8bit,Eager,No Kernel,pytorch,0.097,10.451,0.12668041237113403,0.10611270516224,0.09568462348100659,6.0
1xA10,EleutherAI/gpt-j-6b,6.0,BnB.8bit,Eager,No Kernel,pytorch,0.095,10.714,0.12934736842105263,0.10878303732736,0.09333582228859436,6.0
1xA10,EleutherAI/gpt-j-6b,6.0,BnB.4bit,FAv2,No Kernel,pytorch,0.291,14.355,0.04222680412371134,0.0739764001152,0.06966213862765587,3.0
1xA10,EleutherAI/gpt-j-6b,6.0,BnB.4bit,Eager,No Kernel,pytorch,0.284,16.694,0.043267605633802816,0.08603009568255998,0.05990176111177669,3.0
1xA10,EleutherAI/gpt-j-6b,6.0,BnB.4bit,FAv2,No Kernel,pytorch,0.288,17.336,0.042666666666666665,0.08933854910464,0.05768343331795109,3.0
1xA10,EleutherAI/gpt-j-6b,6.0,BnB.4bit,Eager,No Kernel,pytorch,0.281,20.203,0.04372953736654804,0.10411321571072,0.04949759936643073,3.0
1xA10,EleutherAI/gpt-j-6b,6.0,AWQ.4bit,FAv2,AWQ.GEMM,pytorch,0.103,20.953,0.11930097087378641,0.10797823139072,0.04772586264496731,3.0
1xA10,EleutherAI/gpt-j-6b,6.0,Unquantized,FAv2,No Kernel,pytorch,0.092,22.367,0.2671304347826087,0.45077007428608,0.044708722671793266,12.0
1xA10,EleutherAI/gpt-j-6b,6.0,Unquantized,FAv2,No Kernel,pytorch,0.083,22.372,0.29609638554216866,0.45087084105728,0.04469873055605221,12.0
1xA10,EleutherAI/gpt-j-6b,6.0,Unquantized,FAv2,No Kernel,pytorch,0.092,22.513,0.2671304347826087,0.45371246400512005,0.04441878026029405,12.0
1xA10,EleutherAI/gpt-j-6b,6.0,Unquantized,FAv2,No Kernel,pytorch,0.083,22.678,0.29609638554216866,0.45703776745472,0.04409559925919393,12.0
1xA10,EleutherAI/gpt-j-6b,6.0,AWQ.4bit,FAv2,AWQ.GEMV,pytorch,0.106,23.731,0.11592452830188679,0.12229424946944002,0.042138974337364625,3.0
1xA10,EleutherAI/gpt-j-6b,6.0,AWQ.4bit,FAv2,AWQ.GEMV,pytorch,0.106,24.168,0.11592452830188679,0.12454626527232,0.04137702747434625,3.0
1xA10,EleutherAI/gpt-j-6b,6.0,AWQ.4bit,FAv2,No Kernel,pytorch,0.112,24.308,0.10971428571428571,0.12526773486592,0.041138719763040975,3.0
1xA10,EleutherAI/gpt-j-6b,6.0,AWQ.4bit,FAv2,No Kernel,pytorch,1.07,24.491,0.01148411214953271,0.12621079869184,0.04083132579314851,3.0
1xA10,EleutherAI/gpt-j-6b,6.0,AWQ.4bit,Eager,AWQ.GEMM,pytorch,0.096,24.892,0.128,0.12827729374208,0.040173549734854576,3.0
1xA10,EleutherAI/gpt-j-6b,6.0,AWQ.4bit,FAv2,No Kernel,pytorch,1.069,25.068,0.011494855004677269,0.12918428408832,0.039891495133237594,3.0
1xA10,EleutherAI/gpt-j-6b,6.0,AWQ.4bit,FAv2,No Kernel,pytorch,0.112,25.086,0.10971428571428571,0.12927704446464,0.0398628717212788,3.0
1xA10,EleutherAI/gpt-j-6b,6.0,GPTQ.4bit,FAv2,GPTQ.ExllamaV2,pytorch,0.109,25.956,0.11273394495412845,0.13376046265344,0.03852673755586377,3.0
1xA10,EleutherAI/gpt-j-6b,6.0,GPTQ.4bit,FAv2,GPTQ.ExllamaV1,pytorch,0.109,26.233,0.11273394495412845,0.13518794177792,0.03811992528494644,3.0
1xA10,EleutherAI/gpt-j-6b,6.0,Unquantized,Eager,No Kernel,pytorch,0.076,28.192,0.3233684210526316,0.5681633627340801,0.03547105561861521,12.0
1xA10,EleutherAI/gpt-j-6b,6.0,Unquantized,Eager,No Kernel,pytorch,0.084,28.234,0.2925714285714286,0.56900980361216,0.03541829000495856,12.0
1xA10,EleutherAI/gpt-j-6b,6.0,Unquantized,Eager,No Kernel,pytorch,0.085,28.254,0.28912941176470586,0.56941287069696,0.03539321865930488,12.0
1xA10,EleutherAI/gpt-j-6b,6.0,Unquantized,Eager,No Kernel,pytorch,0.076,28.424,0.3233684210526316,0.57283894091776,0.03518153672952434,12.0
1xA10,EleutherAI/gpt-j-6b,6.0,AWQ.4bit,Eager,AWQ.GEMV,pytorch,0.099,29.326,0.12412121212121212,0.15112726644223998,0.03409943394939644,3.0
1xA10,EleutherAI/gpt-j-6b,6.0,AWQ.4bit,Eager,No Kernel,pytorch,0.106,30.264,0.11592452830188679,0.15596111271936,0.03304255881575469,3.0
1xA10,EleutherAI/gpt-j-6b,6.0,AWQ.4bit,Eager,AWQ.GEMV,pytorch,0.099,30.787,0.12412121212121212,0.15865631698687999,0.032481242082697245,3.0
1xA10,EleutherAI/gpt-j-6b,6.0,AWQ.4bit,Eager,No Kernel,pytorch,0.105,31.047,0.11702857142857143,0.15999618908928,0.03220923116565207,3.0
1xA10,EleutherAI/gpt-j-6b,6.0,AWQ.4bit,Eager,No Kernel,pytorch,1.062,31.449,0.011570621468926554,0.16206783749376,0.03179751343444943,3.0
1xA10,EleutherAI/gpt-j-6b,6.0,AWQ.4bit,Eager,No Kernel,pytorch,1.062,32.029,0.011570621468926554,0.16505678295296,0.031221705329545095,3.0
1xA10,EleutherAI/gpt-j-6b,6.0,GPTQ.4bit,Eager,GPTQ.ExllamaV2,pytorch,0.102,32.414,0.12047058823529412,0.16704082433536002,0.03085086690936015,3.0
1xA10,EleutherAI/gpt-j-6b,6.0,GPTQ.4bit,Eager,GPTQ.ExllamaV1,pytorch,0.102,33.642,0.12047058823529412,0.17336914334208003,0.029724748825872418,3.0
1xA10,openai-community/gpt2,0.0,BnB.8bit,Eager,No Kernel,pytorch,0.029,35.603,0.0,0.00307992723456,0.028087520714546527,0.0
1xA10,openai-community/gpt2,0.0,BnB.8bit,Eager,No Kernel,pytorch,0.028,37.269,0.0,0.0032240487628799994,0.026831951487831712,0.0
1xA10,openai-community/gpt2,0.0,BnB.8bit,FAv2,No Kernel,pytorch,0.026,38.211,0.0,0.0033055388467200003,0.026170474470702153,0.0
1xA10,openai-community/gpt2,0.0,BnB.8bit,FAv2,No Kernel,pytorch,0.026,38.558,0.0,0.0033355569561600005,0.02593495513252762,0.0
1xA10,openai-community/gpt2,0.0,BnB.8bit,SDPA,No Kernel,pytorch,0.026,39.486,0.0,0.0034158359347199996,0.02532543179861217,0.0
1xA10,openai-community/gpt2,0.0,BnB.8bit,SDPA,No Kernel,pytorch,0.025,40.218,0.0,0.00347915943936,0.024864488537470784,0.0
1xA10,openai-community/gpt2,0.0,BnB.4bit,Eager,No Kernel,pytorch,0.022,55.783,0.0,0.004825648988159999,0.017926608464944517,0.0
1xA10,openai-community/gpt2,0.0,GPTQ.4bit,Eager,GPTQ.ExllamaV1,pytorch,0.017,60.366,0.0,0.005222112952320001,0.01656561640658649,0.0
1xA10,openai-community/gpt2,0.0,BnB.4bit,FAv2,No Kernel,pytorch,0.019,60.408,0.0,0.00522574626816,0.016554098794861607,0.0
1xA10,openai-community/gpt2,0.0,GPTQ.4bit,Eager,GPTQ.ExllamaV2,pytorch,0.017,60.92,0.0,0.005270038118400001,0.016414970453053183,0.0
1xA10,openai-community/gpt2,0.0,GPTQ.4bit,FAv2,GPTQ.ExllamaV1,pytorch,0.016,62.796,0.0,0.005432326225919999,0.015924581183514874,0.0
1xA10,openai-community/gpt2,0.0,BnB.4bit,SDPA,No Kernel,pytorch,0.019,63.65,0.0,0.005506203648,0.015710919088766692,0.0
1xA10,openai-community/gpt2,0.0,GPTQ.4bit,FAv2,GPTQ.ExllamaV2,pytorch,0.015,64.464,0.0,0.00557662076928,0.01551253412757508,0.0
1xA10,openai-community/gpt2,0.0,BnB.4bit,Eager,No Kernel,pytorch,0.019,66.302,0.0,0.00573562159104,0.015082501282012608,0.0
1xA10,openai-community/gpt2,0.0,GPTQ.4bit,SDPA,GPTQ.ExllamaV1,pytorch,0.015,67.925,0.0,0.005876023295999999,0.01472211998527788,0.0
1xA10,openai-community/gpt2,0.0,GPTQ.4bit,SDPA,GPTQ.ExllamaV2,pytorch,0.015,68.322,0.0,0.00591036678144,0.014636573870788325,0.0
1xA10,openai-community/gpt2,0.0,BnB.4bit,FAv2,No Kernel,pytorch,0.018,69.602,0.0,0.006021096407040001,0.014367403235539207,0.0
1xA10,openai-community/gpt2,0.0,BnB.4bit,SDPA,No Kernel,pytorch,0.018,71.314,0.0,0.006169197281279999,0.014022492077291978,0.0
1xA10,openai-community/gpt2,0.0,AWQ.4bit,Eager,No Kernel,pytorch,0.01,108.613,0.0,0.00939584126976,0.00920700100356311,0.0
1xA10,openai-community/gpt2,0.0,Unquantized,Eager,No Kernel,pytorch,0.01,111.494,0.0,0.00964506943488,0.00896909250722012,0.0
1xA10,openai-community/gpt2,0.0,Unquantized,Eager,No Kernel,pytorch,0.01,111.773,0.0,0.00966920503296,0.008946704481404276,0.0
1xA10,openai-community/gpt2,0.0,GPTQ.4bit,Eager,GPTQ.ExllamaV2,pytorch,0.011,113.861,0.0,0.00984983273472,0.008782638480252238,0.0
1xA10,openai-community/gpt2,0.0,AWQ.4bit,Eager,No Kernel,pytorch,0.01,113.872,0.0,0.009850784317440001,0.008781790080089925,0.0
1xA10,openai-community/gpt2,0.0,AWQ.4bit,Eager,AWQ.GEMV,pytorch,0.01,114.608,0.0,0.00991445385216,0.00872539438782633,0.0
1xA10,openai-community/gpt2,0.0,AWQ.4bit,Eager,AWQ.GEMM,pytorch,0.01,114.749,0.0,0.009926651412479998,0.008714672894752896,0.0
1xA10,openai-community/gpt2,0.0,Unquantized,Eager,No Kernel,pytorch,0.009,116.456,0.0,0.010074319749120002,0.008586934121041423,0.0
1xA10,openai-community/gpt2,0.0,GPTQ.4bit,Eager,GPTQ.ExllamaV1,pytorch,0.011,117.738,0.0,0.01018522238976,0.008493434575073469,0.0
1xA10,openai-community/gpt2,0.0,Unquantized,Eager,No Kernel,pytorch,0.01,119.481,0.0,0.010336004997119999,0.008369531557318738,0.0
1xA10,openai-community/gpt2,0.0,Unquantized,Eager,No Kernel,pytorch,0.009,120.417,0.0,0.010416976035839999,0.008304475281729324,0.0
1xA10,openai-community/gpt2,0.0,Unquantized,Eager,No Kernel,pytorch,0.009,123.94,0.0,0.0107217420288,0.008068420203324189,0.0
1xA10,openai-community/gpt2,0.0,AWQ.4bit,Eager,No Kernel,pytorch,0.009,124.892,0.0,0.010804097187839999,0.008006917977132242,0.0
1xA10,openai-community/gpt2,0.0,AWQ.4bit,Eager,AWQ.GEMM,pytorch,0.009,125.154,0.0,0.010826762158080002,0.007990156127650734,0.0
1xA10,openai-community/gpt2,0.0,AWQ.4bit,Eager,AWQ.GEMV,pytorch,0.009,128.137,0.0,0.01108481409024,0.007804147123781578,0.0
1xA10,openai-community/gpt2,0.0,Unquantized,FAv2,No Kernel,pytorch,0.008,128.476,0.0,0.01111414013952,0.007783554905196301,0.0
1xA10,openai-community/gpt2,0.0,AWQ.4bit,Eager,No Kernel,pytorch,0.009,128.822,0.0,0.01114407174144,0.00776264923693158,0.0
1xA10,openai-community/gpt2,0.0,AWQ.4bit,FAv2,No Kernel,pytorch,0.008,129.081,0.0,0.011166477189119998,0.007747073542969144,0.0
1xA10,openai-community/gpt2,0.0,AWQ.4bit,FAv2,No Kernel,pytorch,0.008,131.49,0.0,0.011374873804800002,0.007605141075366947,0.0
1xA10,openai-community/gpt2,0.0,AWQ.4bit,FAv2,AWQ.GEMV,pytorch,0.008,132.104,0.0,0.011427989422080002,0.007569793496033427,0.0
1xA10,openai-community/gpt2,0.0,Unquantized,FAv2,No Kernel,pytorch,0.008,132.596,0.0,0.01147055112192,0.0075417056321457655,0.0
1xA10,openai-community/gpt2,0.0,AWQ.4bit,FAv2,AWQ.GEMM,pytorch,0.008,132.742,0.0,0.011483181219839999,0.007533410676349611,0.0
1xA10,openai-community/gpt2,0.0,Unquantized,FAv2,No Kernel,pytorch,0.008,135.76,0.0,0.011744260915199999,0.007365939893930466,0.0
1xA10,openai-community/gpt2,0.0,Unquantized,FAv2,No Kernel,pytorch,0.008,135.856,0.0,0.011752565637120002,0.007360734895771994,0.0
1xA10,openai-community/gpt2,0.0,AWQ.4bit,SDPA,No Kernel,pytorch,0.008,138.921,0.0,0.012017711185919999,0.007198335744775808,0.0
1xA10,openai-community/gpt2,0.0,AWQ.4bit,SDPA,AWQ.GEMM,pytorch,0.008,139.432,0.0,0.012061916528639999,0.007171954787997017,0.0
1xA10,openai-community/gpt2,0.0,GPTQ.4bit,FAv2,GPTQ.ExllamaV2,pytorch,0.009,139.654,0.0,0.01208112119808,0.007160553940452834,0.0
1xA10,openai-community/gpt2,0.0,GPTQ.4bit,FAv2,GPTQ.ExllamaV1,pytorch,0.009,140.332,0.0,0.01213977329664,0.00712595844141037,0.0
1xA10,openai-community/gpt2,0.0,AWQ.4bit,FAv2,AWQ.GEMV,pytorch,0.007,142.343,0.0,0.01231373991936,0.007025283997105583,0.0
1xA10,openai-community/gpt2,0.0,Unquantized,SDPA,No Kernel,pytorch,0.008,142.434,0.0,0.01232161210368,0.007020795596557002,0.0
1xA10,openai-community/gpt2,0.0,AWQ.4bit,SDPA,AWQ.GEMV,pytorch,0.008,142.837,0.0,0.012356474634239998,0.007000987139186626,0.0
1xA10,openai-community/gpt2,0.0,AWQ.4bit,FAv2,No Kernel,pytorch,0.007,143.047,0.0,0.01237464121344,0.006990709347277468,0.0
1xA10,openai-community/gpt2,0.0,Unquantized,SDPA,No Kernel,pytorch,0.007,143.624,0.0,0.01242455605248,0.006962624630980895,0.0
1xA10,openai-community/gpt2,0.0,AWQ.4bit,SDPA,No Kernel,pytorch,0.008,143.762,0.0,0.01243649409024,0.006955941069267261,0.0
1xA10,openai-community/gpt2,0.0,AWQ.4bit,FAv2,No Kernel,pytorch,0.007,145.575,0.0,0.012593332224,0.006869311351537009,0.0
1xA10,openai-community/gpt2,0.0,Unquantized,SDPA,No Kernel,pytorch,0.008,146.167,0.0,0.01264454467584,0.006841489529100276,0.0
1xA10,openai-community/gpt2,0.0,GPTQ.4bit,SDPA,GPTQ.ExllamaV1,pytorch,0.008,147.026,0.0,0.012718854635520001,0.006801518098839661,0.0
1xA10,openai-community/gpt2,0.0,GPTQ.4bit,SDPA,GPTQ.ExllamaV2,pytorch,0.009,147.3,0.0,0.012742557696,0.00678886625933469,0.0
1xA10,openai-community/gpt2,0.0,AWQ.4bit,FAv2,AWQ.GEMM,pytorch,0.007,148.755,0.0,0.012868426137599998,0.006722463110483682,0.0
1xA10,openai-community/gpt2,0.0,Unquantized,SDPA,No Kernel,pytorch,0.007,150.158,0.0,0.01298979618816,0.00665965183340215,0.0
1xA10,openai-community/gpt2,0.0,AWQ.4bit,SDPA,No Kernel,pytorch,0.007,150.829,0.0,0.01304784273408,0.006630024729992243,0.0
1xA10,openai-community/gpt2,0.0,AWQ.4bit,SDPA,AWQ.GEMM,pytorch,0.007,151.809,0.0,0.013132620103679998,0.00658722473634633,0.0
1xA10,openai-community/gpt2,0.0,Unquantized,SDPA,No Kernel,pytorch,0.007,153.145,0.0,0.013248194150400001,0.006529759378366907,0.0
1xA10,openai-community/gpt2,0.0,AWQ.4bit,SDPA,No Kernel,pytorch,0.007,155.342,0.0,0.013438251171840002,0.006437409071596863,0.0
1xA10,openai-community/gpt2,0.0,AWQ.4bit,SDPA,AWQ.GEMV,pytorch,0.007,155.892,0.0,0.013485830307839999,0.006414697354578811,0.0
1xA10,openai-community/gpt2,0.0,Unquantized,SDPA,No Kernel,pytorch,0.008,157.655,0.0,0.0136383430656,0.00634296406710856,0.0
1xA10,huggyllama/llama-7b,6.0,AWQ.4bit,Eager,AWQ.GEMM,pytorch,0.575,1.881,0.021370434782608697,0.009693459325440001,0.531632110579479,3.0
1xA10,huggyllama/llama-7b,6.0,AWQ.4bit,FAv2,AWQ.GEMM,pytorch,0.571,1.881,0.02152014010507881,0.009693459325440001,0.531632110579479,3.0
1xA10,huggyllama/llama-7b,6.0,AWQ.4bit,SDPA,AWQ.GEMM,pytorch,0.571,1.882,0.02152014010507881,0.009698612679679999,0.5313496280552604,3.0
1xA10,huggyllama/llama-7b,6.0,GPTQ.4bit,Eager,GPTQ.ExllamaV1,pytorch,0.322,3.591,0.03816149068322981,0.01850569507584,0.278473962684489,3.0
1xA10,huggyllama/llama-7b,6.0,GPTQ.4bit,Eager,GPTQ.ExllamaV2,pytorch,0.323,3.592,0.03804334365325077,0.01851084843008,0.27839643652561247,3.0
1xA10,huggyllama/llama-7b,6.0,GPTQ.4bit,FAv2,GPTQ.ExllamaV2,pytorch,0.32,3.595,0.0384,0.0185263084928,0.27816411682892905,3.0
1xA10,huggyllama/llama-7b,6.0,GPTQ.4bit,FAv2,GPTQ.ExllamaV1,pytorch,0.319,3.596,0.03852037617554859,0.01853146184704,0.27808676307007785,3.0
1xA10,huggyllama/llama-7b,6.0,GPTQ.4bit,SDPA,GPTQ.ExllamaV2,pytorch,0.319,3.597,0.03852037617554859,0.01853661520128,0.2780094523213789,3.0
1xA10,huggyllama/llama-7b,6.0,GPTQ.4bit,SDPA,GPTQ.ExllamaV1,pytorch,0.319,3.597,0.03852037617554859,0.01853661520128,0.2780094523213789,3.0
1xA10,huggyllama/llama-7b,6.0,BnB.8bit,Eager,No Kernel,pytorch,0.116,8.728,0.10593103448275862,0.08861847580672,0.11457378551787352,6.0
1xA10,huggyllama/llama-7b,6.0,BnB.8bit,FAv2,No Kernel,pytorch,0.112,8.83,0.10971428571428571,0.0896541179392,0.11325028312570781,6.0
1xA10,huggyllama/llama-7b,6.0,BnB.8bit,SDPA,No Kernel,pytorch,0.11,9.071,0.11170909090909091,0.09210107631103999,0.11024142872891633,6.0
1xA10,huggyllama/llama-7b,6.0,BnB.4bit,Eager,No Kernel,pytorch,0.318,14.956,0.038641509433962266,0.07707356601344,0.06686279753944906,3.0
1xA10,huggyllama/llama-7b,6.0,BnB.4bit,FAv2,No Kernel,pytorch,0.315,15.191,0.039009523809523806,0.07828460425983999,0.06582845105654664,3.0
1xA10,huggyllama/llama-7b,6.0,BnB.4bit,SDPA,No Kernel,pytorch,0.315,15.483,0.039009523809523806,0.07978938369792002,0.06458696635019053,3.0
1xA10,huggyllama/llama-7b,6.0,Unquantized,FAv2,No Kernel,pytorch,0.096,24.834,0.256,0.5004883991961601,0.04026737537247322,12.0
1xA10,huggyllama/llama-7b,6.0,Unquantized,FAv2,No Kernel,pytorch,0.096,24.992,0.256,0.50367262916608,0.04001280409731114,12.0
1xA10,huggyllama/llama-7b,6.0,Unquantized,Eager,No Kernel,pytorch,0.099,27.465,0.24824242424242424,0.5535118742016,0.036409976333515386,12.0
1xA10,huggyllama/llama-7b,6.0,Unquantized,Eager,No Kernel,pytorch,0.097,27.601,0.25336082474226806,0.5562527303782399,0.03623057135611029,12.0
1xA10,huggyllama/llama-7b,6.0,Unquantized,FAv2,No Kernel,pytorch,0.093,27.872,0.26425806451612904,0.5617142893772801,0.035878300803673935,12.0
1xA10,huggyllama/llama-7b,6.0,Unquantized,FAv2,No Kernel,pytorch,0.094,27.88,0.2614468085106383,0.5618755162112,0.035868005738880916,12.0
1xA10,huggyllama/llama-7b,6.0,Unquantized,SDPA,No Kernel,pytorch,0.094,27.947,0.2614468085106383,0.56322579094528,0.03578201595877912,12.0
1xA10,huggyllama/llama-7b,6.0,Unquantized,SDPA,No Kernel,pytorch,0.094,27.967,0.2614468085106383,0.5636288580300799,0.0357564272177924,12.0
1xA10,huggyllama/llama-7b,6.0,Unquantized,Eager,No Kernel,pytorch,0.098,28.306,0.2507755102040816,0.57046084511744,0.03532819896841659,12.0
1xA10,huggyllama/llama-7b,6.0,Unquantized,Eager,No Kernel,pytorch,0.096,28.445,0.256,0.5732621613568,0.03515556336790297,12.0
1xA10,huggyllama/llama-7b,6.0,Unquantized,SDPA,No Kernel,pytorch,0.093,28.755,0.26425806451612904,0.5795097011712,0.03477656059815684,12.0
1xA10,huggyllama/llama-7b,6.0,Unquantized,SDPA,No Kernel,pytorch,0.093,28.757,0.26425806451612904,0.57955000787968,0.03477414194804743,12.0
1xA10,huggyllama/llama-7b,6.0,AWQ.4bit,FAv2,AWQ.GEMV,pytorch,0.103,35.605,0.11930097087378641,0.18348517771519998,0.028085942985535742,3.0
1xA10,huggyllama/llama-7b,6.0,AWQ.4bit,Eager,AWQ.GEMV,pytorch,0.104,35.954,0.11815384615384615,0.18528369834496,0.02781331701618735,3.0
1xA10,huggyllama/llama-7b,6.0,AWQ.4bit,Eager,No Kernel,pytorch,1.228,36.584,0.010006514657980456,0.18853031151616004,0.02733435381587579,3.0
1xA10,huggyllama/llama-7b,6.0,AWQ.4bit,Eager,No Kernel,pytorch,0.111,37.08,0.1107027027027027,0.1910863752192,0.02696871628910464,3.0
1xA10,huggyllama/llama-7b,6.0,AWQ.4bit,FAv2,No Kernel,pytorch,1.229,37.572,0.009998372660699755,0.19362182550528,0.02661556478228468,3.0
1xA10,huggyllama/llama-7b,6.0,AWQ.4bit,FAv2,No Kernel,pytorch,0.11,38.598,0.11170909090909091,0.19890916695551997,0.02590807813876367,3.0
1xA10,huggyllama/llama-7b,6.0,AWQ.4bit,SDPA,AWQ.GEMV,pytorch,0.1,41.285,0.12288,0.2127562297984,0.024221872350732712,3.0
1xA10,huggyllama/llama-7b,6.0,AWQ.4bit,SDPA,No Kernel,pytorch,0.108,43.36,0.11377777777777778,0.2234494398464,0.023062730627306273,3.0
1xA10,huggyllama/llama-7b,6.0,AWQ.4bit,SDPA,No Kernel,pytorch,1.226,43.837,0.010022838499184339,0.22590758981888004,0.022811780003193647,3.0
1xA10,EleutherAI/gpt-neo-2.7B,2.0,AWQ.4bit,Eager,AWQ.GEMM,pytorch,0.25,4.379,0.016384,0.007677149763413333,0.22836263987211694,1.0
1xA10,EleutherAI/gpt-neo-2.7B,2.0,AWQ.4bit,FAv2,AWQ.GEMM,pytorch,0.243,4.509,0.0168559670781893,0.00790506240768,0.22177866489243733,1.0
1xA10,EleutherAI/gpt-neo-2.7B,2.0,GPTQ.4bit,Eager,GPTQ.ExllamaV2,pytorch,0.143,8.278,0.028643356643356644,0.014512775917226666,0.12080212611741965,1.0
1xA10,EleutherAI/gpt-neo-2.7B,2.0,GPTQ.4bit,Eager,GPTQ.ExllamaV1,pytorch,0.143,8.28,0.028643356643356644,0.014516282265599999,0.12077294685990339,1.0
1xA10,EleutherAI/gpt-neo-2.7B,2.0,GPTQ.4bit,FAv2,GPTQ.ExllamaV2,pytorch,0.134,8.795,0.030567164179104475,0.015419166971733332,0.1137009664582149,1.0
1xA10,EleutherAI/gpt-neo-2.7B,2.0,GPTQ.4bit,FAv2,GPTQ.ExllamaV1,pytorch,0.134,8.795,0.030567164179104475,0.015419166971733332,0.1137009664582149,1.0
1xA10,EleutherAI/gpt-neo-2.7B,2.0,BnB.8bit,Eager,No Kernel,pytorch,0.097,10.501,0.04222680412371134,0.035911748800853335,0.09522902580706599,2.0
1xA10,EleutherAI/gpt-neo-2.7B,2.0,BnB.8bit,Eager,No Kernel,pytorch,0.095,10.693,0.04311578947368421,0.03656835824469334,0.09351912466099317,2.0
1xA10,EleutherAI/gpt-neo-2.7B,2.0,BnB.8bit,FAv2,No Kernel,pytorch,0.089,11.227,0.04602247191011236,0.03839455326037333,0.08907098957869422,2.0
1xA10,EleutherAI/gpt-neo-2.7B,2.0,BnB.8bit,FAv2,No Kernel,pytorch,0.089,11.252,0.04602247191011236,0.03848004928170667,0.08887308922858159,2.0
1xA10,EleutherAI/gpt-neo-2.7B,2.0,BnB.4bit,Eager,No Kernel,pytorch,0.139,17.72,0.02946762589928057,0.03106624658773333,0.05643340857787811,1.0
1xA10,EleutherAI/gpt-neo-2.7B,2.0,BnB.4bit,FAv2,No Kernel,pytorch,0.127,19.178,0.03225196850393701,0.03362237455189333,0.05214308061320263,1.0
1xA10,EleutherAI/gpt-neo-2.7B,2.0,BnB.4bit,Eager,No Kernel,pytorch,0.135,22.102,0.030340740740740738,0.03874865587370667,0.0452447742285766,1.0
1xA10,EleutherAI/gpt-neo-2.7B,2.0,BnB.4bit,FAv2,No Kernel,pytorch,0.126,24.983,0.032507936507936507,0.04379955070549334,0.040027218508585836,1.0
1xA10,EleutherAI/gpt-neo-2.7B,2.0,AWQ.4bit,Eager,AWQ.GEMM,pytorch,0.06,31.577,0.06826666666666667,0.05535998129237334,0.031668619564873164,1.0
1xA10,EleutherAI/gpt-neo-2.7B,2.0,Unquantized,Eager,No Kernel,pytorch,0.096,34.165,0.08533333333333333,0.23072219608746666,0.029269720474169474,4.0
1xA10,EleutherAI/gpt-neo-2.7B,2.0,Unquantized,Eager,No Kernel,pytorch,0.095,34.469,0.08623157894736842,0.23277516104021334,0.029011575618671848,4.0
1xA10,EleutherAI/gpt-neo-2.7B,2.0,AWQ.4bit,FAv2,AWQ.GEMM,pytorch,0.053,38.564,0.07728301886792453,0.06760940933461333,0.02593092002904263,1.0
1xA10,EleutherAI/gpt-neo-2.7B,2.0,Unquantized,Eager,No Kernel,pytorch,0.039,40.78,0.21005128205128204,0.27539444333226665,0.024521824423737126,4.0
1xA10,EleutherAI/gpt-neo-2.7B,2.0,Unquantized,Eager,No Kernel,pytorch,0.042,41.799,0.19504761904761905,0.28227592782848,0.02392401732098854,4.0
1xA10,EleutherAI/gpt-neo-2.7B,2.0,Unquantized,Eager,No Kernel,pytorch,0.042,41.802,0.19504761904761905,0.28229618735104,0.023922300368403426,4.0
1xA10,EleutherAI/gpt-neo-2.7B,2.0,AWQ.4bit,Eager,AWQ.GEMV,pytorch,0.06,41.877,0.06826666666666667,0.07341767541504,0.023879456503569978,1.0
1xA10,EleutherAI/gpt-neo-2.7B,2.0,AWQ.4bit,Eager,AWQ.GEMV,pytorch,0.06,42.382,0.06826666666666667,0.07430302837930666,0.023594922372705395,1.0
1xA10,EleutherAI/gpt-neo-2.7B,2.0,AWQ.4bit,Eager,No Kernel,pytorch,0.055,43.479,0.07447272727272727,0.07622626046208,0.02299960900664689,1.0
1xA10,EleutherAI/gpt-neo-2.7B,2.0,Unquantized,Eager,No Kernel,pytorch,0.039,43.513,0.21005128205128204,0.29385086838442664,0.022981637671500472,4.0
1xA10,EleutherAI/gpt-neo-2.7B,2.0,AWQ.4bit,Eager,No Kernel,pytorch,0.498,43.716,0.008224899598393575,0.07664176274432,0.02287491993778022,1.0
1xA10,EleutherAI/gpt-neo-2.7B,2.0,AWQ.4bit,Eager,No Kernel,pytorch,0.055,43.882,0.07447272727272727,0.07693278965930667,0.022788387037965454,1.0
1xA10,EleutherAI/gpt-neo-2.7B,2.0,GPTQ.4bit,Eager,GPTQ.ExllamaV2,pytorch,0.054,44.911,0.07585185185185185,0.07873680589738667,0.022266259936318495,1.0
1xA10,EleutherAI/gpt-neo-2.7B,2.0,AWQ.4bit,Eager,No Kernel,pytorch,0.498,45.389,0.008224899598393575,0.07957482315861333,0.022031769812069002,1.0
1xA10,EleutherAI/gpt-neo-2.7B,2.0,GPTQ.4bit,Eager,GPTQ.ExllamaV1,pytorch,0.054,46.995,0.07585185185185185,0.0823904209024,0.021278859453133313,1.0
1xA10,EleutherAI/gpt-neo-2.7B,2.0,Unquantized,FAv2,No Kernel,pytorch,0.035,50.401,0.23405714285714282,0.34036673218218666,0.0198408761730918,4.0
1xA10,EleutherAI/gpt-neo-2.7B,2.0,Unquantized,FAv2,No Kernel,pytorch,0.032,51.297,0.256,0.34641757625343994,0.019494317406476013,4.0
1xA10,EleutherAI/gpt-neo-2.7B,2.0,AWQ.4bit,FAv2,AWQ.GEMV,pytorch,0.053,52.548,0.07728301886792453,0.09212579716095999,0.019030219989343077,1.0
1xA10,EleutherAI/gpt-neo-2.7B,2.0,Unquantized,FAv2,No Kernel,pytorch,0.032,52.678,0.256,0.3557437098052266,0.01898325676753104,4.0
1xA10,EleutherAI/gpt-neo-2.7B,2.0,AWQ.4bit,FAv2,AWQ.GEMV,pytorch,0.053,53.123,0.07728301886792453,0.09313387231829333,0.01882423808896335,1.0
1xA10,EleutherAI/gpt-neo-2.7B,2.0,Unquantized,FAv2,No Kernel,pytorch,0.035,53.948,0.23405714285714282,0.3643202410222933,0.018536368354711945,4.0
1xA10,EleutherAI/gpt-neo-2.7B,2.0,AWQ.4bit,FAv2,No Kernel,pytorch,0.049,55.585,0.08359183673469388,0.09745018716586668,0.017990465053521632,1.0
1xA10,EleutherAI/gpt-neo-2.7B,2.0,AWQ.4bit,FAv2,No Kernel,pytorch,0.049,55.779,0.08359183673469388,0.09779030295808,0.01792789401029061,1.0
1xA10,EleutherAI/gpt-neo-2.7B,2.0,AWQ.4bit,FAv2,No Kernel,pytorch,0.493,56.278,0.008308316430020285,0.09866513687722667,0.01776893279789616,1.0
1xA10,EleutherAI/gpt-neo-2.7B,2.0,AWQ.4bit,FAv2,No Kernel,pytorch,0.492,57.157,0.00832520325203252,0.10020617698730666,0.017495669821719125,1.0
1xA10,EleutherAI/gpt-neo-2.7B,2.0,GPTQ.4bit,FAv2,GPTQ.ExllamaV2,pytorch,0.048,57.492,0.08533333333333333,0.10079349033983999,0.017393724344256595,1.0
1xA10,EleutherAI/gpt-neo-2.7B,2.0,GPTQ.4bit,FAv2,GPTQ.ExllamaV1,pytorch,0.048,59.606,0.08533333333333333,0.10449970057045332,0.0167768345468577,1.0
1xA10,openai-community/gpt2,0.0,BnB.8bit,Eager,No Kernel,pytorch,0.029,35.603,0.0,0.00307992723456,0.028087520714546527,0.0
1xA10,openai-community/gpt2,0.0,BnB.8bit,Eager,No Kernel,pytorch,0.028,37.269,0.0,0.0032240487628799994,0.026831951487831712,0.0
1xA10,openai-community/gpt2,0.0,BnB.8bit,FAv2,No Kernel,pytorch,0.026,38.211,0.0,0.0033055388467200003,0.026170474470702153,0.0
1xA10,openai-community/gpt2,0.0,BnB.8bit,FAv2,No Kernel,pytorch,0.026,38.558,0.0,0.0033355569561600005,0.02593495513252762,0.0
1xA10,openai-community/gpt2,0.0,BnB.8bit,SDPA,No Kernel,pytorch,0.026,39.486,0.0,0.0034158359347199996,0.02532543179861217,0.0
1xA10,openai-community/gpt2,0.0,BnB.8bit,SDPA,No Kernel,pytorch,0.025,40.218,0.0,0.00347915943936,0.024864488537470784,0.0
1xA10,openai-community/gpt2,0.0,BnB.4bit,Eager,No Kernel,pytorch,0.022,55.783,0.0,0.004825648988159999,0.017926608464944517,0.0
1xA10,openai-community/gpt2,0.0,GPTQ.4bit,Eager,GPTQ.ExllamaV1,pytorch,0.017,60.366,0.0,0.005222112952320001,0.01656561640658649,0.0
1xA10,openai-community/gpt2,0.0,BnB.4bit,FAv2,No Kernel,pytorch,0.019,60.408,0.0,0.00522574626816,0.016554098794861607,0.0
1xA10,openai-community/gpt2,0.0,GPTQ.4bit,Eager,GPTQ.ExllamaV2,pytorch,0.017,60.92,0.0,0.005270038118400001,0.016414970453053183,0.0
1xA10,openai-community/gpt2,0.0,GPTQ.4bit,FAv2,GPTQ.ExllamaV1,pytorch,0.016,62.796,0.0,0.005432326225919999,0.015924581183514874,0.0
1xA10,openai-community/gpt2,0.0,BnB.4bit,SDPA,No Kernel,pytorch,0.019,63.65,0.0,0.005506203648,0.015710919088766692,0.0
1xA10,openai-community/gpt2,0.0,GPTQ.4bit,FAv2,GPTQ.ExllamaV2,pytorch,0.015,64.464,0.0,0.00557662076928,0.01551253412757508,0.0
1xA10,openai-community/gpt2,0.0,BnB.4bit,Eager,No Kernel,pytorch,0.019,66.302,0.0,0.00573562159104,0.015082501282012608,0.0
1xA10,openai-community/gpt2,0.0,GPTQ.4bit,SDPA,GPTQ.ExllamaV1,pytorch,0.015,67.925,0.0,0.005876023295999999,0.01472211998527788,0.0
1xA10,openai-community/gpt2,0.0,GPTQ.4bit,SDPA,GPTQ.ExllamaV2,pytorch,0.015,68.322,0.0,0.00591036678144,0.014636573870788325,0.0
1xA10,openai-community/gpt2,0.0,BnB.4bit,FAv2,No Kernel,pytorch,0.018,69.602,0.0,0.006021096407040001,0.014367403235539207,0.0
1xA10,openai-community/gpt2,0.0,BnB.4bit,SDPA,No Kernel,pytorch,0.018,71.314,0.0,0.006169197281279999,0.014022492077291978,0.0
1xA10,openai-community/gpt2,0.0,AWQ.4bit,Eager,No Kernel,pytorch,0.01,108.613,0.0,0.00939584126976,0.00920700100356311,0.0
1xA10,openai-community/gpt2,0.0,Unquantized,Eager,No Kernel,pytorch,0.01,111.494,0.0,0.00964506943488,0.00896909250722012,0.0
1xA10,openai-community/gpt2,0.0,Unquantized,Eager,No Kernel,pytorch,0.01,111.773,0.0,0.00966920503296,0.008946704481404276,0.0
1xA10,openai-community/gpt2,0.0,GPTQ.4bit,Eager,GPTQ.ExllamaV2,pytorch,0.011,113.861,0.0,0.00984983273472,0.008782638480252238,0.0
1xA10,openai-community/gpt2,0.0,AWQ.4bit,Eager,No Kernel,pytorch,0.01,113.872,0.0,0.009850784317440001,0.008781790080089925,0.0
1xA10,openai-community/gpt2,0.0,AWQ.4bit,Eager,AWQ.GEMV,pytorch,0.01,114.608,0.0,0.00991445385216,0.00872539438782633,0.0
1xA10,openai-community/gpt2,0.0,AWQ.4bit,Eager,AWQ.GEMM,pytorch,0.01,114.749,0.0,0.009926651412479998,0.008714672894752896,0.0
1xA10,openai-community/gpt2,0.0,Unquantized,Eager,No Kernel,pytorch,0.009,116.456,0.0,0.010074319749120002,0.008586934121041423,0.0
1xA10,openai-community/gpt2,0.0,GPTQ.4bit,Eager,GPTQ.ExllamaV1,pytorch,0.011,117.738,0.0,0.01018522238976,0.008493434575073469,0.0
1xA10,openai-community/gpt2,0.0,Unquantized,Eager,No Kernel,pytorch,0.01,119.481,0.0,0.010336004997119999,0.008369531557318738,0.0
1xA10,openai-community/gpt2,0.0,Unquantized,Eager,No Kernel,pytorch,0.009,120.417,0.0,0.010416976035839999,0.008304475281729324,0.0
1xA10,openai-community/gpt2,0.0,Unquantized,Eager,No Kernel,pytorch,0.009,123.94,0.0,0.0107217420288,0.008068420203324189,0.0
1xA10,openai-community/gpt2,0.0,AWQ.4bit,Eager,No Kernel,pytorch,0.009,124.892,0.0,0.010804097187839999,0.008006917977132242,0.0
1xA10,openai-community/gpt2,0.0,AWQ.4bit,Eager,AWQ.GEMM,pytorch,0.009,125.154,0.0,0.010826762158080002,0.007990156127650734,0.0
1xA10,openai-community/gpt2,0.0,AWQ.4bit,Eager,AWQ.GEMV,pytorch,0.009,128.137,0.0,0.01108481409024,0.007804147123781578,0.0
1xA10,openai-community/gpt2,0.0,Unquantized,FAv2,No Kernel,pytorch,0.008,128.476,0.0,0.01111414013952,0.007783554905196301,0.0
1xA10,openai-community/gpt2,0.0,AWQ.4bit,Eager,No Kernel,pytorch,0.009,128.822,0.0,0.01114407174144,0.00776264923693158,0.0
1xA10,openai-community/gpt2,0.0,AWQ.4bit,FAv2,No Kernel,pytorch,0.008,129.081,0.0,0.011166477189119998,0.007747073542969144,0.0
1xA10,openai-community/gpt2,0.0,AWQ.4bit,FAv2,No Kernel,pytorch,0.008,131.49,0.0,0.011374873804800002,0.007605141075366947,0.0
1xA10,openai-community/gpt2,0.0,AWQ.4bit,FAv2,AWQ.GEMV,pytorch,0.008,132.104,0.0,0.011427989422080002,0.007569793496033427,0.0
1xA10,openai-community/gpt2,0.0,Unquantized,FAv2,No Kernel,pytorch,0.008,132.596,0.0,0.01147055112192,0.0075417056321457655,0.0
1xA10,openai-community/gpt2,0.0,AWQ.4bit,FAv2,AWQ.GEMM,pytorch,0.008,132.742,0.0,0.011483181219839999,0.007533410676349611,0.0
1xA10,openai-community/gpt2,0.0,Unquantized,FAv2,No Kernel,pytorch,0.008,135.76,0.0,0.011744260915199999,0.007365939893930466,0.0
1xA10,openai-community/gpt2,0.0,Unquantized,FAv2,No Kernel,pytorch,0.008,135.856,0.0,0.011752565637120002,0.007360734895771994,0.0
1xA10,openai-community/gpt2,0.0,AWQ.4bit,SDPA,No Kernel,pytorch,0.008,138.921,0.0,0.012017711185919999,0.007198335744775808,0.0
1xA10,openai-community/gpt2,0.0,AWQ.4bit,SDPA,AWQ.GEMM,pytorch,0.008,139.432,0.0,0.012061916528639999,0.007171954787997017,0.0
1xA10,openai-community/gpt2,0.0,GPTQ.4bit,FAv2,GPTQ.ExllamaV2,pytorch,0.009,139.654,0.0,0.01208112119808,0.007160553940452834,0.0
1xA10,openai-community/gpt2,0.0,GPTQ.4bit,FAv2,GPTQ.ExllamaV1,pytorch,0.009,140.332,0.0,0.01213977329664,0.00712595844141037,0.0
1xA10,openai-community/gpt2,0.0,AWQ.4bit,FAv2,AWQ.GEMV,pytorch,0.007,142.343,0.0,0.01231373991936,0.007025283997105583,0.0
1xA10,openai-community/gpt2,0.0,Unquantized,SDPA,No Kernel,pytorch,0.008,142.434,0.0,0.01232161210368,0.007020795596557002,0.0
1xA10,openai-community/gpt2,0.0,AWQ.4bit,SDPA,AWQ.GEMV,pytorch,0.008,142.837,0.0,0.012356474634239998,0.007000987139186626,0.0
1xA10,openai-community/gpt2,0.0,AWQ.4bit,FAv2,No Kernel,pytorch,0.007,143.047,0.0,0.01237464121344,0.006990709347277468,0.0
1xA10,openai-community/gpt2,0.0,Unquantized,SDPA,No Kernel,pytorch,0.007,143.624,0.0,0.01242455605248,0.006962624630980895,0.0
1xA10,openai-community/gpt2,0.0,AWQ.4bit,SDPA,No Kernel,pytorch,0.008,143.762,0.0,0.01243649409024,0.006955941069267261,0.0
1xA10,openai-community/gpt2,0.0,AWQ.4bit,FAv2,No Kernel,pytorch,0.007,145.575,0.0,0.012593332224,0.006869311351537009,0.0
1xA10,openai-community/gpt2,0.0,Unquantized,SDPA,No Kernel,pytorch,0.008,146.167,0.0,0.01264454467584,0.006841489529100276,0.0
1xA10,openai-community/gpt2,0.0,GPTQ.4bit,SDPA,GPTQ.ExllamaV1,pytorch,0.008,147.026,0.0,0.012718854635520001,0.006801518098839661,0.0
1xA10,openai-community/gpt2,0.0,GPTQ.4bit,SDPA,GPTQ.ExllamaV2,pytorch,0.009,147.3,0.0,0.012742557696,0.00678886625933469,0.0
1xA10,openai-community/gpt2,0.0,AWQ.4bit,FAv2,AWQ.GEMM,pytorch,0.007,148.755,0.0,0.012868426137599998,0.006722463110483682,0.0
1xA10,openai-community/gpt2,0.0,Unquantized,SDPA,No Kernel,pytorch,0.007,150.158,0.0,0.01298979618816,0.00665965183340215,0.0
1xA10,openai-community/gpt2,0.0,AWQ.4bit,SDPA,No Kernel,pytorch,0.007,150.829,0.0,0.01304784273408,0.006630024729992243,0.0
1xA10,openai-community/gpt2,0.0,AWQ.4bit,SDPA,AWQ.GEMM,pytorch,0.007,151.809,0.0,0.013132620103679998,0.00658722473634633,0.0
1xA10,openai-community/gpt2,0.0,Unquantized,SDPA,No Kernel,pytorch,0.007,153.145,0.0,0.013248194150400001,0.006529759378366907,0.0
1xA10,openai-community/gpt2,0.0,AWQ.4bit,SDPA,No Kernel,pytorch,0.007,155.342,0.0,0.013438251171840002,0.006437409071596863,0.0
1xA10,openai-community/gpt2,0.0,AWQ.4bit,SDPA,AWQ.GEMV,pytorch,0.007,155.892,0.0,0.013485830307839999,0.006414697354578811,0.0
1xA10,openai-community/gpt2,0.0,Unquantized,SDPA,No Kernel,pytorch,0.008,157.655,0.0,0.0136383430656,0.00634296406710856,0.0
1xA10,facebook/opt-30b,30.0,AWQ.4bit,Eager,AWQ.GEMM,pytorch,2.456,0.432,0.02501628664495114,0.010969869312,2.314814814814815,15.0
1xA10,facebook/opt-30b,30.0,AWQ.4bit,FAv2,AWQ.GEMM,pytorch,2.442,0.434,0.02515970515970516,0.011020655744,2.3041474654377883,15.0
1xA10,facebook/opt-30b,30.0,GPTQ.4bit,Eager,GPTQ.ExllamaV2,pytorch,1.376,0.808,0.044651162790697675,0.020517718528000002,1.2376237623762376,15.0
1xA10,facebook/opt-30b,30.0,GPTQ.4bit,Eager,GPTQ.ExllamaV1,pytorch,1.376,0.808,0.044651162790697675,0.020517718528000002,1.2376237623762376,15.0
1xA10,facebook/opt-30b,30.0,GPTQ.4bit,FAv2,GPTQ.ExllamaV2,pytorch,1.363,0.814,0.045077035950110055,0.020670077824,1.2285012285012287,15.0
1xA10,facebook/opt-30b,30.0,GPTQ.4bit,FAv2,GPTQ.ExllamaV1,pytorch,1.363,0.814,0.045077035950110055,0.020670077824,1.2285012285012287,15.0
1xA10,facebook/opt-30b,30.0,BnB.4bit,Eager,No Kernel,pytorch,1.334,9.471,0.04605697151424288,0.240499148736,0.10558547143912997,15.0
1xA10,facebook/opt-30b,30.0,BnB.4bit,FAv2,No Kernel,pytorch,1.319,10.913,0.04658074298711145,0.277116166208,0.09163383121048291,15.0
1xA10,facebook/opt-30b,30.0,AWQ.4bit,Eager,No Kernel,pytorch,5.369,20.596,0.011443471782454834,0.522998676736,0.04855311711011847,15.0
1xA10,facebook/opt-30b,30.0,AWQ.4bit,Eager,AWQ.GEMV,pytorch,0.466,20.681,0.13184549356223177,0.525157100096,0.048353561239785306,15.0
1xA10,facebook/opt-30b,30.0,GPTQ.4bit,Eager,GPTQ.ExllamaV1,pytorch,0.442,20.747,0.13900452488687784,0.526833052352,0.0481997397214055,15.0
1xA10,facebook/opt-30b,30.0,GPTQ.4bit,Eager,GPTQ.ExllamaV2,pytorch,0.442,20.815,0.13900452488687784,0.5285597910400001,0.048042277203939464,15.0
1xA10,facebook/opt-30b,30.0,AWQ.4bit,Eager,No Kernel,pytorch,0.452,22.14,0.13592920353982302,0.56220580224,0.045167118337850046,15.0
1xA10,facebook/opt-30b,30.0,GPTQ.4bit,FAv2,GPTQ.ExllamaV1,pytorch,0.43,23.262,0.14288372093023255,0.590696990592,0.04298856504169891,15.0
1xA10,facebook/opt-30b,30.0,GPTQ.4bit,FAv2,GPTQ.ExllamaV2,pytorch,0.43,23.269,0.14288372093023255,0.5908747431039999,0.042975632816193224,15.0
1xA10,facebook/opt-30b,30.0,AWQ.4bit,FAv2,No Kernel,pytorch,5.356,23.291,0.01147124719940254,0.591433393856,0.042935039285560944,15.0
1xA10,facebook/opt-30b,30.0,AWQ.4bit,FAv2,AWQ.GEMV,pytorch,0.453,23.805,0.13562913907284768,0.60448550688,0.04200798151648813,15.0
1xA10,facebook/opt-30b,30.0,AWQ.4bit,FAv2,No Kernel,pytorch,0.438,25.476,0.14027397260273972,0.646917570816,0.039252629926205054,15.0
1xA10,EleutherAI/gpt-neox-20b,20.0,AWQ.4bit,Eager,AWQ.GEMM,pytorch,1.697,0.638,0.02413671184443135,0.010884205141333333,1.567398119122257,10.0
1xA10,EleutherAI/gpt-neox-20b,20.0,AWQ.4bit,FAv2,AWQ.GEMM,pytorch,1.677,0.641,0.024424567680381634,0.010935384789333332,1.5600624024960998,10.0
1xA10,EleutherAI/gpt-neox-20b,20.0,AWQ.4bit,SDPA,AWQ.GEMM,pytorch,1.679,0.642,0.02439547349612865,0.010952444672,1.557632398753894,10.0
1xA10,EleutherAI/gpt-neox-20b,20.0,GPTQ.4bit,Eager,GPTQ.ExllamaV2,pytorch,0.972,1.185,0.042139917695473254,0.02021596096,0.8438818565400843,10.0
1xA10,EleutherAI/gpt-neox-20b,20.0,GPTQ.4bit,Eager,GPTQ.ExllamaV1,pytorch,0.972,1.185,0.042139917695473254,0.02021596096,0.8438818565400843,10.0
1xA10,EleutherAI/gpt-neox-20b,20.0,GPTQ.4bit,FAv2,GPTQ.ExllamaV2,pytorch,0.952,1.197,0.043025210084033615,0.020420679552,0.835421888053467,10.0
1xA10,EleutherAI/gpt-neox-20b,20.0,GPTQ.4bit,FAv2,GPTQ.ExllamaV1,pytorch,0.952,1.197,0.043025210084033615,0.020420679552,0.835421888053467,10.0
1xA10,EleutherAI/gpt-neox-20b,20.0,GPTQ.4bit,SDPA,GPTQ.ExllamaV2,pytorch,0.952,1.198,0.043025210084033615,0.020437739434666667,0.8347245409015025,10.0
1xA10,EleutherAI/gpt-neox-20b,20.0,GPTQ.4bit,SDPA,GPTQ.ExllamaV1,pytorch,0.952,1.198,0.043025210084033615,0.020437739434666667,0.8347245409015025,10.0
1xA10,EleutherAI/gpt-neox-20b,20.0,BnB.8bit,Eager,No Kernel,pytorch,0.201,9.217,0.20378109452736318,0.31085760520533334,0.10849517196484756,20.0
1xA10,EleutherAI/gpt-neox-20b,20.0,BnB.8bit,Eager,No Kernel,pytorch,0.201,9.304,0.20378109452736318,0.3137918149973334,0.10748065348237316,20.0
1xA10,EleutherAI/gpt-neox-20b,20.0,BnB.8bit,FAv2,No Kernel,pytorch,0.175,9.644,0.23405714285714285,0.3252588417706667,0.10369141435089174,20.0
1xA10,EleutherAI/gpt-neox-20b,20.0,BnB.8bit,FAv2,No Kernel,pytorch,0.176,9.669,0.23272727272727273,0.326102005504,0.1034233116144379,20.0
1xA10,EleutherAI/gpt-neox-20b,20.0,BnB.8bit,SDPA,No Kernel,pytorch,0.175,9.819,0.23405714285714285,0.331160987904,0.10184336490477644,20.0
1xA10,EleutherAI/gpt-neox-20b,20.0,BnB.8bit,SDPA,No Kernel,pytorch,0.175,9.887,0.23405714285714285,0.3334543932586667,0.10114291493880853,20.0
1xA10,EleutherAI/gpt-neox-20b,20.0,BnB.4bit,Eager,No Kernel,pytorch,1.225,11.961,0.03343673469387755,0.20405325657599999,0.0836050497450046,10.0
1xA10,EleutherAI/gpt-neox-20b,20.0,BnB.4bit,Eager,No Kernel,pytorch,1.322,13.781,0.03098335854765507,0.23510224302933339,0.07256367462448297,10.0
1xA10,EleutherAI/gpt-neox-20b,20.0,BnB.4bit,FAv2,No Kernel,pytorch,1.216,14.324,0.03368421052631579,0.24436575931733334,0.06981290142418319,10.0
1xA10,EleutherAI/gpt-neox-20b,20.0,BnB.4bit,SDPA,No Kernel,pytorch,1.225,14.61,0.03343673469387755,0.24924488576000003,0.06844626967830253,10.0
1xA10,EleutherAI/gpt-neox-20b,20.0,BnB.4bit,FAv2,No Kernel,pytorch,1.302,16.657,0.031459293394777266,0.28416646557866665,0.06003482019571351,10.0
1xA10,EleutherAI/gpt-neox-20b,20.0,BnB.4bit,SDPA,No Kernel,pytorch,1.223,16.716,0.03349141455437449,0.28517299865600004,0.05982292414453218,10.0
1xA10,EleutherAI/gpt-neox-20b,20.0,AWQ.4bit,Eager,AWQ.GEMM,pytorch,0.323,19.731,0.12681114551083592,0.336608544896,0.05068166844052506,10.0
1xA10,EleutherAI/gpt-neox-20b,20.0,AWQ.4bit,SDPA,AWQ.GEMM,pytorch,0.302,22.327,0.13562913907284768,0.38089600029866666,0.044788820710350695,10.0
1xA10,EleutherAI/gpt-neox-20b,20.0,AWQ.4bit,Eager,AWQ.GEMV,pytorch,0.359,22.659,0.11409470752089136,0.386559881344,0.04413257425305618,10.0
1xA10,EleutherAI/gpt-neox-20b,20.0,AWQ.4bit,FAv2,AWQ.GEMM,pytorch,0.302,22.687,0.13562913907284768,0.3870375580586667,0.04407810640454886,10.0
1xA10,EleutherAI/gpt-neox-20b,20.0,AWQ.4bit,Eager,No Kernel,pytorch,3.651,22.955,0.011218844152287044,0.39160960661333327,0.04356349379220214,10.0
1xA10,EleutherAI/gpt-neox-20b,20.0,AWQ.4bit,Eager,AWQ.GEMV,pytorch,0.359,23.102,0.11409470752089136,0.3941174093653333,0.04328629555882608,10.0
1xA10,EleutherAI/gpt-neox-20b,20.0,AWQ.4bit,Eager,No Kernel,pytorch,0.358,23.59,0.11441340782122905,0.4024426321066667,0.0423908435777872,10.0
1xA10,EleutherAI/gpt-neox-20b,20.0,AWQ.4bit,Eager,No Kernel,pytorch,0.358,23.658,0.11441340782122905,0.40360270412800003,0.042268999915462,10.0
1xA10,EleutherAI/gpt-neox-20b,20.0,AWQ.4bit,Eager,No Kernel,pytorch,3.652,23.79,0.011215772179627602,0.40585460863999995,0.042034468263976464,10.0
1xA10,EleutherAI/gpt-neox-20b,20.0,GPTQ.4bit,Eager,GPTQ.ExllamaV1,pytorch,0.348,24.253,0.11770114942528735,0.4137533343146666,0.04123201253453181,10.0
1xA10,EleutherAI/gpt-neox-20b,20.0,GPTQ.4bit,Eager,GPTQ.ExllamaV2,pytorch,0.348,24.291,0.11770114942528735,0.414401609856,0.04116751060063398,10.0
1xA10,EleutherAI/gpt-neox-20b,20.0,AWQ.4bit,FAv2,AWQ.GEMV,pytorch,0.338,25.635,0.12118343195266272,0.43733009216,0.03900916715428125,10.0
1xA10,EleutherAI/gpt-neox-20b,20.0,AWQ.4bit,FAv2,AWQ.GEMV,pytorch,0.338,26.386,0.12118343195266272,0.45014206404266666,0.03789888577275828,10.0
1xA10,EleutherAI/gpt-neox-20b,20.0,AWQ.4bit,FAv2,No Kernel,pytorch,0.337,26.532,0.12154302670623146,0.452632806912,0.037690336197798886,10.0
1xA10,EleutherAI/gpt-neox-20b,20.0,AWQ.4bit,FAv2,No Kernel,pytorch,3.629,26.967,0.011286855883163405,0.46005385587199993,0.0370823599213854,10.0
1xA10,EleutherAI/gpt-neox-20b,20.0,AWQ.4bit,FAv2,No Kernel,pytorch,3.63,27.133,0.01128374655647383,0.46288579639466665,0.03685548962517967,10.0
1xA10,EleutherAI/gpt-neox-20b,20.0,AWQ.4bit,FAv2,No Kernel,pytorch,0.337,27.384,0.12154302670623146,0.46716782694400005,0.03651767455448437,10.0
1xA10,EleutherAI/gpt-neox-20b,20.0,AWQ.4bit,SDPA,AWQ.GEMV,pytorch,0.339,27.968,0.1208259587020649,0.47713079842133327,0.03575514874141877,10.0
1xA10,EleutherAI/gpt-neox-20b,20.0,GPTQ.4bit,FAv2,GPTQ.ExllamaV2,pytorch,0.328,28.015,0.1248780487804878,0.4779326129066667,0.03569516330537212,10.0
1xA10,EleutherAI/gpt-neox-20b,20.0,GPTQ.4bit,FAv2,GPTQ.ExllamaV1,pytorch,0.328,28.111,0.1248780487804878,0.4795703616426667,0.03557326313542741,10.0
1xA10,EleutherAI/gpt-neox-20b,20.0,AWQ.4bit,SDPA,No Kernel,pytorch,3.63,28.149,0.01128374655647383,0.4802186371840001,0.03552524068350563,10.0
1xA10,EleutherAI/gpt-neox-20b,20.0,AWQ.4bit,SDPA,No Kernel,pytorch,3.629,28.231,0.011286855883163405,0.48161754756266667,0.03542205377067762,10.0
1xA10,EleutherAI/gpt-neox-20b,20.0,AWQ.4bit,SDPA,AWQ.GEMV,pytorch,0.338,28.284,0.12118343195266272,0.48252172134399995,0.03535567812190638,10.0
1xA10,EleutherAI/gpt-neox-20b,20.0,GPTQ.4bit,SDPA,GPTQ.ExllamaV2,pytorch,0.328,28.285,0.1248780487804878,0.4825387812266667,0.0353544281421248,10.0
1xA10,EleutherAI/gpt-neox-20b,20.0,GPTQ.4bit,SDPA,GPTQ.ExllamaV1,pytorch,0.328,28.314,0.1248780487804878,0.48303351782400006,0.035318217136398954,10.0
1xA10,EleutherAI/gpt-neox-20b,20.0,AWQ.4bit,SDPA,No Kernel,pytorch,0.337,28.663,0.12154302670623146,0.4889874168746666,0.034888183372291805,10.0
1xA10,EleutherAI/gpt-neox-20b,20.0,AWQ.4bit,SDPA,No Kernel,pytorch,0.337,28.934,0.12154302670623146,0.4936106450773334,0.03456141563558443,10.0
1xA10,EleutherAI/pythia-12b,12.0,AWQ.4bit,Eager,AWQ.GEMM,pytorch,0.957,1.109,0.02568025078369906,0.01136908898816,0.9017132551848512,6.0
1xA10,EleutherAI/pythia-12b,12.0,AWQ.4bit,FAv2,AWQ.GEMM,pytorch,0.947,1.116,0.02595142555438226,0.011440850595840001,0.8960573476702508,6.0
1xA10,EleutherAI/pythia-12b,12.0,AWQ.4bit,SDPA,AWQ.GEMM,pytorch,0.948,1.117,0.025924050632911394,0.011451102254080001,0.8952551477170994,6.0
1xA10,EleutherAI/pythia-12b,12.0,GPTQ.4bit,Eager,GPTQ.ExllamaV2,pytorch,0.539,2.063,0.04559554730983302,0.021149170949120003,0.4847309743092583,6.0
1xA10,EleutherAI/pythia-12b,12.0,GPTQ.4bit,Eager,GPTQ.ExllamaV1,pytorch,0.539,2.063,0.04559554730983302,0.021149170949120003,0.4847309743092583,6.0
1xA10,EleutherAI/pythia-12b,12.0,GPTQ.4bit,FAv2,GPTQ.ExllamaV2,pytorch,0.528,2.093,0.04654545454545454,0.021456720696319997,0.4777830864787387,6.0
1xA10,EleutherAI/pythia-12b,12.0,GPTQ.4bit,FAv2,GPTQ.ExllamaV1,pytorch,0.528,2.093,0.04654545454545454,0.021456720696319997,0.4777830864787387,6.0
1xA10,EleutherAI/pythia-12b,12.0,GPTQ.4bit,SDPA,GPTQ.ExllamaV2,pytorch,0.528,2.095,0.04654545454545454,0.021477224012800004,0.477326968973747,6.0
1xA10,EleutherAI/pythia-12b,12.0,GPTQ.4bit,SDPA,GPTQ.ExllamaV1,pytorch,0.528,2.095,0.04654545454545454,0.021477224012800004,0.477326968973747,6.0
1xA10,EleutherAI/pythia-12b,12.0,BnB.8bit,Eager,No Kernel,pytorch,0.105,11.543,0.23405714285714285,0.23376489106431997,0.08663259118080223,12.0
1xA10,EleutherAI/pythia-12b,12.0,BnB.8bit,Eager,No Kernel,pytorch,0.105,11.615,0.23405714285714285,0.2352230104576,0.08609556607834697,12.0
1xA10,EleutherAI/pythia-12b,12.0,BnB.8bit,FAv2,No Kernel,pytorch,0.084,11.972,0.2925714285714286,0.24245285244928,0.0835282325425994,12.0
1xA10,EleutherAI/pythia-12b,12.0,BnB.8bit,FAv2,No Kernel,pytorch,0.083,12.302,0.29609638554216866,0.24913589966848,0.08128759551292473,12.0
1xA10,EleutherAI/pythia-12b,12.0,BnB.8bit,SDPA,No Kernel,pytorch,0.082,12.575,0.2997073170731707,0.254664602368,0.07952286282306163,12.0
1xA10,EleutherAI/pythia-12b,12.0,BnB.8bit,SDPA,No Kernel,pytorch,0.081,12.649,0.3034074074074074,0.25616322507775996,0.07905763301446755,12.0
1xA10,EleutherAI/pythia-12b,12.0,BnB.4bit,Eager,No Kernel,pytorch,0.52,17.4,0.04726153846153846,0.17837885337599999,0.0574712643678161,6.0
1xA10,EleutherAI/pythia-12b,12.0,BnB.4bit,FAv2,No Kernel,pytorch,0.507,18.848,0.04847337278106509,0.19322325450751998,0.05305602716468591,6.0
1xA10,EleutherAI/pythia-12b,12.0,BnB.4bit,SDPA,No Kernel,pytorch,0.507,19.448,0.04847337278106509,0.19937424945152,0.05141916906622789,6.0
1xA10,EleutherAI/pythia-12b,12.0,BnB.4bit,Eager,No Kernel,pytorch,0.515,19.69,0.047720388349514566,0.20185515074559998,0.05078720162519045,6.0
1xA10,EleutherAI/pythia-12b,12.0,BnB.4bit,FAv2,No Kernel,pytorch,0.503,22.148,0.04885884691848907,0.22705372669952,0.04515080368430558,6.0
1xA10,EleutherAI/pythia-12b,12.0,BnB.4bit,SDPA,No Kernel,pytorch,0.503,22.95,0.04885884691848907,0.235275556608,0.04357298474945534,6.0
1xA10,EleutherAI/pythia-12b,12.0,AWQ.4bit,Eager,AWQ.GEMM,pytorch,0.175,25.36,0.1404342857142857,0.25998205296640003,0.03943217665615142,6.0
1xA10,EleutherAI/pythia-12b,12.0,AWQ.4bit,FAv2,AWQ.GEMM,pytorch,0.164,29.666,0.14985365853658536,0.30412569334783995,0.03370862266567788,6.0
1xA10,EleutherAI/pythia-12b,12.0,AWQ.4bit,Eager,AWQ.GEMV,pytorch,0.189,29.983,0.13003174603174603,0.30737546900992,0.033352232931994796,6.0
1xA10,EleutherAI/pythia-12b,12.0,AWQ.4bit,Eager,AWQ.GEMV,pytorch,0.189,30.299,0.13003174603174603,0.31061499301376,0.033004389583814644,6.0
1xA10,EleutherAI/pythia-12b,12.0,AWQ.4bit,SDPA,AWQ.GEMM,pytorch,0.164,30.814,0.14985365853658536,0.31589459700736,0.03245278120334913,6.0
1xA10,EleutherAI/pythia-12b,12.0,AWQ.4bit,Eager,No Kernel,pytorch,0.182,31.29,0.13503296703296702,0.3207743863295999,0.03195909236177693,6.0
1xA10,EleutherAI/pythia-12b,12.0,AWQ.4bit,Eager,No Kernel,pytorch,2.143,32.201,0.011468035464302381,0.33011364698624,0.031054936182106144,6.0
1xA10,EleutherAI/pythia-12b,12.0,AWQ.4bit,Eager,No Kernel,pytorch,0.182,32.514,0.13503296703296702,0.33332241601536,0.030755982038506487,6.0
1xA10,EleutherAI/pythia-12b,12.0,AWQ.4bit,Eager,No Kernel,pytorch,2.144,32.536,0.011462686567164178,0.33354795249664004,0.030735185640521266,6.0
1xA10,EleutherAI/pythia-12b,12.0,GPTQ.4bit,Eager,GPTQ.ExllamaV1,pytorch,0.176,33.28,0.13963636363636364,0.3411751862272,0.03004807692307692,6.0
1xA10,EleutherAI/pythia-12b,12.0,GPTQ.4bit,Eager,GPTQ.ExllamaV2,pytorch,0.176,34.084,0.13963636363636364,0.34941751945216004,0.029339279427297263,6.0
1xA10,EleutherAI/pythia-12b,12.0,AWQ.4bit,FAv2,AWQ.GEMV,pytorch,0.178,35.96,0.13806741573033707,0.36864963031040004,0.027808676307007785,6.0
1xA10,EleutherAI/pythia-12b,12.0,AWQ.4bit,SDPA,AWQ.GEMV,pytorch,0.179,36.787,0.13729608938547486,0.37712775167488,0.02718351591594857,6.0
1xA10,EleutherAI/pythia-12b,12.0,AWQ.4bit,FAv2,AWQ.GEMV,pytorch,0.178,37.135,0.13806741573033707,0.3806953287424,0.02692877339437189,6.0
1xA10,EleutherAI/pythia-12b,12.0,AWQ.4bit,FAv2,No Kernel,pytorch,0.171,37.367,0.14371929824561402,0.3830737134540799,0.026761581074209867,6.0
1xA10,EleutherAI/pythia-12b,12.0,AWQ.4bit,SDPA,No Kernel,pytorch,0.172,37.457,0.14288372093023255,0.38399636269568,0.02669727954721414,6.0
1xA10,EleutherAI/pythia-12b,12.0,AWQ.4bit,FAv2,No Kernel,pytorch,0.171,37.545,0.14371929824561402,0.3848985086208,0.026634705020641896,6.0
1xA10,EleutherAI/pythia-12b,12.0,AWQ.4bit,FAv2,No Kernel,pytorch,2.133,37.63,0.011521800281293952,0.38576989957120006,0.026574541589157584,6.0
1xA10,EleutherAI/pythia-12b,12.0,AWQ.4bit,FAv2,No Kernel,pytorch,2.133,38.185,0.011521800281293952,0.3914595698944,0.026188293832656803,6.0
1xA10,EleutherAI/pythia-12b,12.0,AWQ.4bit,SDPA,No Kernel,pytorch,0.171,38.266,0.14371929824561402,0.39228995421184,0.02613285945748184,6.0
1xA10,EleutherAI/pythia-12b,12.0,AWQ.4bit,SDPA,AWQ.GEMV,pytorch,0.179,38.27,0.13729608938547486,0.3923309608448,0.026130128037627383,6.0
1xA10,EleutherAI/pythia-12b,12.0,AWQ.4bit,SDPA,No Kernel,pytorch,2.133,39.256,0.011521800281293952,0.40243909586944,0.025473812920317914,6.0
1xA10,EleutherAI/pythia-12b,12.0,GPTQ.4bit,FAv2,GPTQ.ExllamaV2,pytorch,0.166,39.372,0.14804819277108433,0.40362828822528,0.025398760540485624,6.0
1xA10,EleutherAI/pythia-12b,12.0,AWQ.4bit,SDPA,No Kernel,pytorch,2.134,39.565,0.011516401124648547,0.4056068582656,0.025274864147605207,6.0
1xA10,EleutherAI/pythia-12b,12.0,GPTQ.4bit,FAv2,GPTQ.ExllamaV1,pytorch,0.166,40.124,0.14804819277108433,0.41133753522176003,0.024922739507526666,6.0
1xA10,EleutherAI/pythia-12b,12.0,GPTQ.4bit,SDPA,GPTQ.ExllamaV1,pytorch,0.166,40.944,0.14804819277108433,0.41974389497856,0.02442360296991012,6.0
1xA10,EleutherAI/pythia-12b,12.0,GPTQ.4bit,SDPA,GPTQ.ExllamaV2,pytorch,0.166,42.117,0.14804819277108433,0.43176909009408,0.023743381532397845,6.0
1xA10,EleutherAI/pythia-160m,0.0,AWQ.4bit,Eager,AWQ.GEMM,pytorch,0.031,33.572,0.0,0.00290423046144,0.029786727034433455,0.0
1xA10,EleutherAI/pythia-160m,0.0,BnB.8bit,Eager,No Kernel,pytorch,0.03,33.965,0.0,0.0029382279168000004,0.02944207272191962,0.0
1xA10,EleutherAI/pythia-160m,0.0,BnB.8bit,Eager,No Kernel,pytorch,0.029,34.68,0.0,0.0030000807936,0.02883506343713956,0.0
1xA10,EleutherAI/pythia-160m,0.0,BnB.8bit,FAv2,No Kernel,pytorch,0.029,35.091,0.0,0.0030356353843200004,0.02849733549913083,0.0
1xA10,EleutherAI/pythia-160m,0.0,BnB.8bit,FAv2,No Kernel,pytorch,0.028,35.863,0.0,0.0031024191897599997,0.027883891475894377,0.0
1xA10,EleutherAI/pythia-160m,0.0,AWQ.4bit,SDPA,AWQ.GEMM,pytorch,0.028,36.341,0.0,0.0031437697843200003,0.02751712941305963,0.0
1xA10,EleutherAI/pythia-160m,0.0,BnB.8bit,SDPA,No Kernel,pytorch,0.027,37.184,0.0,0.00321669562368,0.02689328743545611,0.0
1xA10,EleutherAI/pythia-160m,0.0,BnB.8bit,SDPA,No Kernel,pytorch,0.027,37.327,0.0,0.00322906619904,0.026790259061805127,0.0
1xA10,EleutherAI/pythia-160m,0.0,AWQ.4bit,FAv2,AWQ.GEMM,pytorch,0.027,37.356,0.0,0.00323157491712,0.026769461398436663,0.0
1xA10,EleutherAI/pythia-160m,0.0,BnB.4bit,Eager,No Kernel,pytorch,0.023,51.518,0.0,0.0044566944153600005,0.019410691408827983,0.0
1xA10,EleutherAI/pythia-160m,0.0,GPTQ.4bit,Eager,GPTQ.ExllamaV2,pytorch,0.019,53.254,0.0,0.0046068714700799995,0.01877793217410899,0.0
1xA10,EleutherAI/pythia-160m,0.0,BnB.4bit,FAv2,No Kernel,pytorch,0.022,53.668,0.0,0.00464268558336,0.018633077439069837,0.0
1xA10,EleutherAI/pythia-160m,0.0,GPTQ.4bit,Eager,GPTQ.ExllamaV1,pytorch,0.019,54.386,0.0,0.00470479798272,0.018387084911558122,0.0
1xA10,EleutherAI/pythia-160m,0.0,BnB.4bit,SDPA,No Kernel,pytorch,0.021,54.791,0.0,0.0047398335283199994,0.018251172637841984,0.0
1xA10,EleutherAI/pythia-160m,0.0,BnB.4bit,Eager,No Kernel,pytorch,0.022,57.12,0.0,0.0049413095423999995,0.01750700280112045,0.0
1xA10,EleutherAI/pythia-160m,0.0,GPTQ.4bit,FAv2,GPTQ.ExllamaV1,pytorch,0.018,57.17,0.0,0.0049456349184,0.01749169144656288,0.0
1xA10,EleutherAI/pythia-160m,0.0,GPTQ.4bit,FAv2,GPTQ.ExllamaV2,pytorch,0.018,58.096,0.0,0.00502574088192,0.017212889011291657,0.0
1xA10,EleutherAI/pythia-160m,0.0,GPTQ.4bit,SDPA,GPTQ.ExllamaV2,pytorch,0.017,58.17,0.0,0.005032142438399999,0.017190991920233798,0.0
1xA10,EleutherAI/pythia-160m,0.0,GPTQ.4bit,SDPA,GPTQ.ExllamaV1,pytorch,0.017,60.146,0.0,0.00520308129792,0.016626209556745253,0.0
1xA10,EleutherAI/pythia-160m,0.0,BnB.4bit,FAv2,No Kernel,pytorch,0.019,63.627,0.0,0.00550421397504,0.015716598299464063,0.0
1xA10,EleutherAI/pythia-160m,0.0,BnB.4bit,SDPA,No Kernel,pytorch,0.019,66.623,0.0,0.00576339050496,0.015009831439592933,0.0
1xA10,EleutherAI/pythia-160m,0.0,AWQ.4bit,Eager,AWQ.GEMM,pytorch,0.014,75.37,0.0,0.0065200717824,0.013267878466233248,0.0
1xA10,EleutherAI/pythia-160m,0.0,AWQ.4bit,FAv2,AWQ.GEMM,pytorch,0.013,84.097,0.0,0.007275022909439999,0.011891030595621724,0.0
1xA10,EleutherAI/pythia-160m,0.0,AWQ.4bit,Eager,AWQ.GEMV,pytorch,0.013,86.32,0.0,0.0074673291264,0.011584800741427249,0.0
1xA10,EleutherAI/pythia-160m,0.0,AWQ.4bit,SDPA,AWQ.GEMM,pytorch,0.012,88.188,0.0,0.007628925173759999,0.011339411257767497,0.0
1xA10,EleutherAI/pythia-160m,0.0,AWQ.4bit,Eager,No Kernel,pytorch,0.013,88.946,0.0,0.00769449787392,0.011242776516088413,0.0
1xA10,EleutherAI/pythia-160m,0.0,AWQ.4bit,Eager,AWQ.GEMV,pytorch,0.013,89.246,0.0,0.007720450129919999,0.011204983976872914,0.0
1xA10,EleutherAI/pythia-160m,0.0,AWQ.4bit,Eager,No Kernel,pytorch,0.013,90.487,0.0,0.00782780596224,0.011051311238078398,0.0
1xA10,EleutherAI/pythia-160m,0.0,AWQ.4bit,Eager,No Kernel,pytorch,0.023,91.113,0.0,0.00788195966976,0.010975382217685731,0.0
1xA10,EleutherAI/pythia-160m,0.0,AWQ.4bit,Eager,No Kernel,pytorch,0.023,91.276,0.0,0.00789606039552,0.010955782461983435,0.0
1xA10,EleutherAI/pythia-160m,0.0,Unquantized,Eager,No Kernel,pytorch,0.012,91.905,0.0,0.0079504736256,0.010880800826940863,0.0
1xA10,EleutherAI/pythia-160m,0.0,Unquantized,Eager,No Kernel,pytorch,0.012,91.989,0.0,0.00795774025728,0.01087086499472763,0.0
1xA10,EleutherAI/pythia-160m,0.0,Unquantized,Eager,No Kernel,pytorch,0.012,92.837,0.0,0.00803109863424,0.01077156737076812,0.0
1xA10,EleutherAI/pythia-160m,0.0,Unquantized,Eager,No Kernel,pytorch,0.011,95.803,0.0,0.00828767993856,0.010438086489984656,0.0
1xA10,EleutherAI/pythia-160m,0.0,GPTQ.4bit,Eager,GPTQ.ExllamaV1,pytorch,0.012,96.808,0.0,0.008374619996160002,0.010329724816130897,0.0
1xA10,EleutherAI/pythia-160m,0.0,GPTQ.4bit,Eager,GPTQ.ExllamaV2,pytorch,0.012,97.021,0.0,0.00839304609792,0.010307046927984663,0.0
1xA10,EleutherAI/pythia-160m,0.0,Unquantized,Eager,No Kernel,pytorch,0.011,98.366,0.0,0.00850939871232,0.010166114307789277,0.0
1xA10,EleutherAI/pythia-160m,0.0,Unquantized,Eager,No Kernel,pytorch,0.011,100.646,0.0,0.00870663585792,0.009935814637442125,0.0
1xA10,EleutherAI/pythia-160m,0.0,AWQ.4bit,FAv2,AWQ.GEMV,pytorch,0.011,101.287,0.0,0.00876208717824,0.009872935322400703,0.0
1xA10,EleutherAI/pythia-160m,0.0,AWQ.4bit,FAv2,AWQ.GEMV,pytorch,0.011,101.761,0.0,0.008803091742719999,0.009826947455311957,0.0
1xA10,EleutherAI/pythia-160m,0.0,AWQ.4bit,FAv2,No Kernel,pytorch,0.011,103.896,0.0,0.008987785297920001,0.009625009625009624,0.0
1xA10,EleutherAI/pythia-160m,0.0,Unquantized,FAv2,No Kernel,pytorch,0.01,104.767,0.0,0.009063133347839999,0.009544990311834834,0.0
1xA10,EleutherAI/pythia-160m,0.0,AWQ.4bit,FAv2,No Kernel,pytorch,0.02,105.189,0.0,0.009099639521279998,0.009506697468366465,0.0
1xA10,EleutherAI/pythia-160m,0.0,AWQ.4bit,SDPA,AWQ.GEMV,pytorch,0.011,106.043,0.0,0.00917351694336,0.009430136831285421,0.0
1xA10,EleutherAI/pythia-160m,0.0,AWQ.4bit,SDPA,No Kernel,pytorch,0.011,106.41,0.0,0.0092052652032,0.009397613006296402,0.0
1xA10,EleutherAI/pythia-160m,0.0,Unquantized,FAv2,No Kernel,pytorch,0.01,107.325,0.0,0.009284419584000001,0.009317493594223153,0.0
1xA10,EleutherAI/pythia-160m,0.0,AWQ.4bit,FAv2,No Kernel,pytorch,0.011,107.652,0.0,0.009312707543040002,0.009289191097239252,0.0
1xA10,EleutherAI/pythia-160m,0.0,AWQ.4bit,FAv2,No Kernel,pytorch,0.02,108.068,0.0,0.00934869467136,0.009253433023651775,0.0
1xA10,EleutherAI/pythia-160m,0.0,Unquantized,FAv2,No Kernel,pytorch,0.01,108.292,0.0,0.00936807235584,0.009234292468511063,0.0
1xA10,EleutherAI/pythia-160m,0.0,AWQ.4bit,SDPA,AWQ.GEMV,pytorch,0.01,108.616,0.0,0.00939610079232,0.00920674670398468,0.0
1xA10,EleutherAI/pythia-160m,0.0,AWQ.4bit,SDPA,No Kernel,pytorch,0.011,108.765,0.0,0.0094089904128,0.009194134142417138,0.0
1xA10,EleutherAI/pythia-160m,0.0,AWQ.4bit,SDPA,No Kernel,pytorch,0.02,109.106,0.0,0.00943848947712,0.009165398786501201,0.0
1xA10,EleutherAI/pythia-160m,0.0,GPTQ.4bit,FAv2,GPTQ.ExllamaV2,pytorch,0.011,109.75,0.0,0.00949420032,0.009111617312072893,0.0
1xA10,EleutherAI/pythia-160m,0.0,Unquantized,FAv2,No Kernel,pytorch,0.01,110.301,0.0,0.00954186596352,0.009066100941967888,0.0
1xA10,EleutherAI/pythia-160m,0.0,GPTQ.4bit,FAv2,GPTQ.ExllamaV1,pytorch,0.011,110.4,0.0,0.009550430208,0.009057971014492754,0.0
1xA10,EleutherAI/pythia-160m,0.0,Unquantized,SDPA,No Kernel,pytorch,0.01,110.627,0.0,0.00957006741504,0.00903938459869652,0.0
1xA10,EleutherAI/pythia-160m,0.0,Unquantized,SDPA,No Kernel,pytorch,0.009,113.231,0.0,0.00979533299712,0.008831503740141834,0.0
1xA10,EleutherAI/pythia-160m,0.0,AWQ.4bit,SDPA,No Kernel,pytorch,0.02,113.311,0.0,0.009802253598720001,0.008825268508794379,0.0
1xA10,EleutherAI/pythia-160m,0.0,GPTQ.4bit,SDPA,GPTQ.ExllamaV1,pytorch,0.01,115.061,0.0,0.00995364175872,0.008691042142863351,0.0
1xA10,EleutherAI/pythia-160m,0.0,GPTQ.4bit,SDPA,GPTQ.ExllamaV2,pytorch,0.01,116.036,0.0,0.01003798659072,0.008618015098762453,0.0
1xA10,EleutherAI/pythia-160m,0.0,Unquantized,SDPA,No Kernel,pytorch,0.009,127.608,0.0,0.011039051612160001,0.007836499279042066,0.0
1xA10,openai-community/gpt2-large,0.0,BnB.8bit,Eager,No Kernel,pytorch,0.079,12.735,0.0,0.0011016732671999998,0.07852375343541422,0.0
1xA10,openai-community/gpt2-large,0.0,BnB.8bit,FAv2,No Kernel,pytorch,0.074,13.327,0.0,0.00115288571904,0.07503564192991671,0.0
1xA10,openai-community/gpt2-large,0.0,BnB.8bit,SDPA,No Kernel,pytorch,0.071,13.757,0.0,0.00119008395264,0.07269026677327906,0.0
1xA10,openai-community/gpt2-large,0.0,BnB.4bit,Eager,No Kernel,pytorch,0.061,19.915,0.0,0.0017227972607999997,0.050213406979663575,0.0
1xA10,openai-community/gpt2-large,0.0,GPTQ.4bit,Eager,GPTQ.ExllamaV2,pytorch,0.05,20.727,0.0,0.0017930413670400002,0.04824624885415159,0.0
1xA10,openai-community/gpt2-large,0.0,BnB.4bit,FAv2,No Kernel,pytorch,0.056,21.168,0.0,0.00183119118336,0.0472411186696901,0.0
1xA10,openai-community/gpt2-large,0.0,GPTQ.4bit,Eager,GPTQ.ExllamaV1,pytorch,0.048,21.634,0.0,0.00187150368768,0.046223537025053156,0.0
1xA10,openai-community/gpt2-large,0.0,BnB.4bit,SDPA,No Kernel,pytorch,0.056,21.809,0.0,0.00188664250368,0.04585262964831033,0.0
1xA10,openai-community/gpt2-large,0.0,GPTQ.4bit,FAv2,GPTQ.ExllamaV2,pytorch,0.046,22.028,0.0,0.00190558765056,0.045396767750136194,0.0
1xA10,openai-community/gpt2-large,0.0,GPTQ.4bit,FAv2,GPTQ.ExllamaV1,pytorch,0.046,22.075,0.0,0.0019096535039999996,0.04530011325028313,0.0
1xA10,openai-community/gpt2-large,0.0,GPTQ.4bit,SDPA,GPTQ.ExllamaV1,pytorch,0.044,23.88,0.0,0.0020657995776,0.04187604690117253,0.0
1xA10,openai-community/gpt2-large,0.0,GPTQ.4bit,SDPA,GPTQ.ExllamaV2,pytorch,0.044,24.203,0.0,0.00209374150656,0.041317192083626,0.0
1xA10,openai-community/gpt2-large,0.0,Unquantized,Eager,No Kernel,pytorch,0.025,41.961,0.0,0.00362994204672,0.02383165320178261,0.0
1xA10,openai-community/gpt2-large,0.0,Unquantized,Eager,No Kernel,pytorch,0.025,42.43,0.0,0.0036705140736000004,0.023568230025925053,0.0
1xA10,openai-community/gpt2-large,0.0,Unquantized,Eager,No Kernel,pytorch,0.024,42.583,0.0,0.00368374972416,0.023483549773383745,0.0
1xA10,openai-community/gpt2-large,0.0,Unquantized,Eager,No Kernel,pytorch,0.037,42.772,0.0,0.00370009964544,0.023379781165248293,0.0
1xA10,openai-community/gpt2-large,0.0,Unquantized,Eager,No Kernel,pytorch,0.025,43.287,0.0,0.00374465101824,0.023101624044170304,0.0
1xA10,openai-community/gpt2-large,0.0,Unquantized,Eager,No Kernel,pytorch,0.036,43.401,0.0,0.0037545128755200005,0.023040943757056287,0.0
1xA10,openai-community/gpt2-large,0.0,AWQ.4bit,Eager,No Kernel,pytorch,0.025,44.289,0.0,0.00383133155328,0.022578969947391,0.0
1xA10,openai-community/gpt2-large,0.0,AWQ.4bit,Eager,No Kernel,pytorch,0.024,45.034,0.0,0.00389577965568,0.022205444775058845,0.0
1xA10,openai-community/gpt2-large,0.0,AWQ.4bit,Eager,AWQ.GEMM,pytorch,0.024,45.041,0.0,0.0038963852083199997,0.022201993739037768,0.0
1xA10,openai-community/gpt2-large,0.0,AWQ.4bit,Eager,AWQ.GEMV,pytorch,0.024,45.21,0.0,0.0039110049792,0.02211900022119,0.0
1xA10,openai-community/gpt2-large,0.0,Unquantized,FAv2,No Kernel,pytorch,0.021,49.32,0.0,0.0042665508864,0.0202757502027575,0.0
1xA10,openai-community/gpt2-large,0.0,Unquantized,FAv2,No Kernel,pytorch,0.021,49.5,0.0,0.00428212224,0.020202020202020204,0.0
1xA10,openai-community/gpt2-large,0.0,Unquantized,FAv2,No Kernel,pytorch,0.02,49.705,0.0,0.0042998562816,0.020118700331958558,0.0
1xA10,openai-community/gpt2-large,0.0,Unquantized,FAv2,No Kernel,pytorch,0.02,50.106,0.0,0.004334545797120001,0.019957689697840578,0.0
1xA10,openai-community/gpt2-large,0.0,AWQ.4bit,FAv2,AWQ.GEMM,pytorch,0.02,52.901,0.0,0.00457633431552,0.018903234343396153,0.0
1xA10,openai-community/gpt2-large,0.0,Unquantized,SDPA,No Kernel,pytorch,0.019,52.968,0.0,0.004582130319360001,0.018879323365050594,0.0
1xA10,openai-community/gpt2-large,0.0,Unquantized,SDPA,No Kernel,pytorch,0.018,53.407,0.0,0.00462010712064,0.018724137285374576,0.0
1xA10,openai-community/gpt2-large,0.0,AWQ.4bit,FAv2,No Kernel,pytorch,0.019,53.538,0.0,0.00463143960576,0.01867832193955695,0.0
1xA10,openai-community/gpt2-large,0.0,AWQ.4bit,FAv2,AWQ.GEMV,pytorch,0.019,54.523,0.0,0.004716649512960001,0.01834088366377492,0.0
1xA10,openai-community/gpt2-large,0.0,AWQ.4bit,FAv2,No Kernel,pytorch,0.019,54.587,0.0,0.00472218599424,0.018319380072178357,0.0
1xA10,openai-community/gpt2-large,0.0,AWQ.4bit,SDPA,No Kernel,pytorch,0.019,55.169,0.0,0.004772533370879999,0.018126121553771142,0.0
1xA10,openai-community/gpt2-large,0.0,Unquantized,SDPA,No Kernel,pytorch,0.019,55.311,0.0,0.00478481743872,0.018079586339064563,0.0
1xA10,openai-community/gpt2-large,0.0,AWQ.4bit,SDPA,No Kernel,pytorch,0.019,55.635,0.0,0.004812845875199999,0.017974296755639437,0.0
1xA10,openai-community/gpt2-large,0.0,Unquantized,SDPA,No Kernel,pytorch,0.033,56.24,0.0,0.0048651829248000005,0.01778093883357041,0.0
1xA10,openai-community/gpt2-large,0.0,AWQ.4bit,SDPA,AWQ.GEMM,pytorch,0.018,56.631,0.0,0.004899007365120001,0.017658173085412582,0.0
1xA10,openai-community/gpt2-large,0.0,Unquantized,SDPA,No Kernel,pytorch,0.017,56.934,0.0,0.00492521914368,0.017564197140548705,0.0
1xA10,openai-community/gpt2-large,0.0,Unquantized,SDPA,No Kernel,pytorch,0.033,57.495,0.0,0.0049737498624,0.017392816766675364,0.0
1xA10,openai-community/gpt2-large,0.0,AWQ.4bit,SDPA,AWQ.GEMV,pytorch,0.018,58.365,0.0,0.005049011404800001,0.017133556069562236,0.0
1xA10,togethercomputer/RedPajama-INCITE-Base-3B-v1,3.0,AWQ.4bit,Eager,AWQ.GEMM,pytorch,0.242,4.534,0.025388429752066115,0.01203030812416,0.22055580061755625,1.5
1xA10,togethercomputer/RedPajama-INCITE-Base-3B-v1,3.0,AWQ.4bit,FAv2,AWQ.GEMM,pytorch,0.233,4.649,0.026369098712446352,0.01233544386176,0.21510002151000215,1.5
1xA10,togethercomputer/RedPajama-INCITE-Base-3B-v1,3.0,AWQ.4bit,SDPA,AWQ.GEMM,pytorch,0.233,4.65,0.026369098712446352,0.012338097216000002,0.2150537634408602,1.5
1xA10,togethercomputer/RedPajama-INCITE-Base-3B-v1,3.0,GPTQ.4bit,Eager,GPTQ.ExllamaV2,pytorch,0.138,8.411,0.04452173913043478,0.022317362512639997,0.11889192723814053,1.5
1xA10,togethercomputer/RedPajama-INCITE-Base-3B-v1,3.0,GPTQ.4bit,Eager,GPTQ.ExllamaV1,pytorch,0.138,8.416,0.04452173913043478,0.02233062928384,0.11882129277566539,1.5
1xA10,togethercomputer/RedPajama-INCITE-Base-3B-v1,3.0,GPTQ.4bit,SDPA,GPTQ.ExllamaV1,pytorch,0.129,8.875,0.04762790697674418,0.02354851888,0.11267605633802817,1.5
1xA10,togethercomputer/RedPajama-INCITE-Base-3B-v1,3.0,GPTQ.4bit,SDPA,GPTQ.ExllamaV2,pytorch,0.129,8.877,0.04762790697674418,0.023553825588480005,0.1126506702714881,1.5
1xA10,togethercomputer/RedPajama-INCITE-Base-3B-v1,3.0,GPTQ.4bit,FAv2,GPTQ.ExllamaV2,pytorch,0.129,8.88,0.04762790697674418,0.023561785651200002,0.1126126126126126,1.5
1xA10,togethercomputer/RedPajama-INCITE-Base-3B-v1,3.0,GPTQ.4bit,FAv2,GPTQ.ExllamaV1,pytorch,0.129,8.882,0.04762790697674418,0.02356709235968,0.11258725512272011,1.5
1xA10,togethercomputer/RedPajama-INCITE-Base-3B-v1,3.0,BnB.8bit,Eager,No Kernel,pytorch,0.077,13.175,0.07979220779220779,0.067895442112,0.07590132827324478,3.0
1xA10,togethercomputer/RedPajama-INCITE-Base-3B-v1,3.0,BnB.8bit,FAv2,No Kernel,pytorch,0.072,13.821,0.08533333333333333,0.07122450895104,0.07235366471311772,3.0
1xA10,togethercomputer/RedPajama-INCITE-Base-3B-v1,3.0,BnB.8bit,SDPA,No Kernel,pytorch,0.071,14.087,0.08653521126760563,0.07259530117888,0.07098743522396536,3.0
1xA10,togethercomputer/RedPajama-INCITE-Base-3B-v1,3.0,BnB.4bit,Eager,No Kernel,pytorch,0.148,19.543,0.04151351351351351,0.051854501912319995,0.05116921659929387,1.5
1xA10,togethercomputer/RedPajama-INCITE-Base-3B-v1,3.0,BnB.4bit,FAv2,No Kernel,pytorch,0.136,21.315,0.04517647058823529,0.05655624562560001,0.04691531785127844,1.5
1xA10,togethercomputer/RedPajama-INCITE-Base-3B-v1,3.0,BnB.4bit,SDPA,No Kernel,pytorch,0.136,22.144,0.04517647058823529,0.05875587629056,0.045158959537572256,1.5
1xA10,togethercomputer/RedPajama-INCITE-Base-3B-v1,3.0,Unquantized,Eager,No Kernel,pytorch,0.101,33.071,0.12166336633663366,0.33578157807104,0.030237972846300386,6.0
1xA10,togethercomputer/RedPajama-INCITE-Base-3B-v1,3.0,Unquantized,SDPA,No Kernel,pytorch,0.096,36.529,0.128,0.37089187703296006,0.027375509868871304,6.0
1xA10,togethercomputer/RedPajama-INCITE-Base-3B-v1,3.0,Unquantized,Eager,No Kernel,pytorch,0.044,37.12,0.2792727272727273,0.3768925093888,0.026939655172413795,6.0
1xA10,togethercomputer/RedPajama-INCITE-Base-3B-v1,3.0,Unquantized,Eager,No Kernel,pytorch,0.04,37.555,0.3072,0.3813092184832,0.026627612834509387,6.0
1xA10,togethercomputer/RedPajama-INCITE-Base-3B-v1,3.0,Unquantized,FAv2,No Kernel,pytorch,0.036,43.539,0.3413333333333333,0.44206689025536006,0.02296791382438733,6.0
1xA10,togethercomputer/RedPajama-INCITE-Base-3B-v1,3.0,Unquantized,FAv2,No Kernel,pytorch,0.032,43.798,0.384,0.44469660900352004,0.022832092789625096,6.0
1xA10,togethercomputer/RedPajama-INCITE-Base-3B-v1,3.0,Unquantized,SDPA,No Kernel,pytorch,0.032,47.448,0.384,0.48175635197952,0.021075703928511214,6.0
1xA10,togethercomputer/RedPajama-INCITE-Base-3B-v1,3.0,Unquantized,SDPA,No Kernel,pytorch,0.036,47.734,0.3413333333333333,0.48466021129216,0.020949428080613397,6.0
1xA10,EleutherAI/gpt-neo-1.3B,1.0,AWQ.4bit,Eager,AWQ.GEMM,pytorch,0.132,8.19,0.015515151515151515,0.007533496588799999,0.12210012210012211,0.5
1xA10,EleutherAI/gpt-neo-1.3B,1.0,AWQ.4bit,FAv2,AWQ.GEMM,pytorch,0.129,8.381,0.015875968992248062,0.007709186191786666,0.11931750387781888,0.5
1xA10,EleutherAI/gpt-neo-1.3B,1.0,BnB.8bit,Eager,No Kernel,pytorch,0.071,13.966,0.028845070422535212,0.024484830690986666,0.0716024631247315,1.0
1xA10,EleutherAI/gpt-neo-1.3B,1.0,BnB.8bit,Eager,No Kernel,pytorch,0.072,14.032,0.028444444444444446,0.024600540187306664,0.07126567844925884,1.0
1xA10,EleutherAI/gpt-neo-1.3B,1.0,BnB.8bit,FAv2,No Kernel,pytorch,0.068,14.713,0.030117647058823527,0.025794451808426665,0.0679671039217019,1.0
1xA10,EleutherAI/gpt-neo-1.3B,1.0,BnB.8bit,FAv2,No Kernel,pytorch,0.067,14.747,0.030567164179104475,0.025854059730773333,0.06781040211568455,1.0
1xA10,EleutherAI/gpt-neo-1.3B,1.0,GPTQ.4bit,Eager,GPTQ.ExllamaV1,pytorch,0.076,15.737,0.026947368421052633,0.014475535508906668,0.06354451293130838,0.5
1xA10,EleutherAI/gpt-neo-1.3B,1.0,GPTQ.4bit,Eager,GPTQ.ExllamaV2,pytorch,0.076,15.764,0.026947368421052633,0.014500371211946667,0.06343567622430855,0.5
1xA10,EleutherAI/gpt-neo-1.3B,1.0,GPTQ.4bit,FAv2,GPTQ.ExllamaV1,pytorch,0.069,17.504,0.02968115942028985,0.01610089429674667,0.057129798903107855,0.5
1xA10,EleutherAI/gpt-neo-1.3B,1.0,GPTQ.4bit,FAv2,GPTQ.ExllamaV2,pytorch,0.069,17.505,0.02968115942028985,0.0161018141376,0.057126535275635534,0.5
1xA10,EleutherAI/gpt-neo-1.3B,1.0,BnB.4bit,Eager,No Kernel,pytorch,0.078,22.75,0.026256410256410255,0.02092637941333333,0.04395604395604396,0.5
1xA10,EleutherAI/gpt-neo-1.3B,1.0,BnB.4bit,FAv2,No Kernel,pytorch,0.067,25.386,0.030567164179104475,0.02335107990272,0.03939179075080753,0.5
1xA10,EleutherAI/gpt-neo-1.3B,1.0,BnB.4bit,Eager,No Kernel,pytorch,0.074,29.697,0.027675675675675675,0.027316513821439996,0.03367343502710712,0.5
1xA10,EleutherAI/gpt-neo-1.3B,1.0,BnB.4bit,FAv2,No Kernel,pytorch,0.066,33.147,0.03103030303030303,0.03048996476544,0.030168642712764353,0.5
1xA10,EleutherAI/gpt-neo-1.3B,1.0,AWQ.4bit,Eager,AWQ.GEMM,pytorch,0.034,41.576,0.060235294117647054,0.038243303318186664,0.02405233788724264,0.5
1xA10,EleutherAI/gpt-neo-1.3B,1.0,AWQ.4bit,FAv2,AWQ.GEMM,pytorch,0.028,49.128,0.07314285714285715,0.04518994144256,0.02035499104380394,0.5
1xA10,EleutherAI/gpt-neo-1.3B,1.0,AWQ.4bit,Eager,AWQ.GEMV,pytorch,0.034,54.494,0.060235294117647054,0.05012580746154666,0.01835064410760818,0.5
1xA10,EleutherAI/gpt-neo-1.3B,1.0,AWQ.4bit,Eager,AWQ.GEMV,pytorch,0.034,54.727,0.060235294117647054,0.050340130380373334,0.018272516308220806,0.5
1xA10,EleutherAI/gpt-neo-1.3B,1.0,Unquantized,Eager,No Kernel,pytorch,0.027,55.014,0.1517037037037037,0.18813912470528,0.01817719126040644,2.0
1xA10,EleutherAI/gpt-neo-1.3B,1.0,Unquantized,Eager,No Kernel,pytorch,0.025,55.529,0.16384,0.18990034274474668,0.018008608114678814,2.0
1xA10,EleutherAI/gpt-neo-1.3B,1.0,Unquantized,Eager,No Kernel,pytorch,0.027,57.007,0.1517037037037037,0.19495486752597335,0.017541705404599435,2.0
1xA10,EleutherAI/gpt-neo-1.3B,1.0,Unquantized,Eager,No Kernel,pytorch,0.025,57.264,0.16384,0.19583376662528001,0.017462978485610504,2.0
1xA10,EleutherAI/gpt-neo-1.3B,1.0,AWQ.4bit,Eager,No Kernel,pytorch,0.238,57.433,0.008605042016806723,0.052829219729493344,0.01741159263837863,0.5
1xA10,EleutherAI/gpt-neo-1.3B,1.0,Unquantized,Eager,No Kernel,pytorch,0.053,58.068,0.07728301886792453,0.19858331867135998,0.01722118895088517,2.0
1xA10,EleutherAI/gpt-neo-1.3B,1.0,Unquantized,Eager,No Kernel,pytorch,0.053,58.603,0.07728301886792453,0.20041293352789333,0.01706397283415525,2.0
1xA10,EleutherAI/gpt-neo-1.3B,1.0,AWQ.4bit,Eager,No Kernel,pytorch,0.031,58.868,0.06606451612903226,0.05414919135402666,0.01698715770877217,0.5
1xA10,EleutherAI/gpt-neo-1.3B,1.0,AWQ.4bit,Eager,No Kernel,pytorch,0.031,59.404,0.06606451612903226,0.054642226051413334,0.016833883240185844,0.5
1xA10,EleutherAI/gpt-neo-1.3B,1.0,AWQ.4bit,Eager,No Kernel,pytorch,0.238,59.749,0.008605042016806723,0.05495957114581333,0.016736681785469214,0.5
1xA10,EleutherAI/gpt-neo-1.3B,1.0,GPTQ.4bit,Eager,GPTQ.ExllamaV1,pytorch,0.031,60.741,0.06606451612903226,0.05587205327232,0.016463344363774057,0.5
1xA10,EleutherAI/gpt-neo-1.3B,1.0,GPTQ.4bit,Eager,GPTQ.ExllamaV2,pytorch,0.031,61.829,0.06606451612903226,0.056872840120746664,0.016173640201200084,0.5
1xA10,EleutherAI/gpt-neo-1.3B,1.0,Unquantized,FAv2,No Kernel,pytorch,0.019,67.999,0.21557894736842106,0.2325457581858133,0.01470609861909734,2.0
1xA10,EleutherAI/gpt-neo-1.3B,1.0,Unquantized,FAv2,No Kernel,pytorch,0.022,68.779,0.18618181818181817,0.2352132340514133,0.014539321595254366,2.0
1xA10,EleutherAI/gpt-neo-1.3B,1.0,AWQ.4bit,FAv2,AWQ.GEMV,pytorch,0.03,70.428,0.06826666666666667,0.06478255161856,0.014198898165502358,0.5
1xA10,EleutherAI/gpt-neo-1.3B,1.0,AWQ.4bit,FAv2,AWQ.GEMV,pytorch,0.03,70.639,0.06826666666666667,0.06497663803861332,0.014156485793966507,0.5
1xA10,EleutherAI/gpt-neo-1.3B,1.0,Unquantized,FAv2,No Kernel,pytorch,0.021,71.824,0.19504761904761905,0.24562664944981333,0.01392292269993317,2.0
1xA10,EleutherAI/gpt-neo-1.3B,1.0,Unquantized,FAv2,No Kernel,pytorch,0.019,72.486,0.21557894736842106,0.24789058409472003,0.013795767458543717,2.0
1xA10,EleutherAI/gpt-neo-1.3B,1.0,AWQ.4bit,FAv2,No Kernel,pytorch,0.026,72.622,0.07876923076923077,0.06680068245077334,0.013769931976536035,0.5
1xA10,EleutherAI/gpt-neo-1.3B,1.0,AWQ.4bit,FAv2,No Kernel,pytorch,0.234,73.89,0.008752136752136753,0.0679670406528,0.013533631073216944,0.5
1xA10,EleutherAI/gpt-neo-1.3B,1.0,GPTQ.4bit,FAv2,GPTQ.ExllamaV2,pytorch,0.026,74.572,0.07876923076923077,0.06859437211477333,0.013409858928284075,0.5
1xA10,EleutherAI/gpt-neo-1.3B,1.0,AWQ.4bit,FAv2,No Kernel,pytorch,0.026,74.595,0.07876923076923077,0.0686155284544,0.013405724244252296,0.5
1xA10,EleutherAI/gpt-neo-1.3B,1.0,GPTQ.4bit,FAv2,GPTQ.ExllamaV1,pytorch,0.026,74.661,0.07876923076923077,0.06867623795072,0.013393873642196059,0.5
1xA10,EleutherAI/gpt-neo-1.3B,1.0,AWQ.4bit,FAv2,No Kernel,pytorch,0.234,75.578,0.008752136752136753,0.06951973201322667,0.013231363624335123,0.5
1xA10,stabilityai/stablelm-2-1_6b,1.0,AWQ.4bit,Eager,AWQ.GEMM,pytorch,0.139,7.629,0.014733812949640285,0.00701746587008,0.13107877834578582,0.5
1xA10,stabilityai/stablelm-2-1_6b,1.0,AWQ.4bit,FAv2,AWQ.GEMM,pytorch,0.136,7.714,0.015058823529411763,0.007095652342613334,0.12963443090484833,0.5
1xA10,stabilityai/stablelm-2-1_6b,1.0,AWQ.4bit,SDPA,AWQ.GEMM,pytorch,0.136,7.745,0.015058823529411763,0.007124167409066667,0.1291155584247902,0.5
1xA10,stabilityai/stablelm-2-1_6b,1.0,BnB.8bit,Eager,No Kernel,pytorch,0.081,12.435,0.02528395061728395,0.021800721011199998,0.08041817450743868,1.0
1xA10,stabilityai/stablelm-2-1_6b,1.0,BnB.8bit,SDPA,No Kernel,pytorch,0.081,12.507,0.02528395061728395,0.02192694955264,0.07995522507395858,1.0
1xA10,stabilityai/stablelm-2-1_6b,1.0,BnB.8bit,FAv2,No Kernel,pytorch,0.08,12.522,0.0256,0.02195324716544,0.07985944737262418,1.0
1xA10,stabilityai/stablelm-2-1_6b,1.0,GPTQ.4bit,Eager,GPTQ.ExllamaV2,pytorch,0.073,16.489,0.028054794520547946,0.015167255830613333,0.060646491600460914,0.5
1xA10,stabilityai/stablelm-2-1_6b,1.0,GPTQ.4bit,Eager,GPTQ.ExllamaV1,pytorch,0.073,16.491,0.028054794520547946,0.01516909551232,0.06063913649869626,0.5
1xA10,stabilityai/stablelm-2-1_6b,1.0,GPTQ.4bit,SDPA,GPTQ.ExllamaV2,pytorch,0.071,16.55,0.028845070422535212,0.015223366122666665,0.060422960725075525,0.5
1xA10,stabilityai/stablelm-2-1_6b,1.0,GPTQ.4bit,SDPA,GPTQ.ExllamaV1,pytorch,0.071,16.556,0.028845070422535212,0.015228885167786668,0.06040106305870983,0.5
1xA10,stabilityai/stablelm-2-1_6b,1.0,GPTQ.4bit,FAv2,GPTQ.ExllamaV1,pytorch,0.071,16.566,0.028845070422535212,0.015238083576319998,0.06036460219727152,0.5
1xA10,stabilityai/stablelm-2-1_6b,1.0,GPTQ.4bit,FAv2,GPTQ.ExllamaV2,pytorch,0.071,16.573,0.028845070422535212,0.015244522462293332,0.06033910577445242,0.5
1xA10,stabilityai/stablelm-2-1_6b,1.0,BnB.4bit,Eager,No Kernel,pytorch,0.071,21.043,0.028845070422535212,0.01935621107669333,0.047521741196597446,0.5
1xA10,stabilityai/stablelm-2-1_6b,1.0,BnB.4bit,FAv2,No Kernel,pytorch,0.068,21.99,0.030117647058823527,0.0202273003648,0.04547521600727604,0.5
1xA10,stabilityai/stablelm-2-1_6b,1.0,BnB.4bit,SDPA,No Kernel,pytorch,0.068,22.037,0.030117647058823527,0.020270532884906666,0.04537822752643282,0.5
1xA10,stabilityai/stablelm-2-1_6b,1.0,AWQ.4bit,Eager,AWQ.GEMV,pytorch,0.032,47.952,0.064,0.044108208599039994,0.02085418752085419,0.5
1xA10,stabilityai/stablelm-2-1_6b,1.0,AWQ.4bit,FAv2,AWQ.GEMV,pytorch,0.032,48.901,0.064,0.04498113756885334,0.02044947956074518,0.5
1xA10,stabilityai/stablelm-2-1_6b,1.0,Unquantized,Eager,No Kernel,pytorch,0.023,49.11,0.17808695652173914,0.1679483843072,0.020362451639177357,2.0
1xA10,stabilityai/stablelm-2-1_6b,1.0,Unquantized,Eager,No Kernel,pytorch,0.024,49.842,0.17066666666666666,0.17045170781184002,0.020063400345090486,2.0
1xA10,stabilityai/stablelm-2-1_6b,1.0,AWQ.4bit,FAv2,No Kernel,pytorch,0.029,49.893,0.07062068965517242,0.04589361969536,0.020042891788427233,0.5
1xA10,stabilityai/stablelm-2-1_6b,1.0,Unquantized,Eager,No Kernel,pytorch,0.052,50.532,0.07876923076923077,0.17281139800064002,0.01978944035462677,2.0
1xA10,stabilityai/stablelm-2-1_6b,1.0,AWQ.4bit,Eager,No Kernel,pytorch,0.236,51.111,0.008677966101694915,0.047013985854720004,0.019565259924478096,0.5
1xA10,stabilityai/stablelm-2-1_6b,1.0,AWQ.4bit,Eager,No Kernel,pytorch,0.029,51.987,0.07062068965517242,0.04781976644224001,0.019235578125300554,0.5
1xA10,stabilityai/stablelm-2-1_6b,1.0,Unquantized,FAv2,No Kernel,pytorch,0.021,52.486,0.19504761904761905,0.17949376702805334,0.019052699767557062,2.0
1xA10,stabilityai/stablelm-2-1_6b,1.0,Unquantized,FAv2,No Kernel,pytorch,0.02,53.19,0.2048,0.1819013349888,0.018800526414739612,2.0
1xA10,stabilityai/stablelm-2-1_6b,1.0,Unquantized,SDPA,No Kernel,pytorch,0.021,53.924,0.19504761904761905,0.18441149817514665,0.018544618351754322,2.0
1xA10,stabilityai/stablelm-2-1_6b,1.0,AWQ.4bit,FAv2,No Kernel,pytorch,0.236,54.025,0.008677966101694915,0.049694402101333336,0.01850994909763998,0.5
1xA10,stabilityai/stablelm-2-1_6b,1.0,Unquantized,SDPA,No Kernel,pytorch,0.05,55.142,0.08192,0.18857686433450668,0.018134996917050523,2.0
1xA10,stabilityai/stablelm-2-1_6b,1.0,AWQ.4bit,SDPA,AWQ.GEMV,pytorch,0.03,55.514,0.06826666666666667,0.05106404513194667,0.0180134740786108,0.5
1xA10,stabilityai/stablelm-2-1_6b,1.0,Unquantized,SDPA,No Kernel,pytorch,0.02,55.555,0.2048,0.18998925860693333,0.01800018000180002,2.0
1xA10,stabilityai/stablelm-2-1_6b,1.0,AWQ.4bit,SDPA,No Kernel,pytorch,0.026,58.948,0.07876923076923077,0.054222778622293334,0.016964103956029042,0.5
1xA10,stabilityai/stablelm-2-1_6b,1.0,AWQ.4bit,SDPA,No Kernel,pytorch,0.233,61.417,0.00878969957081545,0.05649386568917334,0.01628213686764251,0.5
1xA10,Qwen/Qwen1.5-0.5B,0.0,BnB.8bit,FAv2,No Kernel,pytorch,0.089,11.481,0.0,0.00099319283712,0.08710042679209128,0.0
1xA10,Qwen/Qwen1.5-0.5B,0.0,AWQ.4bit,FAv2,AWQ.GEMM,pytorch,0.087,11.644,0.0,0.00100729356288,0.08588114050154586,0.0
1xA10,Qwen/Qwen1.5-0.5B,0.0,AWQ.4bit,Eager,AWQ.GEMM,pytorch,0.088,11.648,0.0,0.00100763959296,0.08585164835164835,0.0
1xA10,Qwen/Qwen1.5-0.5B,0.0,AWQ.4bit,SDPA,AWQ.GEMM,pytorch,0.087,11.67,0.0,0.0010095427584000001,0.0856898029134533,0.0
1xA10,Qwen/Qwen1.5-0.5B,0.0,BnB.8bit,Eager,No Kernel,pytorch,0.085,11.894,0.0,0.00102892044288,0.08407600470825627,0.0
1xA10,Qwen/Qwen1.5-0.5B,0.0,BnB.8bit,SDPA,No Kernel,pytorch,0.085,11.935,0.0,0.0010324672512,0.0837871805613741,0.0
1xA10,Qwen/Qwen1.5-0.5B,0.0,BnB.8bit,FAv2,No Kernel,pytorch,0.084,11.94,0.0,0.0010328997888,0.08375209380234507,0.0
1xA10,Qwen/Qwen1.5-0.5B,0.0,BnB.8bit,Eager,No Kernel,pytorch,0.086,11.955,0.0,0.0010341974016000002,0.0836470096194061,0.0
1xA10,Qwen/Qwen1.5-0.5B,0.0,BnB.8bit,SDPA,No Kernel,pytorch,0.083,12.264,0.0,0.00106092822528,0.08153946510110895,0.0
1xA10,Qwen/Qwen1.5-0.5B,0.0,GPTQ.4bit,FAv2,GPTQ.ExllamaV1,pytorch,0.052,19.432,0.0,0.00168101412864,0.0514615067929189,0.0
1xA10,Qwen/Qwen1.5-0.5B,0.0,GPTQ.4bit,FAv2,GPTQ.ExllamaV2,pytorch,0.052,19.593,0.0,0.0016949418393599998,0.05103863624763946,0.0
1xA10,Qwen/Qwen1.5-0.5B,0.0,GPTQ.4bit,Eager,GPTQ.ExllamaV1,pytorch,0.053,19.869,0.0,0.00171881791488,0.050329659268206754,0.0
1xA10,Qwen/Qwen1.5-0.5B,0.0,BnB.4bit,FAv2,No Kernel,pytorch,0.062,20.126,0.0,0.0017410503475200003,0.04968697207592169,0.0
1xA10,Qwen/Qwen1.5-0.5B,0.0,BnB.4bit,Eager,No Kernel,pytorch,0.064,20.145,0.0,0.0017426939903999999,0.04964010920824026,0.0
1xA10,Qwen/Qwen1.5-0.5B,0.0,GPTQ.4bit,Eager,GPTQ.ExllamaV2,pytorch,0.052,20.197,0.0,0.0017471923814399999,0.04951230380749617,0.0
1xA10,Qwen/Qwen1.5-0.5B,0.0,GPTQ.4bit,SDPA,GPTQ.ExllamaV1,pytorch,0.05,20.583,0.0,0.0017805842841599998,0.04858378273332362,0.0
1xA10,Qwen/Qwen1.5-0.5B,0.0,GPTQ.4bit,SDPA,GPTQ.ExllamaV2,pytorch,0.05,20.776,0.0,0.00179728023552,0.048132460531382364,0.0
1xA10,Qwen/Qwen1.5-0.5B,0.0,BnB.4bit,SDPA,No Kernel,pytorch,0.06,21.127,0.0,0.0018276443750399997,0.047332796894968526,0.0
1xA10,Qwen/Qwen1.5-0.5B,0.0,BnB.4bit,Eager,No Kernel,pytorch,0.056,23.995,0.0,0.0020757479424,0.04167534903104814,0.0
1xA10,Qwen/Qwen1.5-0.5B,0.0,BnB.4bit,FAv2,No Kernel,pytorch,0.054,24.499,0.0,0.00211934773248,0.04081799257112535,0.0
1xA10,Qwen/Qwen1.5-0.5B,0.0,BnB.4bit,SDPA,No Kernel,pytorch,0.052,26.237,0.0,0.00226969780224,0.038114113656286926,0.0
1xA10,Qwen/Qwen1.5-0.5B,0.0,AWQ.4bit,FAv2,AWQ.GEMM,pytorch,0.032,32.745,0.0,0.0028326887424,0.03053901358986105,0.0
1xA10,Qwen/Qwen1.5-0.5B,0.0,AWQ.4bit,Eager,AWQ.GEMM,pytorch,0.033,32.876,0.0,0.0028440212275199998,0.030417325708723693,0.0
1xA10,Qwen/Qwen1.5-0.5B,0.0,AWQ.4bit,SDPA,AWQ.GEMM,pytorch,0.029,36.365,0.0,0.0031458459648000003,0.027498968788670423,0.0
1xA10,Qwen/Qwen1.5-0.5B,0.0,Unquantized,FAv2,No Kernel,pytorch,0.026,40.913,0.0,0.00353928216576,0.024442108865152887,0.0
1xA10,Qwen/Qwen1.5-0.5B,0.0,Unquantized,FAv2,No Kernel,pytorch,0.026,41.32,0.0,0.0035744907264,0.02420135527589545,0.0
1xA10,Qwen/Qwen1.5-0.5B,0.0,AWQ.4bit,Eager,AWQ.GEMV,pytorch,0.028,42.121,0.0,0.00364378324992,0.023741126753875737,0.0
1xA10,Qwen/Qwen1.5-0.5B,0.0,Unquantized,Eager,No Kernel,pytorch,0.026,42.276,0.0,0.0036571919155200003,0.0236540826946731,0.0
1xA10,Qwen/Qwen1.5-0.5B,0.0,AWQ.4bit,FAv2,AWQ.GEMV,pytorch,0.027,42.476,0.0,0.0036744934195200004,0.023542706469535737,0.0
1xA10,Qwen/Qwen1.5-0.5B,0.0,GPTQ.4bit,FAv2,GPTQ.ExllamaV1,pytorch,0.028,43.555,0.0,0.0037678350336,0.022959476523935256,0.0
1xA10,Qwen/Qwen1.5-0.5B,0.0,Unquantized,Eager,No Kernel,pytorch,0.025,43.843,0.0,0.00379274919936,0.022808658166640055,0.0
1xA10,Qwen/Qwen1.5-0.5B,0.0,AWQ.4bit,FAv2,No Kernel,pytorch,0.028,44.05,0.0,0.0038106562559999993,0.022701475595913737,0.0
1xA10,Qwen/Qwen1.5-0.5B,0.0,AWQ.4bit,Eager,AWQ.GEMV,pytorch,0.027,44.118,0.0,0.0038165387673599997,0.02266648533478399,0.0
1xA10,Qwen/Qwen1.5-0.5B,0.0,GPTQ.4bit,FAv2,GPTQ.ExllamaV2,pytorch,0.028,44.52,0.0,0.0038513147904,0.022461814914645103,0.0
1xA10,Qwen/Qwen1.5-0.5B,0.0,AWQ.4bit,FAv2,No Kernel,pytorch,0.074,45.008,0.0,0.00389353046016,0.022218272307145397,0.0
1xA10,Qwen/Qwen1.5-0.5B,0.0,AWQ.4bit,Eager,No Kernel,pytorch,0.028,45.073,0.0,0.00389915344896,0.022186231224901827,0.0
1xA10,Qwen/Qwen1.5-0.5B,0.0,GPTQ.4bit,Eager,GPTQ.ExllamaV2,pytorch,0.028,45.995,0.0,0.0039789133824,0.021741493640613112,0.0
1xA10,Qwen/Qwen1.5-0.5B,0.0,Unquantized,Eager,No Kernel,pytorch,0.026,46.347,0.0,0.00400936402944,0.021576369560057825,0.0
1xA10,Qwen/Qwen1.5-0.5B,0.0,AWQ.4bit,Eager,No Kernel,pytorch,0.068,46.362,0.0,0.00401066164224,0.021569388723523573,0.0
1xA10,Qwen/Qwen1.5-0.5B,0.0,AWQ.4bit,Eager,No Kernel,pytorch,0.027,46.49,0.0,0.0040217346048,0.021510002151000213,0.0
1xA10,Qwen/Qwen1.5-0.5B,0.0,Unquantized,Eager,No Kernel,pytorch,0.023,46.792,0.0,0.00404785987584,0.021371174559753802,0.0
1xA10,Qwen/Qwen1.5-0.5B,0.0,Unquantized,FAv2,No Kernel,pytorch,0.022,47.001,0.0,0.00406593994752,0.021276143060785943,0.0
1xA10,Qwen/Qwen1.5-0.5B,0.0,AWQ.4bit,Eager,No Kernel,pytorch,0.068,47.124,0.0,0.00407658037248,0.021220609455903573,0.0
1xA10,Qwen/Qwen1.5-0.5B,0.0,Unquantized,FAv2,No Kernel,pytorch,0.022,47.15,0.0,0.004078829568,0.021208907741251327,0.0
1xA10,Qwen/Qwen1.5-0.5B,0.0,GPTQ.4bit,Eager,GPTQ.ExllamaV1,pytorch,0.027,47.331,0.0,0.00409448742912,0.021127802074750162,0.0
1xA10,Qwen/Qwen1.5-0.5B,0.0,AWQ.4bit,SDPA,AWQ.GEMV,pytorch,0.024,47.825,0.0,0.004137222144,0.020909566126502875,0.0
1xA10,Qwen/Qwen1.5-0.5B,0.0,Unquantized,Eager,No Kernel,pytorch,0.022,48.046,0.0,0.00415634030592,0.02081338717062815,0.0
1xA10,Qwen/Qwen1.5-0.5B,0.0,Unquantized,SDPA,No Kernel,pytorch,0.021,48.691,0.0,0.00421213765632,0.020537676367295803,0.0
1xA10,Qwen/Qwen1.5-0.5B,0.0,Unquantized,SDPA,No Kernel,pytorch,0.022,48.851,0.0,0.00422597885952,0.020470410022312747,0.0
1xA10,Qwen/Qwen1.5-0.5B,0.0,Unquantized,Eager,No Kernel,pytorch,0.024,48.966,0.0,0.0042359272243200005,0.020422333864314014,0.0
1xA10,Qwen/Qwen1.5-0.5B,0.0,AWQ.4bit,SDPA,AWQ.GEMV,pytorch,0.024,48.987,0.0,0.00423774388224,0.02041357911282585,0.0
1xA10,Qwen/Qwen1.5-0.5B,0.0,Unquantized,SDPA,No Kernel,pytorch,0.022,49.129,0.0,0.00425002795008,0.02035457672657697,0.0
1xA10,Qwen/Qwen1.5-0.5B,0.0,AWQ.4bit,SDPA,No Kernel,pytorch,0.067,51.12,0.0,0.0044222644224,0.019561815336463225,0.0
1xA10,Qwen/Qwen1.5-0.5B,0.0,GPTQ.4bit,SDPA,GPTQ.ExllamaV2,pytorch,0.024,51.2,0.0,0.004429185024,0.01953125,0.0
1xA10,Qwen/Qwen1.5-0.5B,0.0,Unquantized,SDPA,No Kernel,pytorch,0.023,51.262,0.0,0.0044345484902400005,0.019507627482345597,0.0
1xA10,Qwen/Qwen1.5-0.5B,0.0,AWQ.4bit,SDPA,No Kernel,pytorch,0.024,51.498,0.0,0.00445496426496,0.019418229834168316,0.0
1xA10,Qwen/Qwen1.5-0.5B,0.0,AWQ.4bit,SDPA,No Kernel,pytorch,0.067,51.759,0.0,0.00447754272768,0.019320311443420467,0.0
1xA10,Qwen/Qwen1.5-0.5B,0.0,Unquantized,SDPA,No Kernel,pytorch,0.023,52.204,0.0,0.0045160385740800005,0.019155620258983985,0.0
1xA10,Qwen/Qwen1.5-0.5B,0.0,AWQ.4bit,SDPA,No Kernel,pytorch,0.024,52.208,0.0,0.00451638460416,0.01915415262028808,0.0
1xA10,Qwen/Qwen1.5-0.5B,0.0,Unquantized,SDPA,No Kernel,pytorch,0.02,52.527,0.0,0.00454398050304,0.019037828164562988,0.0
1xA10,Qwen/Qwen1.5-0.5B,0.0,GPTQ.4bit,SDPA,GPTQ.ExllamaV1,pytorch,0.023,53.601,0.0,0.00463688957952,0.01865636835133673,0.0
1xA10,EleutherAI/pythia-410m,0.0,AWQ.4bit,Eager,AWQ.GEMM,pytorch,0.062,16.616,0.0,0.0014374089523199998,0.0601829561868079,0.0
1xA10,EleutherAI/pythia-410m,0.0,BnB.8bit,Eager,No Kernel,pytorch,0.059,17.215,0.0,0.0014892269567999999,0.05808887598024978,0.0
1xA10,EleutherAI/pythia-410m,0.0,BnB.8bit,Eager,No Kernel,pytorch,0.056,17.527,0.0,0.0015162173030400003,0.05705482969133337,0.0
1xA10,EleutherAI/pythia-410m,0.0,AWQ.4bit,FAv2,AWQ.GEMM,pytorch,0.057,17.662,0.0,0.0015278958182399999,0.05661872947571057,0.0
1xA10,EleutherAI/pythia-410m,0.0,AWQ.4bit,SDPA,AWQ.GEMM,pytorch,0.056,17.72,0.0,0.0015329132543999997,0.05643340857787811,0.0
1xA10,EleutherAI/pythia-410m,0.0,BnB.8bit,FAv2,No Kernel,pytorch,0.054,18.494,0.0,0.00159987007488,0.05407159078620093,0.0
1xA10,EleutherAI/pythia-410m,0.0,BnB.8bit,FAv2,No Kernel,pytorch,0.053,18.659,0.0,0.0016141438156799998,0.05359344016292406,0.0
1xA10,EleutherAI/pythia-410m,0.0,BnB.8bit,SDPA,No Kernel,pytorch,0.053,18.834,0.0,0.0016292826316799999,0.053095465647233726,0.0
1xA10,EleutherAI/pythia-410m,0.0,BnB.8bit,SDPA,No Kernel,pytorch,0.052,19.03,0.0,0.0016462381056,0.05254860746190226,0.0
1xA10,EleutherAI/pythia-410m,0.0,BnB.4bit,Eager,No Kernel,pytorch,0.045,26.392,0.0,0.00228310646784,0.03789026977872083,0.0
1xA10,EleutherAI/pythia-410m,0.0,GPTQ.4bit,Eager,GPTQ.ExllamaV1,pytorch,0.037,27.336,0.0,0.00236476956672,0.036581796897863623,0.0
1xA10,EleutherAI/pythia-410m,0.0,BnB.4bit,FAv2,No Kernel,pytorch,0.042,27.983,0.0,0.00242073993216,0.03573598256084051,0.0
1xA10,EleutherAI/pythia-410m,0.0,GPTQ.4bit,Eager,GPTQ.ExllamaV2,pytorch,0.036,28.545,0.0,0.0024693571584000003,0.03503240497460151,0.0
1xA10,EleutherAI/pythia-410m,0.0,GPTQ.4bit,SDPA,GPTQ.ExllamaV2,pytorch,0.033,29.186,0.0,0.0025248084787200006,0.03426300280956623,0.0
1xA10,EleutherAI/pythia-410m,0.0,BnB.4bit,Eager,No Kernel,pytorch,0.041,29.272,0.0,0.00253224812544,0.03416233943700465,0.0
1xA10,EleutherAI/pythia-410m,0.0,BnB.4bit,SDPA,No Kernel,pytorch,0.04,29.348,0.0,0.0025388226969599997,0.03407387215483167,0.0
1xA10,EleutherAI/pythia-410m,0.0,GPTQ.4bit,FAv2,GPTQ.ExllamaV1,pytorch,0.034,30.362,0.0,0.0026265413222399995,0.03293590672551216,0.0
1xA10,EleutherAI/pythia-410m,0.0,GPTQ.4bit,FAv2,GPTQ.ExllamaV2,pytorch,0.033,30.848,0.0,0.00266858397696,0.03241701244813278,0.0
1xA10,EleutherAI/pythia-410m,0.0,GPTQ.4bit,SDPA,GPTQ.ExllamaV1,pytorch,0.033,31.084,0.0,0.00268899975168,0.03217089177712006,0.0
1xA10,EleutherAI/pythia-410m,0.0,BnB.4bit,FAv2,No Kernel,pytorch,0.038,32.076,0.0,0.00277481521152,0.031175957101883027,0.0
1xA10,EleutherAI/pythia-410m,0.0,BnB.4bit,SDPA,No Kernel,pytorch,0.037,33.641,0.0,0.00291019948032,0.029725632412829585,0.0
1xA10,EleutherAI/pythia-410m,0.0,AWQ.4bit,Eager,AWQ.GEMM,pytorch,0.028,37.541,0.0,0.00324757880832,0.026637542953038013,0.0
1xA10,EleutherAI/pythia-410m,0.0,AWQ.4bit,Eager,AWQ.GEMV,pytorch,0.025,44.054,0.0,0.00381100228608,0.022699414355109637,0.0
1xA10,EleutherAI/pythia-410m,0.0,AWQ.4bit,SDPA,AWQ.GEMM,pytorch,0.023,44.312,0.0,0.003833321226239999,0.02256725040621051,0.0
1xA10,EleutherAI/pythia-410m,0.0,AWQ.4bit,FAv2,AWQ.GEMM,pytorch,0.023,44.982,0.0,0.0038912812646399995,0.02223111466808946,0.0
1xA10,EleutherAI/pythia-410m,0.0,AWQ.4bit,Eager,AWQ.GEMV,pytorch,0.024,46.795,0.0,0.0040481193984,0.02136980446628913,0.0
1xA10,EleutherAI/pythia-410m,0.0,AWQ.4bit,Eager,No Kernel,pytorch,0.024,47.408,0.0,0.00410114850816,0.021093486331420858,0.0
1xA10,EleutherAI/pythia-410m,0.0,AWQ.4bit,Eager,No Kernel,pytorch,0.069,47.599,0.0,0.0041176714444799995,0.02100884472362865,0.0
1xA10,EleutherAI/pythia-410m,0.0,AWQ.4bit,Eager,No Kernel,pytorch,0.069,48.178,0.0,0.00416775929856,0.020756361824899334,0.0
1xA10,EleutherAI/pythia-410m,0.0,Unquantized,Eager,No Kernel,pytorch,0.022,48.244,0.0,0.00417346879488,0.020727966171959208,0.0
1xA10,EleutherAI/pythia-410m,0.0,AWQ.4bit,Eager,No Kernel,pytorch,0.023,48.625,0.0,0.004206428160000001,0.02056555269922879,0.0
1xA10,EleutherAI/pythia-410m,0.0,Unquantized,Eager,No Kernel,pytorch,0.021,48.837,0.0,0.00422476775424,0.020476278231668612,0.0
1xA10,EleutherAI/pythia-410m,0.0,GPTQ.4bit,Eager,GPTQ.ExllamaV2,pytorch,0.023,49.599,0.0,0.00429068648448,0.020161696808403396,0.0
1xA10,EleutherAI/pythia-410m,0.0,GPTQ.4bit,Eager,GPTQ.ExllamaV1,pytorch,0.023,50.732,0.0,0.004388699504639999,0.019711424741780337,0.0
1xA10,EleutherAI/pythia-410m,0.0,AWQ.4bit,FAv2,AWQ.GEMV,pytorch,0.021,52.45,0.0,0.004537319424000001,0.019065776930409912,0.0
1xA10,EleutherAI/pythia-410m,0.0,AWQ.4bit,FAv2,AWQ.GEMV,pytorch,0.021,52.549,0.0,0.00454588366848,0.019029857846961883,0.0
1xA10,EleutherAI/pythia-410m,0.0,Unquantized,Eager,No Kernel,pytorch,0.021,53.534,0.0,0.0046310935756799995,0.018679717562670454,0.0
1xA10,EleutherAI/pythia-410m,0.0,Unquantized,Eager,No Kernel,pytorch,0.02,53.665,0.0,0.004642426060799999,0.01863411907202087,0.0
1xA10,EleutherAI/pythia-410m,0.0,AWQ.4bit,FAv2,No Kernel,pytorch,0.021,53.76,0.0,0.004650644275200001,0.018601190476190476,0.0
1xA10,EleutherAI/pythia-410m,0.0,Unquantized,Eager,No Kernel,pytorch,0.019,54.163,0.0,0.004685506805759999,0.01846278825028156,0.0
1xA10,EleutherAI/pythia-410m,0.0,Unquantized,Eager,No Kernel,pytorch,0.021,54.785,0.0,0.0047393144832,0.018253171488546136,0.0
1xA10,EleutherAI/pythia-410m,0.0,AWQ.4bit,SDPA,AWQ.GEMV,pytorch,0.02,56.048,0.0,0.00484857348096,0.01784184984299172,0.0
1xA10,EleutherAI/pythia-410m,0.0,AWQ.4bit,SDPA,AWQ.GEMV,pytorch,0.019,56.095,0.0,0.0048526393344000005,0.017826900793297084,0.0
1xA10,EleutherAI/pythia-410m,0.0,AWQ.4bit,FAv2,No Kernel,pytorch,0.064,56.607,0.0,0.00489693118464,0.017665659724062394,0.0
1xA10,EleutherAI/pythia-410m,0.0,Unquantized,FAv2,No Kernel,pytorch,0.018,57.192,0.0,0.00494753808384,0.017484962931878584,0.0
1xA10,EleutherAI/pythia-410m,0.0,AWQ.4bit,FAv2,No Kernel,pytorch,0.02,57.342,0.0,0.00496051421184,0.01743922430330299,0.0
1xA10,EleutherAI/pythia-410m,0.0,AWQ.4bit,SDPA,No Kernel,pytorch,0.02,57.404,0.0,0.00496587767808,0.01742038882307853,0.0
1xA10,EleutherAI/pythia-410m,0.0,Unquantized,FAv2,No Kernel,pytorch,0.018,57.571,0.0,0.00498032443392,0.017369856351287974,0.0
1xA10,EleutherAI/pythia-410m,0.0,AWQ.4bit,FAv2,No Kernel,pytorch,0.064,57.649,0.0,0.00498707202048,0.017346354663567452,0.0
1xA10,EleutherAI/pythia-410m,0.0,AWQ.4bit,SDPA,No Kernel,pytorch,0.064,58.518,0.0,0.00506224705536,0.01708875901432038,0.0
1xA10,EleutherAI/pythia-410m,0.0,GPTQ.4bit,FAv2,GPTQ.ExllamaV1,pytorch,0.019,58.883,0.0,0.005093822300160001,0.016982830358507547,0.0
1xA10,EleutherAI/pythia-410m,0.0,Unquantized,SDPA,No Kernel,pytorch,0.018,59.329,0.0,0.00513240465408,0.016855163579362537,0.0
1xA10,EleutherAI/pythia-410m,0.0,Unquantized,FAv2,No Kernel,pytorch,0.017,59.601,0.0,0.00515593469952,0.016778241975805776,0.0
1xA10,EleutherAI/pythia-410m,0.0,AWQ.4bit,SDPA,No Kernel,pytorch,0.019,60.176,0.0,0.00520567652352,0.016617920765753788,0.0
1xA10,EleutherAI/pythia-410m,0.0,GPTQ.4bit,SDPA,GPTQ.ExllamaV2,pytorch,0.019,60.255,0.0,0.0052125106176,0.01659613310098747,0.0
1xA10,EleutherAI/pythia-410m,0.0,AWQ.4bit,SDPA,No Kernel,pytorch,0.064,60.338,0.0,0.0052196907417600006,0.016573303722364017,0.0
1xA10,EleutherAI/pythia-410m,0.0,GPTQ.4bit,SDPA,GPTQ.ExllamaV1,pytorch,0.019,60.426,0.0,0.00522730340352,0.016549167576870884,0.0
1xA10,EleutherAI/pythia-410m,0.0,GPTQ.4bit,FAv2,GPTQ.ExllamaV2,pytorch,0.019,60.772,0.0,0.005257235005439999,0.01645494635687488,0.0
1xA10,EleutherAI/pythia-410m,0.0,Unquantized,SDPA,No Kernel,pytorch,0.016,61.419,0.0,0.005313205370879999,0.016281606668946094,0.0
1xA10,EleutherAI/pythia-410m,0.0,Unquantized,SDPA,No Kernel,pytorch,0.016,61.602,0.0,0.005329036247039999,0.01623323918054609,0.0
1xA10,EleutherAI/pythia-410m,0.0,Unquantized,SDPA,No Kernel,pytorch,0.017,61.782,0.0,0.005344607600639999,0.01618594412612088,0.0
1xA10,EleutherAI/pythia-410m,0.0,Unquantized,FAv2,No Kernel,pytorch,0.017,61.927,0.0,0.00535715119104,0.016148045279118964,0.0
1xA10,EleutherAI/pythia-410m,0.0,Unquantized,SDPA,No Kernel,pytorch,0.017,67.934,0.0,0.005876801863679999,0.01472016957635352,0.0
1xA10,EleutherAI/pythia-410m,0.0,Unquantized,SDPA,No Kernel,pytorch,0.017,69.862,0.0,0.006043588362239999,0.014313933182559906,0.0
1xA10,tiiuae/falcon-7b,7.0,BnB.8bit,Eager,No Kernel,pytorch,0.078,13.516,0.1837948717948718,0.1610880794385067,0.0739863865048831,7.0
1xA10,tiiuae/falcon-7b,7.0,Unquantized,Eager,No Kernel,pytorch,0.081,21.65,0.3539753086419753,0.5106150675626667,0.046189376443418015,14.0
1xA10,tiiuae/falcon-7b,7.0,Unquantized,Eager,No Kernel,pytorch,0.081,21.74,0.3539753086419753,0.5127377168042666,0.04599816007359706,14.0
1xA10,tiiuae/falcon-7b,7.0,BnB.4bit,Eager,No Kernel,pytorch,0.327,21.992,0.04384097859327217,0.1338211346807467,0.04547108039287013,3.5
1xA10,EleutherAI/gpt-neo-125m,0.0,BnB.8bit,Eager,No Kernel,pytorch,0.037,27.441,0.0,0.00237385285632,0.036441820633358844,0.0
1xA10,EleutherAI/gpt-neo-125m,0.0,BnB.8bit,Eager,No Kernel,pytorch,0.037,27.796,0.0,0.00240456302592,0.03597639948193985,0.0
1xA10,EleutherAI/gpt-neo-125m,0.0,BnB.8bit,FAv2,No Kernel,pytorch,0.036,27.995,0.0,0.0024217780223999997,0.03572066440435792,0.0
1xA10,EleutherAI/gpt-neo-125m,0.0,AWQ.4bit,Eager,AWQ.GEMM,pytorch,0.036,28.812,0.0,0.00249245466624,0.03470776065528252,0.0
1xA10,EleutherAI/gpt-neo-125m,0.0,BnB.8bit,FAv2,No Kernel,pytorch,0.035,29.118,0.0,0.00251892596736,0.0343430180644275,0.0
1xA10,EleutherAI/gpt-neo-125m,0.0,AWQ.4bit,FAv2,AWQ.GEMM,pytorch,0.032,31.366,0.0,0.0027133948723199997,0.031881655295542946,0.0
1xA10,EleutherAI/gpt-neo-125m,0.0,BnB.4bit,Eager,No Kernel,pytorch,0.028,45.042,0.0,0.00389647171584,0.02220150082145553,0.0
1xA10,EleutherAI/gpt-neo-125m,0.0,GPTQ.4bit,Eager,GPTQ.ExllamaV2,pytorch,0.023,46.138,0.0,0.00399128395776,0.021674108110451257,0.0
1xA10,EleutherAI/gpt-neo-125m,0.0,GPTQ.4bit,Eager,GPTQ.ExllamaV1,pytorch,0.021,48.215,0.0,0.0041709600768,0.020740433475059626,0.0
1xA10,EleutherAI/gpt-neo-125m,0.0,GPTQ.4bit,FAv2,GPTQ.ExllamaV2,pytorch,0.02,49.646,0.0,0.00429475233792,0.020142609676509687,0.0
1xA10,EleutherAI/gpt-neo-125m,0.0,BnB.4bit,FAv2,No Kernel,pytorch,0.026,49.836,0.0,0.0043111887667200005,0.02006581587607352,0.0
1xA10,EleutherAI/gpt-neo-125m,0.0,GPTQ.4bit,FAv2,GPTQ.ExllamaV1,pytorch,0.019,52.231,0.0,0.004518374277120001,0.019145718060155845,0.0
1xA10,EleutherAI/gpt-neo-125m,0.0,BnB.4bit,Eager,No Kernel,pytorch,0.024,54.861,0.0,0.00474588905472,0.018227885018501304,0.0
1xA10,EleutherAI/gpt-neo-125m,0.0,BnB.4bit,FAv2,No Kernel,pytorch,0.021,62.989,0.0,0.005449022177279999,0.01587578783597136,0.0
1xA10,EleutherAI/gpt-neo-125m,0.0,AWQ.4bit,Eager,AWQ.GEMM,pytorch,0.014,79.93,0.0,0.0069145460736,0.012510947078693857,0.0
1xA10,EleutherAI/gpt-neo-125m,0.0,AWQ.4bit,FAv2,AWQ.GEMM,pytorch,0.011,92.952,0.0,0.00804104699904,0.010758240812462346,0.0
1xA10,EleutherAI/gpt-neo-125m,0.0,Unquantized,Eager,No Kernel,pytorch,0.011,104.099,0.0,0.00900534632448,0.009606240213642783,0.0
1xA10,EleutherAI/gpt-neo-125m,0.0,Unquantized,Eager,No Kernel,pytorch,0.01,105.172,0.0,0.00909816889344,0.009508234130757236,0.0
1xA10,EleutherAI/gpt-neo-125m,0.0,AWQ.4bit,Eager,AWQ.GEMV,pytorch,0.011,105.799,0.0,0.00915240910848,0.009451885178498851,0.0
1xA10,EleutherAI/gpt-neo-125m,0.0,Unquantized,Eager,No Kernel,pytorch,0.01,106.947,0.0,0.00925171974144,0.009350425911900287,0.0
1xA10,EleutherAI/gpt-neo-125m,0.0,AWQ.4bit,Eager,AWQ.GEMV,pytorch,0.011,107.654,0.0,0.009312880558080001,0.009289018522302933,0.0
1xA10,EleutherAI/gpt-neo-125m,0.0,Unquantized,Eager,No Kernel,pytorch,0.01,108.62,0.0,0.009396446822400002,0.009206407659731172,0.0
1xA10,EleutherAI/gpt-neo-125m,0.0,AWQ.4bit,Eager,No Kernel,pytorch,0.011,108.875,0.0,0.009418506240000001,0.009184845005740528,0.0
1xA10,EleutherAI/gpt-neo-125m,0.0,GPTQ.4bit,Eager,GPTQ.ExllamaV1,pytorch,0.011,110.056,0.0,0.00952067162112,0.009086283346659882,0.0
1xA10,EleutherAI/gpt-neo-125m,0.0,AWQ.4bit,Eager,No Kernel,pytorch,0.011,110.726,0.0,0.009578631659519998,0.00903130249444575,0.0
1xA10,EleutherAI/gpt-neo-125m,0.0,AWQ.4bit,Eager,No Kernel,pytorch,0.022,110.815,0.0,0.009586330828800001,0.009024049090827053,0.0
1xA10,EleutherAI/gpt-neo-125m,0.0,Unquantized,Eager,No Kernel,pytorch,0.011,112.487,0.0,0.00973097140224,0.008889916168090536,0.0
1xA10,EleutherAI/gpt-neo-125m,0.0,AWQ.4bit,Eager,No Kernel,pytorch,0.022,112.676,0.0,0.00974732132352,0.008875004437502219,0.0
1xA10,EleutherAI/gpt-neo-125m,0.0,GPTQ.4bit,Eager,GPTQ.ExllamaV2,pytorch,0.011,115.815,0.0,0.0100188684288,0.008634460130380349,0.0
1xA10,EleutherAI/gpt-neo-125m,0.0,Unquantized,Eager,No Kernel,pytorch,0.01,117.105,0.0,0.010130463129600002,0.008539345032236027,0.0
1xA10,EleutherAI/gpt-neo-125m,0.0,Unquantized,FAv2,No Kernel,pytorch,0.009,126.106,0.0,0.01090911731712,0.007929836803958574,0.0
1xA10,EleutherAI/gpt-neo-125m,0.0,Unquantized,FAv2,No Kernel,pytorch,0.008,127.176,0.0,0.01100168036352,0.00786311882745172,0.0
1xA10,EleutherAI/gpt-neo-125m,0.0,Unquantized,FAv2,No Kernel,pytorch,0.008,130.278,0.0,0.011270026690559999,0.0076758930901610406,0.0
1xA10,EleutherAI/gpt-neo-125m,0.0,AWQ.4bit,FAv2,AWQ.GEMV,pytorch,0.009,130.398,0.0,0.01128040759296,0.007668829276522646,0.0
1xA10,EleutherAI/gpt-neo-125m,0.0,Unquantized,FAv2,No Kernel,pytorch,0.008,132.452,0.0,0.011458094039039999,0.007549904871198623,0.0
1xA10,EleutherAI/gpt-neo-125m,0.0,AWQ.4bit,FAv2,AWQ.GEMV,pytorch,0.009,132.796,0.0,0.01148785262592,0.007530347299617459,0.0
1xA10,EleutherAI/gpt-neo-125m,0.0,AWQ.4bit,FAv2,No Kernel,pytorch,0.009,136.392,0.0,0.01179893366784,0.007331808317203355,0.0
1xA10,EleutherAI/gpt-neo-125m,0.0,AWQ.4bit,FAv2,No Kernel,pytorch,0.009,138.196,0.0,0.01195499323392,0.007236099452950882,0.0
1xA10,EleutherAI/gpt-neo-125m,0.0,AWQ.4bit,FAv2,No Kernel,pytorch,0.02,139.273,0.0,0.012048161832959998,0.0071801425976319895,0.0
1xA10,EleutherAI/gpt-neo-125m,0.0,GPTQ.4bit,FAv2,GPTQ.ExllamaV2,pytorch,0.009,140.051,0.0,0.012115464683519999,0.007140256049581939,0.0
1xA10,EleutherAI/gpt-neo-125m,0.0,AWQ.4bit,FAv2,No Kernel,pytorch,0.02,141.471,0.0,0.01223830536192,0.007068586494758643,0.0
1xA10,EleutherAI/gpt-neo-125m,0.0,GPTQ.4bit,FAv2,GPTQ.ExllamaV1,pytorch,0.009,144.965,0.0,0.0125405626368,0.006898216810954368,0.0
1xA10,distilbert/distilgpt2,0.0,BnB.8bit,Eager,No Kernel,pytorch,0.016,69.38,0.0,0.0060018917376,0.014413375612568464,0.0
1xA10,distilbert/distilgpt2,0.0,BnB.8bit,FAv2,No Kernel,pytorch,0.014,74.237,0.0,0.00642205876224,0.013470371916968628,0.0
1xA10,distilbert/distilgpt2,0.0,BnB.8bit,SDPA,No Kernel,pytorch,0.014,75.263,0.0,0.0065108154777600005,0.013286741160995442,0.0
1xA10,distilbert/distilgpt2,0.0,BnB.4bit,Eager,No Kernel,pytorch,0.011,120.198,0.0,0.010398030888959998,0.008319605983460624,0.0
1xA10,distilbert/distilgpt2,0.0,BnB.4bit,FAv2,No Kernel,pytorch,0.01,129.716,0.0,0.011221409464319999,0.007709149218292269,0.0
1xA10,distilbert/distilgpt2,0.0,BnB.4bit,SDPA,No Kernel,pytorch,0.01,130.341,0.0,0.011275476664320001,0.0076721829662193776,0.0
1xA10,distilbert/distilgpt2,0.0,AWQ.4bit,Eager,AWQ.GEMV,pytorch,0.006,194.976,0.0,0.01686689021952,0.0051288363696044646,0.0
1xA10,distilbert/distilgpt2,0.0,Unquantized,Eager,No Kernel,pytorch,0.006,196.813,0.0,0.01702580453376,0.00508096518014562,0.0
1xA10,distilbert/distilgpt2,0.0,Unquantized,Eager,No Kernel,pytorch,0.006,198.884,0.0,0.017204961607679998,0.005028056555580138,0.0
1xA10,distilbert/distilgpt2,0.0,AWQ.4bit,Eager,No Kernel,pytorch,0.006,199.54,0.0,0.017261710540799998,0.0050115265109752435,0.0
1xA10,distilbert/distilgpt2,0.0,AWQ.4bit,Eager,No Kernel,pytorch,0.006,199.641,0.0,0.017270447800320003,0.005008991139094675,0.0
1xA10,distilbert/distilgpt2,0.0,AWQ.4bit,Eager,AWQ.GEMM,pytorch,0.006,204.616,0.0,0.017700822712320003,0.004887203346756851,0.0
1xA10,distilbert/distilgpt2,0.0,Unquantized,Eager,No Kernel,pytorch,0.007,205.641,0.0,0.017789492920319998,0.004862843499107669,0.0
1xA10,distilbert/distilgpt2,0.0,GPTQ.4bit,Eager,GPTQ.ExllamaV2,pytorch,0.006,206.666,0.0,0.01787816312832,0.004838725286210601,0.0
1xA10,distilbert/distilgpt2,0.0,GPTQ.4bit,Eager,GPTQ.ExllamaV1,pytorch,0.006,209.893,0.0,0.01815732289536,0.004764332302649445,0.0
1xA10,distilbert/distilgpt2,0.0,Unquantized,FAv2,No Kernel,pytorch,0.005,224.782,0.0,0.019445333360640003,0.0044487547935332895,0.0
1xA10,distilbert/distilgpt2,0.0,AWQ.4bit,FAv2,AWQ.GEMM,pytorch,0.005,226.312,0.0,0.01957768986624,0.004418678638339991,0.0
1xA10,distilbert/distilgpt2,0.0,AWQ.4bit,FAv2,No Kernel,pytorch,0.005,229.917,0.0,0.01988954947584,0.004349395651474228,0.0
1xA10,distilbert/distilgpt2,0.0,AWQ.4bit,FAv2,AWQ.GEMV,pytorch,0.005,230.742,0.0,0.01996091817984,0.0043338447270111205,0.0
1xA10,distilbert/distilgpt2,0.0,AWQ.4bit,FAv2,No Kernel,pytorch,0.005,232.724,0.0,0.02013237608448,0.004296935425654423,0.0
1xA10,distilbert/distilgpt2,0.0,Unquantized,FAv2,No Kernel,pytorch,0.005,233.94,0.0,0.0202375692288,0.004274600324869625,0.0
1xA10,distilbert/distilgpt2,0.0,GPTQ.4bit,FAv2,GPTQ.ExllamaV2,pytorch,0.006,234.399,0.0,0.020277276180480003,0.004266229804734662,0.0
1xA10,distilbert/distilgpt2,0.0,GPTQ.4bit,FAv2,GPTQ.ExllamaV1,pytorch,0.006,236.806,0.0,0.02048549978112,0.004222865974679696,0.0
1xA10,distilbert/distilgpt2,0.0,AWQ.4bit,SDPA,No Kernel,pytorch,0.005,237.621,0.0,0.020556003409919997,0.004208382255777057,0.0
1xA10,distilbert/distilgpt2,0.0,Unquantized,SDPA,No Kernel,pytorch,0.005,241.136,0.0,0.020860077342720003,0.004147037356512507,0.0
1xA10,distilbert/distilgpt2,0.0,Unquantized,SDPA,No Kernel,pytorch,0.005,241.597,0.0,0.020899957309439998,0.004139124244092435,0.0
1xA10,distilbert/distilgpt2,0.0,AWQ.4bit,SDPA,No Kernel,pytorch,0.005,243.381,0.0,0.02105428672512,0.004108784169676351,0.0
1xA10,distilbert/distilgpt2,0.0,AWQ.4bit,SDPA,AWQ.GEMM,pytorch,0.005,244.42,0.0,0.021144168038399996,0.004091318222731365,0.0
1xA10,distilbert/distilgpt2,0.0,AWQ.4bit,SDPA,AWQ.GEMV,pytorch,0.005,247.695,0.0,0.021427480166400004,0.004037223197884495,0.0
1xA10,distilbert/distilgpt2,0.0,Unquantized,SDPA,No Kernel,pytorch,0.006,251.474,0.0,0.02175439208448,0.003976554236223228,0.0
1xA10,distilbert/distilgpt2,0.0,GPTQ.4bit,SDPA,GPTQ.ExllamaV2,pytorch,0.005,252.639,0.0,0.021855173345280005,0.0039582170607071745,0.0
1xA10,distilbert/distilgpt2,0.0,GPTQ.4bit,SDPA,GPTQ.ExllamaV1,pytorch,0.005,257.322,0.0,0.02226028806144,0.0038861815157662386,0.0
1xA100,Qwen/Qwen1.5-110B,111.0,GPTQ.4bit,Eager,GPTQ.ExllamaV2,pytorch,2.486,0.398,0.036635930441240167,0.010980617919843061,2.5125628140703515,55.5
1xA100,Qwen/Qwen1.5-110B,111.0,GPTQ.4bit,FAv2,GPTQ.ExllamaV1,pytorch,2.513,0.421,0.03624230922281062,0.011615176241844043,2.375296912114014,55.5
1xA100,Qwen/Qwen1.5-110B,111.0,GPTQ.4bit,Eager,GPTQ.ExllamaV1,pytorch,2.515,0.424,0.03621348830096345,0.011697944718626778,2.358490566037736,55.5
1xA100,Qwen/Qwen1.5-110B,111.0,GPTQ.4bit,SDPA,GPTQ.ExllamaV2,pytorch,2.499,0.425,0.03644534736971712,0.01172553421088769,2.3529411764705883,55.5
1xA100,Qwen/Qwen1.5-110B,111.0,GPTQ.4bit,SDPA,GPTQ.ExllamaV1,pytorch,2.48,0.428,0.03672456575682382,0.011808302687670427,2.336448598130841,55.5
1xA100,Qwen/Qwen1.5-110B,111.0,BnB.4bit,FAv2,No Kernel,pytorch,4.467,3.363,0.02038883435794114,0.09278346247344778,0.29735355337496283,55.5
1xA100,Qwen/Qwen1.5-110B,111.0,BnB.4bit,Eager,No Kernel,pytorch,4.446,3.835,0.020485137894044776,0.10580570282059833,0.2607561929595828,55.5
1xA100,Qwen/Qwen1.5-110B,111.0,BnB.4bit,SDPA,No Kernel,pytorch,4.436,3.848,0.020531317194978152,0.10616436621999019,0.2598752598752599,55.5
1xA100,Qwen/Qwen1.5-32B,32.0,GPTQ.4bit,FAv2,GPTQ.ExllamaV1,pytorch,0.759,1.4,0.03459342589777372,0.011147769220205982,0.7142857142857143,16.0
1xA100,Qwen/Qwen1.5-32B,32.0,GPTQ.4bit,FAv2,GPTQ.ExllamaV2,pytorch,0.758,1.4,0.03463906366281037,0.011147769220205982,0.7142857142857143,16.0
1xA100,Qwen/Qwen1.5-32B,32.0,GPTQ.4bit,Eager,GPTQ.ExllamaV1,pytorch,0.749,1.435,0.03505528739173599,0.011426463450711135,0.6968641114982578,16.0
1xA100,Qwen/Qwen1.5-32B,32.0,GPTQ.4bit,Eager,GPTQ.ExllamaV2,pytorch,0.748,1.437,0.03510215274921157,0.011442388835311427,0.6958942240779401,16.0
1xA100,Qwen/Qwen1.5-32B,32.0,GPTQ.4bit,SDPA,GPTQ.ExllamaV1,pytorch,0.744,1.438,0.03529087400055142,0.011450351527611573,0.6954102920723227,16.0
1xA100,Qwen/Qwen1.5-32B,32.0,GPTQ.4bit,SDPA,GPTQ.ExllamaV2,pytorch,0.742,1.44,0.03538599765014859,0.01146627691221187,0.6944444444444444,16.0
1xA100,Qwen/Qwen1.5-32B,32.0,BnB.8bit,Eager,No Kernel,pytorch,0.215,4.64,0.12212283840190817,0.07335689717704756,0.21551724137931036,32.0
1xA100,Qwen/Qwen1.5-32B,32.0,BnB.8bit,FAv2,No Kernel,pytorch,0.212,4.679,0.12385099177552007,0.07397347454556155,0.21372088053002777,32.0
1xA100,Qwen/Qwen1.5-32B,32.0,BnB.8bit,SDPA,No Kernel,pytorch,0.207,4.803,0.12684256162517032,0.07593387438391369,0.20820320632937747,32.0
1xA100,Qwen/Qwen1.5-32B,32.0,BnB.4bit,FAv2,No Kernel,pytorch,1.231,7.65,0.021329334083192736,0.06091459609612555,0.13071895424836602,16.0
1xA100,Qwen/Qwen1.5-32B,32.0,BnB.4bit,Eager,No Kernel,pytorch,1.221,7.962,0.021504021504021503,0.06339895609377146,0.12559658377292138,16.0
1xA100,Qwen/Qwen1.5-32B,32.0,BnB.4bit,SDPA,No Kernel,pytorch,1.216,8.237,0.021592442645074223,0.06558869647631191,0.12140342357654486,16.0
1xA100,Qwen/Qwen1.5-32B,32.0,Unquantized,SDPA,No Kernel,pytorch,0.113,18.422,0.46471522577717267,0.5803601251060324,0.05428292259255238,64.0
1xA100,01-ai/Yi-34B,34.0,GPTQ.4bit,FAv2,GPTQ.ExllamaV1,pytorch,0.806,1.337,0.03461220334669466,0.011407030716202061,0.7479431563201197,17.0
1xA100,01-ai/Yi-34B,34.0,GPTQ.4bit,Eager,GPTQ.ExllamaV1,pytorch,0.802,1.349,0.03478483278982032,0.01150941244289946,0.7412898443291327,17.0
1xA100,01-ai/Yi-34B,34.0,GPTQ.4bit,FAv2,GPTQ.ExllamaV2,pytorch,0.797,1.353,0.035003056333043785,0.011543539685131927,0.7390983000739099,17.0
1xA100,01-ai/Yi-34B,34.0,GPTQ.4bit,SDPA,GPTQ.ExllamaV1,pytorch,0.793,1.358,0.03517961651631261,0.011586198737922512,0.7363770250368188,17.0
1xA100,01-ai/Yi-34B,34.0,GPTQ.4bit,SDPA,GPTQ.ExllamaV2,pytorch,0.791,1.359,0.03526856624201757,0.011594730548480627,0.7358351729212657,17.0
1xA100,01-ai/Yi-34B,34.0,GPTQ.4bit,Eager,GPTQ.ExllamaV2,pytorch,0.795,1.361,0.035091114336397354,0.01161179416959686,0.7347538574577517,17.0
1xA100,01-ai/Yi-34B,34.0,BnB.8bit,FAv2,No Kernel,pytorch,0.222,4.63,0.12566412566412566,0.07810453889192742,0.2159827213822894,34.0
1xA100,01-ai/Yi-34B,34.0,BnB.8bit,SDPA,No Kernel,pytorch,0.207,4.797,0.13477022172674347,0.0809217004459127,0.20846362309776945,34.0
1xA100,01-ai/Yi-34B,34.0,BnB.8bit,Eager,No Kernel,pytorch,0.208,4.803,0.1341222879684418,0.08102291583108583,0.20820320632937747,34.0
1xA100,01-ai/Yi-34B,34.0,BnB.4bit,Eager,No Kernel,pytorch,1.265,8.253,0.022053309009830747,0.07041303253613732,0.12116806009935781,17.0
1xA100,01-ai/Yi-34B,34.0,BnB.4bit,FAv2,No Kernel,pytorch,1.263,8.336,0.02208823111435938,0.07112117281246101,0.1199616122840691,17.0
1xA100,01-ai/Yi-34B,34.0,BnB.4bit,SDPA,No Kernel,pytorch,1.259,8.549,0.022158408179059494,0.07293844846133987,0.11697274535033338,17.0
1xA100,01-ai/Yi-34B,34.0,Unquantized,Eager,No Kernel,pytorch,0.139,15.957,0.40140195535878986,0.5352627484520335,0.06266842138246537,68.0
1xA100,01-ai/Yi-34B,34.0,Unquantized,Eager,No Kernel,pytorch,0.139,16.108,0.40140195535878986,0.540327903244053,0.062080953563446735,68.0
1xA100,01-ai/Yi-34B,34.0,Unquantized,SDPA,No Kernel,pytorch,0.135,17.306,0.41329534662867995,0.5805137008655067,0.05778342771293193,68.0
1xA100,01-ai/Yi-34B,34.0,Unquantized,SDPA,No Kernel,pytorch,0.131,17.41,0.4259150518692503,0.5840022842984207,0.05743825387708214,68.0
1xA100,01-ai/Yi-34B,34.0,Unquantized,FAv2,No Kernel,pytorch,0.129,17.872,0.4325183860067581,0.5994996453177126,0.05595344673231871,68.0
1xA100,01-ai/Yi-34B,34.0,Unquantized,FAv2,No Kernel,pytorch,0.131,17.94,0.4259150518692503,0.601780642177695,0.05574136008918617,68.0
1xA100,Qwen/Qwen1.5-14B,14.0,GPTQ.4bit,FAv2,GPTQ.ExllamaV2,pytorch,0.322,3.307,0.03567447045707915,0.0117357622301128,0.3023888720895071,7.0
1xA100,Qwen/Qwen1.5-14B,14.0,GPTQ.4bit,FAv2,GPTQ.ExllamaV1,pytorch,0.319,3.343,0.0360099670444498,0.011863517730652279,0.2991325157044571,7.0
1xA100,Qwen/Qwen1.5-14B,14.0,GPTQ.4bit,Eager,GPTQ.ExllamaV2,pytorch,0.318,3.411,0.03612320593452669,0.012104833676115742,0.2931691586045148,7.0
1xA100,Qwen/Qwen1.5-14B,14.0,GPTQ.4bit,Eager,GPTQ.ExllamaV1,pytorch,0.317,3.412,0.036237159265550434,0.012108382440019617,0.29308323563892147,7.0
1xA100,Qwen/Qwen1.5-14B,14.0,GPTQ.4bit,SDPA,GPTQ.ExllamaV2,pytorch,0.315,3.413,0.036467236467236465,0.01211193120392349,0.2929973630237328,7.0
1xA100,Qwen/Qwen1.5-14B,14.0,GPTQ.4bit,SDPA,GPTQ.ExllamaV1,pytorch,0.316,3.415,0.03635183382018825,0.01211902873173124,0.29282576866764276,7.0
1xA100,Qwen/Qwen1.5-14B,14.0,BnB.8bit,Eager,No Kernel,pytorch,0.133,7.632,0.08636977058029689,0.05328524507464443,0.1310272536687631,14.0
1xA100,Qwen/Qwen1.5-14B,14.0,BnB.8bit,FAv2,No Kernel,pytorch,0.131,7.672,0.08768839303190448,0.05356451784757234,0.13034410844629823,14.0
1xA100,Qwen/Qwen1.5-14B,14.0,BnB.8bit,SDPA,No Kernel,pytorch,0.127,7.885,0.09045023218251565,0.055051645363413435,0.12682308180088778,14.0
1xA100,Qwen/Qwen1.5-14B,14.0,BnB.4bit,Eager,No Kernel,pytorch,0.502,12.995,0.02288282766370416,0.04611618693084845,0.07695267410542517,7.0
1xA100,Qwen/Qwen1.5-14B,14.0,BnB.4bit,FAv2,No Kernel,pytorch,0.511,13.067,0.02247980330172111,0.04637169793192742,0.07652865998316369,7.0
1xA100,Qwen/Qwen1.5-14B,14.0,BnB.4bit,SDPA,No Kernel,pytorch,0.501,13.606,0.02292850197041814,0.048284481676115744,0.07349698662354844,7.0
1xA100,Qwen/Qwen1.5-7B,7.0,GPTQ.4bit,FAv2,GPTQ.ExllamaV2,pytorch,0.178,6.104,0.03226735811005474,0.010929707277182933,0.163826998689384,3.5
1xA100,Qwen/Qwen1.5-7B,7.0,GPTQ.4bit,FAv2,GPTQ.ExllamaV1,pytorch,0.176,6.156,0.03263403263403263,0.0110228174964512,0.16244314489928527,3.5
1xA100,Qwen/Qwen1.5-7B,7.0,GPTQ.4bit,SDPA,GPTQ.ExllamaV2,pytorch,0.169,6.488,0.033985738127749965,0.011617290434856304,0.1541307028360049,3.5
1xA100,Qwen/Qwen1.5-7B,7.0,GPTQ.4bit,Eager,GPTQ.ExllamaV2,pytorch,0.169,6.515,0.033985738127749965,0.01166563612563021,0.15349194167306218,3.5
1xA100,Qwen/Qwen1.5-7B,7.0,GPTQ.4bit,Eager,GPTQ.ExllamaV1,pytorch,0.17,6.523,0.03378582202111614,0.011679960774748404,0.15330369461904034,3.5
1xA100,Qwen/Qwen1.5-7B,7.0,GPTQ.4bit,SDPA,GPTQ.ExllamaV1,pytorch,0.168,6.53,0.03418803418803419,0.011692494842726827,0.15313935681470137,3.5
1xA100,Qwen/Qwen1.5-7B,7.0,BnB.8bit,FAv2,No Kernel,pytorch,0.106,9.529,0.05418480890179003,0.033419240226275626,0.104942806170637,7.0
1xA100,Qwen/Qwen1.5-7B,7.0,BnB.8bit,Eager,No Kernel,pytorch,0.105,9.667,0.0547008547008547,0.03390322124749779,0.10344470880314473,7.0
1xA100,Qwen/Qwen1.5-7B,7.0,BnB.8bit,SDPA,No Kernel,pytorch,0.102,9.782,0.056309703368526906,0.034306538765182935,0.10222858311183806,7.0
1xA100,Qwen/Qwen1.5-7B,7.0,BnB.4bit,FAv2,No Kernel,pytorch,0.291,16.001,0.01973742179927747,0.028651088817530167,0.06249609399412536,3.5
1xA100,Qwen/Qwen1.5-7B,7.0,BnB.4bit,Eager,No Kernel,pytorch,0.283,16.29,0.020295370118691678,0.029168566766924964,0.061387354205033766,3.5
1xA100,Qwen/Qwen1.5-7B,7.0,BnB.4bit,SDPA,No Kernel,pytorch,0.281,17.241,0.02043982115156492,0.030871409430850417,0.05800127602807262,3.5
1xA100,Qwen/Qwen1.5-7B,7.0,Unquantized,Eager,No Kernel,pytorch,0.033,36.685,0.3480963480963481,0.2545999261994311,0.02725909772386534,14.0
1xA100,Qwen/Qwen1.5-7B,7.0,Unquantized,Eager,No Kernel,pytorch,0.035,37.386,0.32820512820512815,0.2594649813518313,0.026747980527470173,14.0
1xA100,Qwen/Qwen1.5-7B,7.0,Unquantized,SDPA,No Kernel,pytorch,0.269,39.712,0.04270326946906872,0.2756078034409652,0.025181305398871874,14.0
1xA100,Qwen/Qwen1.5-7B,7.0,Unquantized,SDPA,No Kernel,pytorch,0.031,40.266,0.3705541770057899,0.27945265444585776,0.024834848259077138,14.0
1xA100,Qwen/Qwen1.5-7B,7.0,Unquantized,SDPA,No Kernel,pytorch,0.033,40.4,0.3480963480963481,0.2803826364578715,0.024752475247524754,14.0
1xA100,Deci/DeciLM-7B,7.0,GPTQ.4bit,FAv2,GPTQ.ExllamaV1,pytorch,0.177,6.242,0.03244965956830364,0.0111768074744718,0.16020506247997437,3.5
1xA100,Deci/DeciLM-7B,7.0,GPTQ.4bit,Eager,GPTQ.ExllamaV1,pytorch,0.176,6.28,0.03263403263403263,0.011244849557783229,0.1592356687898089,3.5
1xA100,Deci/DeciLM-7B,7.0,GPTQ.4bit,Eager,GPTQ.ExllamaV2,pytorch,0.176,6.301,0.03263403263403263,0.011282451761718491,0.15870496746548166,3.5
1xA100,Deci/DeciLM-7B,7.0,GPTQ.4bit,FAv2,GPTQ.ExllamaV2,pytorch,0.177,6.323,0.03244965956830364,0.011321844546793528,0.15815277558121144,3.5
1xA100,Deci/DeciLM-7B,7.0,BnB.8bit,Eager,No Kernel,pytorch,0.112,9.145,0.05128205128205128,0.032072510428092206,0.10934937124111536,7.0
1xA100,Deci/DeciLM-7B,7.0,BnB.8bit,FAv2,No Kernel,pytorch,0.111,9.272,0.05174405174405174,0.03251791325197058,0.1078515962036238,7.0
1xA100,Deci/DeciLM-7B,7.0,BnB.4bit,Eager,No Kernel,pytorch,0.285,16.165,0.020152946468735944,0.028944744124453164,0.06186204763377668,3.5
1xA100,Deci/DeciLM-7B,7.0,BnB.4bit,FAv2,No Kernel,pytorch,0.283,16.223,0.020295370118691678,0.029048597830560078,0.06164088023176972,3.5
1xA100,Deci/DeciLM-7B,7.0,Unquantized,FAv2,No Kernel,pytorch,0.035,35.979,0.32820512820512815,0.2497001702256871,0.027793990939158953,14.0
1xA100,Deci/DeciLM-7B,7.0,Unquantized,FAv2,No Kernel,pytorch,0.036,36.273,0.3190883190883191,0.2517405785207023,0.027568715022192814,14.0
1xA100,Deci/DeciLM-7B,7.0,Unquantized,Eager,No Kernel,pytorch,0.036,36.278,0.3190883190883191,0.2517752793420461,0.0275649153757098,14.0
1xA100,Deci/DeciLM-7B,7.0,Unquantized,Eager,No Kernel,pytorch,0.035,36.347,0.32820512820512815,0.2522541506765905,0.027512587008556414,14.0
1xA100,Deci/DeciLM-7B,7.0,Unquantized,Eager,No Kernel,pytorch,0.26,39.901,0.04418145956607495,0.2769194944877607,0.025062028520588454,14.0
1xA100,TencentARC/Mistral_Pro_8B_v0.1,8.0,BnB.8bit,Eager,No Kernel,pytorch,0.133,7.477,0.04935415461731251,0.029889646491558605,0.13374348000534975,8.0
1xA100,TencentARC/Mistral_Pro_8B_v0.1,8.0,BnB.8bit,FAv2,No Kernel,pytorch,0.133,7.52,0.04935415461731251,0.03006154094108877,0.13297872340425532,8.0
1xA100,TencentARC/Mistral_Pro_8B_v0.1,8.0,BnB.8bit,SDPA,No Kernel,pytorch,0.129,7.583,0.05088451600079507,0.030313386297377145,0.13187392852433075,8.0
1xA100,TencentARC/Mistral_Pro_8B_v0.1,8.0,BnB.4bit,FAv2,No Kernel,pytorch,0.378,12.921,0.017365350698684032,0.026304563840816086,0.07739339060444238,4.0
1xA100,TencentARC/Mistral_Pro_8B_v0.1,8.0,BnB.4bit,Eager,No Kernel,pytorch,0.368,13.049,0.017837235228539576,0.02656514616196959,0.0766342248448157,4.0
1xA100,TencentARC/Mistral_Pro_8B_v0.1,8.0,BnB.4bit,SDPA,No Kernel,pytorch,0.364,13.705,0.01803324880247957,0.027900630557881313,0.07296607077708865,4.0
1xA100,TencentARC/Mistral_Pro_8B_v0.1,8.0,Unquantized,FAv2,No Kernel,pytorch,0.064,18.898,0.20512820512820512,0.14969176186940264,0.05291565244999471,16.0
1xA100,TencentARC/Mistral_Pro_8B_v0.1,8.0,Unquantized,FAv2,No Kernel,pytorch,0.052,27.636,0.252465483234714,0.2189057853224051,0.036184686640613695,16.0
1xA100,TencentARC/Mistral_Pro_8B_v0.1,8.0,Unquantized,Eager,No Kernel,pytorch,0.045,28.055,0.2917378917378917,0.22222469992835703,0.03564427018356799,16.0
1xA100,TencentARC/Mistral_Pro_8B_v0.1,8.0,Unquantized,Eager,No Kernel,pytorch,0.047,28.49,0.27932351336606653,0.2256703511302403,0.0351000351000351,16.0
1xA100,TencentARC/Mistral_Pro_8B_v0.1,8.0,Unquantized,SDPA,No Kernel,pytorch,0.044,28.582,0.29836829836829837,0.2263990865568455,0.0349870547897278,16.0
1xA100,TencentARC/Mistral_Pro_8B_v0.1,8.0,Unquantized,SDPA,No Kernel,pytorch,0.042,30.637,0.3125763125763126,0.24267681809677683,0.03264027156705944,16.0
1xA100,TencentARC/Mistral_Pro_8B_v0.1,8.0,Unquantized,Eager,No Kernel,pytorch,0.335,31.508,0.03918867202449292,0.2495760415377891,0.03173797130887394,16.0
1xA100,TencentARC/Mistral_Pro_8B_v0.1,8.0,Unquantized,SDPA,No Kernel,pytorch,0.33,31.77,0.03978243978243978,0.2516513532961648,0.03147623544224111,16.0
1xA100,01-ai/Yi-6B,6.0,GPTQ.4bit,Eager,GPTQ.ExllamaV1,pytorch,0.148,7.48,0.033264033264033266,0.011342939592506132,0.1336898395721925,3.0
1xA100,01-ai/Yi-6B,6.0,GPTQ.4bit,Eager,GPTQ.ExllamaV2,pytorch,0.148,7.5,0.033264033264033266,0.011373268307994115,0.13333333333333333,3.0
1xA100,01-ai/Yi-6B,6.0,GPTQ.4bit,SDPA,GPTQ.ExllamaV2,pytorch,0.147,7.54,0.03349031920460492,0.011433925738970082,0.13262599469496023,3.0
1xA100,01-ai/Yi-6B,6.0,GPTQ.4bit,SDPA,GPTQ.ExllamaV1,pytorch,0.145,7.56,0.03395225464190981,0.011464254454458065,0.1322751322751323,3.0
1xA100,01-ai/Yi-6B,6.0,GPTQ.4bit,FAv2,GPTQ.ExllamaV1,pytorch,0.146,7.565,0.03371970495258166,0.011471836633330066,0.13218770654329146,3.0
1xA100,01-ai/Yi-6B,6.0,GPTQ.4bit,FAv2,GPTQ.ExllamaV2,pytorch,0.145,7.576,0.03395225464190981,0.011488517426848453,0.1319957761351637,3.0
1xA100,01-ai/Yi-6B,6.0,BnB.8bit,FAv2,No Kernel,pytorch,0.122,8.294,0.0403530895334174,0.024780359019095637,0.12056908608632746,6.0
1xA100,01-ai/Yi-6B,6.0,BnB.8bit,SDPA,No Kernel,pytorch,0.121,8.476,0.040686586141131596,0.025324128652743503,0.11798017932987256,6.0
1xA100,01-ai/Yi-6B,6.0,BnB.8bit,Eager,No Kernel,pytorch,0.117,8.531,0.042077580539119,0.025488454640933796,0.1172195522213105,6.0
1xA100,01-ai/Yi-6B,6.0,BnB.4bit,Eager,No Kernel,pytorch,0.239,14.205,0.020598648213710977,0.021540970175340856,0.0703977472720873,3.0
1xA100,01-ai/Yi-6B,6.0,BnB.4bit,FAv2,No Kernel,pytorch,0.237,14.478,0.020772476468679,0.02195495714175184,0.06907031357922365,3.0
1xA100,01-ai/Yi-6B,6.0,BnB.4bit,SDPA,No Kernel,pytorch,0.237,14.777,0.020772476468679,0.022408371438297204,0.06767273465520741,3.0
1xA100,01-ai/Yi-6B,6.0,Unquantized,Eager,No Kernel,pytorch,0.037,29.199,0.2661122661122661,0.17316070341944875,0.03424774821055515,12.0
1xA100,01-ai/Yi-6B,6.0,Unquantized,Eager,No Kernel,pytorch,0.035,30.201,0.28131868131868126,0.179102928318462,0.033111486374623356,12.0
1xA100,01-ai/Yi-6B,6.0,Unquantized,SDPA,No Kernel,pytorch,0.032,32.575,0.3076923076923077,0.1931816128596371,0.03069838833461243,12.0
1xA100,01-ai/Yi-6B,6.0,Unquantized,Eager,No Kernel,pytorch,0.216,33.033,0.045584045584045586,0.1958977196498048,0.030272757545484818,12.0
1xA100,01-ai/Yi-6B,6.0,Unquantized,SDPA,No Kernel,pytorch,0.031,33.055,0.3176178660049628,0.19602818766155958,0.030252609287551052,12.0
1xA100,01-ai/Yi-6B,6.0,Unquantized,FAv2,No Kernel,pytorch,0.03,33.598,0.3282051282051282,0.1992483754062344,0.029763676409310078,12.0
1xA100,01-ai/Yi-6B,6.0,Unquantized,FAv2,No Kernel,pytorch,0.03,34.172,0.3282051282051282,0.20265240444020008,0.02926372468687815,12.0
1xA100,01-ai/Yi-6B,6.0,Unquantized,SDPA,No Kernel,pytorch,0.213,35.817,0.04622607439508848,0.21240785350095537,0.027919702934360777,12.0
1xA100,Qwen/Qwen1.5-MoE-A2.7B,14.0,BnB.8bit,Eager,No Kernel,pytorch,0.741,1.399,0.015502266514412263,0.009767565233153508,0.7147962830593281,14.0
1xA100,Qwen/Qwen1.5-MoE-A2.7B,14.0,BnB.8bit,FAv2,No Kernel,pytorch,0.683,1.471,0.016818710815782557,0.010270256224423738,0.6798096532970768,14.0
1xA100,Qwen/Qwen1.5-MoE-A2.7B,14.0,BnB.8bit,SDPA,No Kernel,pytorch,0.668,1.493,0.017196376477813604,0.010423856249534087,0.6697923643670461,14.0
1xA100,Qwen/Qwen1.5-MoE-A2.7B,14.0,BnB.4bit,Eager,No Kernel,pytorch,0.665,1.625,0.01727395411605938,0.0057667413437959775,0.6153846153846154,7.0
1xA100,Qwen/Qwen1.5-MoE-A2.7B,14.0,BnB.4bit,FAv2,No Kernel,pytorch,0.634,1.728,0.018118579632775217,0.006132264025895047,0.5787037037037037,7.0
1xA100,Qwen/Qwen1.5-MoE-A2.7B,14.0,BnB.4bit,SDPA,No Kernel,pytorch,0.618,1.732,0.018587669073105967,0.006146459081510546,0.5773672055427251,7.0
1xA100,Qwen/Qwen1.5-MoE-A2.7B,14.0,Unquantized,FAv2,No Kernel,pytorch,0.319,3.939,0.0720199340888996,0.05454699690750367,0.2538715410002539,28.0
1xA100,Qwen/Qwen1.5-MoE-A2.7B,14.0,Unquantized,FAv2,No Kernel,pytorch,0.318,3.953,0.07224641186905338,0.05474086792976949,0.2529724260055654,28.0
1xA100,Qwen/Qwen1.5-MoE-A2.7B,14.0,Unquantized,SDPA,No Kernel,pytorch,0.319,3.969,0.0720199340888996,0.054962434812359004,0.25195263290501385,28.0
1xA100,Qwen/Qwen1.5-MoE-A2.7B,14.0,Unquantized,SDPA,No Kernel,pytorch,0.317,3.987,0.07247431853110087,0.05521169755527219,0.2508151492350138,28.0
1xA100,Qwen/Qwen1.5-4B,3.0,BnB.8bit,Eager,No Kernel,pytorch,0.139,7.319,0.01770890979524073,0.011098793432827858,0.13663068725235689,3.0
1xA100,Qwen/Qwen1.5-4B,3.0,BnB.8bit,FAv2,No Kernel,pytorch,0.13,7.674,0.01893491124260355,0.011637128132739578,0.13031013812874642,3.0
1xA100,Qwen/Qwen1.5-4B,3.0,BnB.8bit,SDPA,No Kernel,pytorch,0.128,7.793,0.019230769230769232,0.011817583989893085,0.12832028743744386,3.0
1xA100,Qwen/Qwen1.5-4B,3.0,GPTQ.4bit,FAv2,GPTQ.ExllamaV2,pytorch,0.112,9.871,0.02197802197802198,0.00770708966249338,0.10130685847431871,1.5
1xA100,Qwen/Qwen1.5-4B,3.0,GPTQ.4bit,FAv2,GPTQ.ExllamaV1,pytorch,0.111,9.899,0.022176022176022176,0.007728951531660617,0.10102030508132136,1.5
1xA100,Qwen/Qwen1.5-4B,3.0,GPTQ.4bit,Eager,GPTQ.ExllamaV2,pytorch,0.099,11.597,0.024864024864024864,0.009054717740445315,0.08622919720617402,1.5
1xA100,Qwen/Qwen1.5-4B,3.0,GPTQ.4bit,Eager,GPTQ.ExllamaV1,pytorch,0.098,11.664,0.02511773940345369,0.009107030070238352,0.08573388203017833,1.5
1xA100,Qwen/Qwen1.5-4B,3.0,GPTQ.4bit,SDPA,GPTQ.ExllamaV2,pytorch,0.097,11.755,0.025376685170499604,0.00917808114503188,0.08507018290089323,1.5
1xA100,Qwen/Qwen1.5-4B,3.0,GPTQ.4bit,SDPA,GPTQ.ExllamaV1,pytorch,0.097,11.758,0.025376685170499604,0.009180423488156939,0.08504847763225039,1.5
1xA100,Qwen/Qwen1.5-4B,3.0,BnB.4bit,FAv2,No Kernel,pytorch,0.157,12.779,0.01567858892699657,0.00997760093171947,0.07825338445887785,1.5
1xA100,Qwen/Qwen1.5-4B,3.0,BnB.4bit,Eager,No Kernel,pytorch,0.142,13.076,0.017334777898158182,0.01020949290110054,0.07647598654022636,1.5
1xA100,Qwen/Qwen1.5-4B,3.0,BnB.4bit,SDPA,No Kernel,pytorch,0.141,13.151,0.017457719585379162,0.010268051479227073,0.07603984487871644,1.5
1xA100,Qwen/Qwen1.5-1.8B,1.0,BnB.8bit,Eager,No Kernel,pytorch,0.081,12.476,0.010129787907565685,0.006436273021928397,0.0801538954793203,1.0
1xA100,Qwen/Qwen1.5-1.8B,1.0,BnB.8bit,FAv2,No Kernel,pytorch,0.08,12.631,0.010256410256410256,0.006516236336965179,0.07917029530520149,1.0
1xA100,Qwen/Qwen1.5-1.8B,1.0,BnB.8bit,SDPA,No Kernel,pytorch,0.078,12.941,0.01051939513477975,0.006676162967038745,0.07727378100610463,1.0
1xA100,Qwen/Qwen1.5-1.8B,1.0,GPTQ.4bit,Eager,GPTQ.ExllamaV1,pytorch,0.05,20.584,0.01641025641025641,0.005571555897502698,0.04858142246404975,0.5
1xA100,Qwen/Qwen1.5-1.8B,1.0,GPTQ.4bit,FAv2,GPTQ.ExllamaV1,pytorch,0.051,20.594,0.016088486676721973,0.005574262638611084,0.04855783237836263,0.5
1xA100,Qwen/Qwen1.5-1.8B,1.0,GPTQ.4bit,FAv2,GPTQ.ExllamaV2,pytorch,0.051,20.76,0.016088486676721973,0.0056191945410103,0.048169556840077066,0.5
1xA100,Qwen/Qwen1.5-1.8B,1.0,GPTQ.4bit,Eager,GPTQ.ExllamaV2,pytorch,0.049,20.776,0.01674515960230246,0.005623525326783718,0.048132460531382364,0.5
1xA100,Qwen/Qwen1.5-1.8B,1.0,BnB.4bit,Eager,No Kernel,pytorch,0.064,21.322,0.01282051282051282,0.005771313391301618,0.046899915580151955,0.5
1xA100,Qwen/Qwen1.5-1.8B,1.0,GPTQ.4bit,SDPA,GPTQ.ExllamaV2,pytorch,0.049,21.353,0.01674515960230246,0.005779704288737616,0.04683182690956774,0.5
1xA100,Qwen/Qwen1.5-1.8B,1.0,BnB.4bit,FAv2,No Kernel,pytorch,0.073,21.391,0.011239901650860555,0.005789989904949485,0.04674863260249638,0.5
1xA100,Qwen/Qwen1.5-1.8B,1.0,GPTQ.4bit,SDPA,GPTQ.ExllamaV1,pytorch,0.048,21.416,0.017094017094017096,0.005796756757720451,0.04669406051550243,0.5
1xA100,Qwen/Qwen1.5-1.8B,1.0,BnB.4bit,SDPA,No Kernel,pytorch,0.062,22.452,0.013234077750206782,0.00607717513654929,0.04453946196329948,0.5
1xA100,Qwen/Qwen1.5-1.8B,1.0,Unquantized,FAv2,No Kernel,pytorch,0.022,47.657,0.07459207459207459,0.04795861369709858,0.020983276328765975,2.0
1xA100,Qwen/Qwen1.5-1.8B,1.0,Unquantized,FAv2,No Kernel,pytorch,0.021,48.812,0.07814407814407814,0.049120923511399704,0.02048676554945505,2.0
1xA100,Qwen/Qwen1.5-1.8B,1.0,Unquantized,Eager,No Kernel,pytorch,0.022,48.834,0.07459207459207459,0.049143062745957825,0.02047753614285129,2.0
1xA100,Qwen/Qwen1.5-1.8B,1.0,Unquantized,Eager,No Kernel,pytorch,0.022,49.096,0.07459207459207459,0.04940672090296812,0.020368258106566728,2.0
1xA100,Qwen/Qwen1.5-1.8B,1.0,Unquantized,Eager,No Kernel,pytorch,0.06,52.458,0.02735042735042735,0.052789998474985785,0.019062869343093522,2.0
1xA100,Qwen/Qwen1.5-1.8B,1.0,Unquantized,SDPA,No Kernel,pytorch,0.02,52.789,0.08205128205128205,0.053123093322201075,0.018943340468658244,2.0
1xA100,Qwen/Qwen1.5-1.8B,1.0,Unquantized,SDPA,No Kernel,pytorch,0.019,53.864,0.08636977058029689,0.05420489682901815,0.01856527550868855,2.0
1xA100,Qwen/Qwen1.5-1.8B,1.0,Unquantized,SDPA,No Kernel,pytorch,0.058,57.76,0.028293545534924844,0.058125554003491904,0.01731301939058172,2.0
1xA100,microsoft/phi-1_5,1.0,Unquantized,Eager,No Kernel,pytorch,0.059,49.575,0.027813993915688832,0.04988875241902894,0.020171457387796268,2.0
1xA100,microsoft/phi-1_5,1.0,Unquantized,Eager,No Kernel,pytorch,0.02,52.267,0.08205128205128205,0.05259778966586759,0.019132531042531615,2.0
1xA100,microsoft/phi-1_5,1.0,Unquantized,Eager,No Kernel,pytorch,0.02,52.677,0.08205128205128205,0.05301038449172339,0.018983617138409552,2.0
1xA100,microsoft/phi-1_5,1.0,Unquantized,FAv2,No Kernel,pytorch,0.018,55.95,0.09116809116809117,0.056304098796665036,0.017873100983020553,2.0
1xA100,microsoft/phi-1_5,1.0,Unquantized,FAv2,No Kernel,pytorch,0.018,57.77,0.09116809116809117,0.05813561729192743,0.01731002250302925,2.0
1xA100,microsoft/phi-1_5,1.0,Unquantized,SDPA,No Kernel,pytorch,0.018,58.596,0.09116809116809117,0.05896684491670033,0.017066011331831527,2.0
1xA100,microsoft/phi-1_5,1.0,Unquantized,SDPA,No Kernel,pytorch,0.017,59.988,0.09653092006033183,0.06036765466692301,0.016670000666800026,2.0
1xA100,microsoft/phi-1_5,1.0,Unquantized,SDPA,No Kernel,pytorch,0.056,62.342,0.029304029304029304,0.06273655276464149,0.016040550511693563,2.0
1xA100,EleutherAI/gpt-j-6b,6.0,GPTQ.4bit,FAv2,GPTQ.ExllamaV2,pytorch,0.154,6.939,0.03196803196803197,0.010522547838556155,0.14411298457991065,3.0
1xA100,EleutherAI/gpt-j-6b,6.0,GPTQ.4bit,FAv2,GPTQ.ExllamaV1,pytorch,0.155,6.946,0.03176178660049628,0.010533162888976948,0.1439677512237259,3.0
1xA100,EleutherAI/gpt-j-6b,6.0,GPTQ.4bit,Eager,GPTQ.ExllamaV1,pytorch,0.149,7.305,0.03304078471863707,0.011077563331986267,0.13689253935660506,3.0
1xA100,EleutherAI/gpt-j-6b,6.0,GPTQ.4bit,Eager,GPTQ.ExllamaV2,pytorch,0.149,7.32,0.03304078471863707,0.011100309868602257,0.13661202185792348,3.0
1xA100,EleutherAI/gpt-j-6b,6.0,BnB.8bit,FAv2,No Kernel,pytorch,0.099,9.947,0.04972804972804973,0.029719101900523785,0.10053282396702524,6.0
1xA100,EleutherAI/gpt-j-6b,6.0,BnB.8bit,Eager,No Kernel,pytorch,0.099,10.218,0.04972804972804973,0.03052878086051594,0.09786651008025053,6.0
1xA100,EleutherAI/gpt-j-6b,6.0,BnB.4bit,FAv2,No Kernel,pytorch,0.247,15.046,0.019931485518530054,0.022816292661610595,0.06646284726837698,3.0
1xA100,EleutherAI/gpt-j-6b,6.0,BnB.4bit,Eager,No Kernel,pytorch,0.243,15.756,0.02025957581513137,0.023892962061434035,0.06346788525006347,3.0
1xA100,EleutherAI/gpt-j-6b,6.0,Unquantized,FAv2,No Kernel,pytorch,0.039,26.187,0.252465483234714,0.155298446537385,0.03818688662313362,12.0
1xA100,EleutherAI/gpt-j-6b,6.0,Unquantized,FAv2,No Kernel,pytorch,0.038,26.834,0.2591093117408907,0.1591353921558097,0.037266154878139675,12.0
1xA100,EleutherAI/gpt-j-6b,6.0,Unquantized,Eager,No Kernel,pytorch,0.033,31.36,0.29836829836829837,0.1859762203922707,0.03188775510204082,12.0
1xA100,EleutherAI/gpt-j-6b,6.0,Unquantized,Eager,No Kernel,pytorch,0.033,33.289,0.29836829836829837,0.19741589287749683,0.030039953137673103,12.0
1xA100,EleutherAI/gpt-j-6b,6.0,Unquantized,Eager,No Kernel,pytorch,0.218,34.538,0.04516584333098095,0.204822917726666,0.028953616306676706,12.0
1xA100,openai-community/gpt2,0.0,Unquantized,FAv2,No Kernel,pytorch,0.007,147.371,0.0,0.003751456516896518,0.006785595537792374,0.0
1xA100,EleutherAI/gpt-neo-2.7B,2.0,BnB.8bit,FAv2,No Kernel,pytorch,0.095,10.445,0.01727395411605938,0.01051110477088769,0.09573958831977022,2.0
1xA100,EleutherAI/gpt-neo-2.7B,2.0,BnB.8bit,Eager,No Kernel,pytorch,0.093,10.858,0.01764543700027571,0.010926718583274153,0.09209799226376865,2.0
1xA100,EleutherAI/gpt-neo-2.7B,2.0,GPTQ.4bit,Eager,GPTQ.ExllamaV1,pytorch,0.08,13.899,0.020512820512820513,0.007170387843201568,0.07194762213108857,1.0
1xA100,EleutherAI/gpt-neo-2.7B,2.0,GPTQ.4bit,Eager,GPTQ.ExllamaV2,pytorch,0.079,14.009,0.020772476468679,0.007227136002259932,0.07138268256121065,1.0
1xA100,EleutherAI/gpt-neo-2.7B,2.0,GPTQ.4bit,FAv2,GPTQ.ExllamaV1,pytorch,0.07,15.815,0.02344322344322344,0.00815883759552722,0.06323110970597534,1.0
1xA100,EleutherAI/gpt-neo-2.7B,2.0,GPTQ.4bit,FAv2,GPTQ.ExllamaV2,pytorch,0.07,15.881,0.02344322344322344,0.008192886490962238,0.06296832693155342,1.0
1xA100,EleutherAI/gpt-neo-2.7B,2.0,BnB.4bit,Eager,No Kernel,pytorch,0.122,18.227,0.013451029844472467,0.009403169955970575,0.05486366379546826,1.0
1xA100,EleutherAI/gpt-neo-2.7B,2.0,BnB.4bit,FAv2,No Kernel,pytorch,0.112,19.02,0.014652014652014652,0.009812272593545857,0.052576235541535225,1.0
1xA100,EleutherAI/gpt-neo-2.7B,2.0,Unquantized,Eager,No Kernel,pytorch,0.022,47.132,0.14918414918414918,0.09366079620381754,0.02121700755325469,4.0
1xA100,EleutherAI/gpt-neo-2.7B,2.0,Unquantized,Eager,No Kernel,pytorch,0.022,47.851,0.14918414918414918,0.09508959431275724,0.020898204844203884,4.0
1xA100,EleutherAI/gpt-neo-2.7B,2.0,Unquantized,Eager,No Kernel,pytorch,0.103,52.437,0.03186457555389594,0.10420290186157134,0.019070503652001452,4.0
1xA100,EleutherAI/gpt-neo-2.7B,2.0,Unquantized,FAv2,No Kernel,pytorch,0.017,58.707,0.19306184012066366,0.1166626572761079,0.017033743846560034,4.0
1xA100,EleutherAI/gpt-neo-2.7B,2.0,Unquantized,FAv2,No Kernel,pytorch,0.017,58.838,0.19306184012066366,0.11692298071459344,0.016995819028518985,4.0
1xA100,openai-community/gpt2,0.0,Unquantized,FAv2,No Kernel,pytorch,0.007,147.371,0.0,0.003751456516896518,0.006785595537792374,0.0
1xA100,facebook/opt-30b,30.0,BnB.8bit,Eager,No Kernel,pytorch,0.127,7.971,0.19382192610539067,0.11820038981932321,0.12545477355413373,30.0
1xA100,facebook/opt-30b,30.0,BnB.8bit,FAv2,No Kernel,pytorch,0.117,8.492,0.210387902695595,0.12592619625463464,0.11775788977861515,30.0
1xA100,facebook/opt-30b,30.0,BnB.4bit,Eager,No Kernel,pytorch,1.321,10.938,0.01863390205555232,0.08173153406807258,0.09142439202779301,15.0
1xA100,facebook/opt-30b,30.0,BnB.4bit,FAv2,No Kernel,pytorch,1.307,12.891,0.01883350008828203,0.09632484966826876,0.07757350089209526,15.0
1xA100,facebook/opt-30b,30.0,Unquantized,Eager,No Kernel,pytorch,0.12,20.586,0.41025641025641024,0.6081495079674349,0.04857670261342661,60.0
1xA100,facebook/opt-30b,30.0,Unquantized,Eager,No Kernel,pytorch,0.11,20.935,0.44755244755244755,0.6184596302972044,0.04776689754000478,60.0
1xA100,facebook/opt-30b,30.0,Unquantized,FAv2,No Kernel,pytorch,0.114,22.529,0.4318488529014845,0.6655494153793035,0.04438723423143504,60.0
1xA100,facebook/opt-30b,30.0,Unquantized,FAv2,No Kernel,pytorch,0.103,22.715,0.47796863330843914,0.6710442083688083,0.04402377283733216,60.0
1xA100,EleutherAI/gpt-neox-20b,20.0,GPTQ.4bit,Eager,GPTQ.ExllamaV2,pytorch,0.479,2.25,0.03425940795460628,0.011295165080922022,0.4444444444444444,10.0
1xA100,EleutherAI/gpt-neox-20b,20.0,GPTQ.4bit,Eager,GPTQ.ExllamaV1,pytorch,0.478,2.253,0.034331080356184956,0.011310225301029918,0.44385264092321347,10.0
1xA100,EleutherAI/gpt-neox-20b,20.0,GPTQ.4bit,FAv2,GPTQ.ExllamaV1,pytorch,0.469,2.284,0.03498988573615439,0.011465847575478175,0.43782837127845886,10.0
1xA100,EleutherAI/gpt-neox-20b,20.0,GPTQ.4bit,FAv2,GPTQ.ExllamaV2,pytorch,0.468,2.285,0.035064650449265836,0.011470867648847475,0.437636761487965,10.0
1xA100,EleutherAI/gpt-neox-20b,20.0,BnB.8bit,Eager,No Kernel,pytorch,0.122,8.298,0.13451029844472467,0.08235298863207455,0.12051096649795132,20.0
1xA100,EleutherAI/gpt-neox-20b,20.0,BnB.8bit,FAv2,No Kernel,pytorch,0.101,9.496,0.16247778624016246,0.09424246566042178,0.10530749789385004,20.0
1xA100,EleutherAI/gpt-neox-20b,20.0,BnB.4bit,Eager,No Kernel,pytorch,0.82,12.42,0.020012507817385866,0.06234931124668956,0.08051529790660225,10.0
1xA100,EleutherAI/gpt-neox-20b,20.0,BnB.4bit,FAv2,No Kernel,pytorch,0.805,14.07,0.020385411689759516,0.07063243230603237,0.0710732054015636,10.0
1xA100,EleutherAI/gpt-neox-20b,20.0,Unquantized,Eager,No Kernel,pytorch,0.086,24.356,0.3816338700059631,0.4806210403813635,0.04105764493348661,40.0
1xA100,EleutherAI/gpt-neox-20b,20.0,Unquantized,Eager,No Kernel,pytorch,0.085,24.449,0.3861236802413273,0.4824562250075528,0.040901468362714216,40.0
1xA100,EleutherAI/gpt-neox-20b,20.0,Unquantized,FAv2,No Kernel,pytorch,0.079,27.409,0.41544952937358,0.5408664023572339,0.03648436644897662,40.0
1xA100,EleutherAI/gpt-neox-20b,20.0,Unquantized,FAv2,No Kernel,pytorch,0.076,27.643,0.4318488529014845,0.5454839636747425,0.0361755236407047,40.0
1xA100,EleutherAI/pythia-12b,12.0,GPTQ.4bit,Eager,GPTQ.ExllamaV2,pytorch,0.277,3.887,0.03554568175506804,0.0117258054670564,0.2572678157962439,6.0
1xA100,EleutherAI/pythia-12b,12.0,GPTQ.4bit,Eager,GPTQ.ExllamaV1,pytorch,0.276,3.9,0.03567447045707915,0.011765022207748894,0.25641025641025644,6.0
1xA100,EleutherAI/pythia-12b,12.0,GPTQ.4bit,FAv2,GPTQ.ExllamaV1,pytorch,0.269,3.98,0.03660280240205891,0.012006355996625797,0.25125628140703515,6.0
1xA100,EleutherAI/pythia-12b,12.0,GPTQ.4bit,FAv2,GPTQ.ExllamaV2,pytorch,0.268,3.987,0.03673938002296211,0.012027472703152527,0.2508151492350138,6.0
1xA100,EleutherAI/pythia-12b,12.0,BnB.8bit,Eager,No Kernel,pytorch,0.098,10.762,0.10047095761381476,0.0641338928824561,0.0929195316855603,12.0
1xA100,EleutherAI/pythia-12b,12.0,BnB.8bit,FAv2,No Kernel,pytorch,0.09,11.187,0.1094017094017094,0.06666659168147523,0.08938946992044337,12.0
1xA100,EleutherAI/pythia-12b,12.0,BnB.4bit,Eager,No Kernel,pytorch,0.46,16.443,0.02140468227424749,0.04960314363128593,0.060816152770175755,6.0
1xA100,EleutherAI/pythia-12b,12.0,BnB.4bit,FAv2,No Kernel,pytorch,0.443,16.87,0.022226080916825836,0.05089126272941638,0.05927682276229994,6.0
1xA100,EleutherAI/pythia-12b,12.0,Unquantized,Eager,No Kernel,pytorch,0.414,24.858,0.04756596060943887,0.29443130569786763,0.04022849786788961,24.0
1xA100,EleutherAI/pythia-12b,12.0,Unquantized,Eager,No Kernel,pytorch,0.05,34.549,0.39384615384615385,0.4092166377245002,0.028944397811803527,24.0
1xA100,EleutherAI/pythia-12b,12.0,Unquantized,Eager,No Kernel,pytorch,0.051,34.83,0.38612368024132737,0.4125449504166356,0.02871088142405972,24.0
1xA100,EleutherAI/pythia-160m,0.0,BnB.8bit,Eager,No Kernel,pytorch,0.031,31.118,0.0,0.0007921356568984795,0.03213574137155344,0.0
1xA100,EleutherAI/pythia-160m,0.0,BnB.8bit,FAv2,No Kernel,pytorch,0.031,34.413,0.0,0.0008760127373496811,0.0290587859239241,0.0
1xA100,EleutherAI/pythia-160m,0.0,BnB.4bit,Eager,No Kernel,pytorch,0.024,47.497,0.0,0.001209077295960765,0.021053961302819127,0.0
1xA100,EleutherAI/pythia-160m,0.0,GPTQ.4bit,Eager,GPTQ.ExllamaV2,pytorch,0.02,48.236,0.0,0.0012278891813791073,0.020731403930674186,0.0
1xA100,EleutherAI/pythia-160m,0.0,GPTQ.4bit,Eager,GPTQ.ExllamaV1,pytorch,0.021,50.093,0.0,0.0012751607256576755,0.019962869063541812,0.0
1xA100,EleutherAI/pythia-160m,0.0,GPTQ.4bit,FAv2,GPTQ.ExllamaV1,pytorch,0.021,51.969,0.0,0.0013229159314016676,0.019242240566491563,0.0
1xA100,EleutherAI/pythia-160m,0.0,BnB.4bit,FAv2,No Kernel,pytorch,0.022,53.354,0.0,0.0013581723066444337,0.01874273718933913,0.0
1xA100,EleutherAI/pythia-160m,0.0,GPTQ.4bit,FAv2,GPTQ.ExllamaV2,pytorch,0.017,60.986,0.0,0.0015524514805453653,0.016397205916111896,0.0
1xA100,EleutherAI/gpt-neo-1.3B,1.0,BnB.8bit,Eager,No Kernel,pytorch,0.07,14.374,0.01172161172161172,0.007415436711862679,0.06957005704744677,1.0
1xA100,EleutherAI/gpt-neo-1.3B,1.0,BnB.8bit,FAv2,No Kernel,pytorch,0.066,15.18,0.012432012432012432,0.007831245950053948,0.06587615283267458,1.0
1xA100,EleutherAI/gpt-neo-1.3B,1.0,GPTQ.4bit,Eager,GPTQ.ExllamaV2,pytorch,0.047,23.973,0.01745771958537916,0.00648887045913487,0.041713594460434655,0.5
1xA100,EleutherAI/gpt-neo-1.3B,1.0,GPTQ.4bit,Eager,GPTQ.ExllamaV1,pytorch,0.047,24.035,0.01745771958537916,0.006505652254006866,0.04160599126274184,0.5
1xA100,EleutherAI/gpt-neo-1.3B,1.0,BnB.4bit,Eager,No Kernel,pytorch,0.067,24.039,0.012246460007654038,0.006506734950450221,0.04159906818087274,0.5
1xA100,EleutherAI/gpt-neo-1.3B,1.0,GPTQ.4bit,FAv2,GPTQ.ExllamaV2,pytorch,0.038,26.4,0.021592442645074223,0.007145796526140265,0.03787878787878788,0.5
1xA100,EleutherAI/gpt-neo-1.3B,1.0,BnB.4bit,FAv2,No Kernel,pytorch,0.057,26.5,0.014394961763382817,0.007172863937224131,0.03773584905660377,0.5
1xA100,EleutherAI/gpt-neo-1.3B,1.0,GPTQ.4bit,FAv2,GPTQ.ExllamaV1,pytorch,0.038,26.834,0.021592442645074223,0.007263269090244238,0.037266154878139675,0.5
1xA100,EleutherAI/gpt-neo-1.3B,1.0,Unquantized,Eager,No Kernel,pytorch,0.017,64.567,0.09653092006033183,0.06497563444154192,0.015487787879257208,2.0
1xA100,EleutherAI/gpt-neo-1.3B,1.0,Unquantized,Eager,No Kernel,pytorch,0.017,64.702,0.09653092006033183,0.06511148883542128,0.015455472782912429,2.0
1xA100,EleutherAI/gpt-neo-1.3B,1.0,Unquantized,Eager,No Kernel,pytorch,0.053,67.233,0.030962747943880018,0.06765850713844826,0.014873648357205537,2.0
1xA100,EleutherAI/gpt-neo-1.3B,1.0,Unquantized,FAv2,No Kernel,pytorch,0.013,78.565,0.126232741617357,0.07906222559356547,0.012728314134792846,2.0
1xA100,EleutherAI/gpt-neo-1.3B,1.0,Unquantized,FAv2,No Kernel,pytorch,0.013,79.193,0.126232741617357,0.07969420010731534,0.01262737868245931,2.0
1xA100,Qwen/Qwen1.5-0.5B,0.0,BnB.8bit,Eager,No Kernel,pytorch,0.08,12.605,0.0,0.0003208711985090731,0.07933359777865925,0.0
1xA100,Qwen/Qwen1.5-0.5B,0.0,BnB.8bit,FAv2,No Kernel,pytorch,0.079,12.617,0.0,0.0003211766689082884,0.0792581437742728,0.0
1xA100,Qwen/Qwen1.5-0.5B,0.0,BnB.8bit,SDPA,No Kernel,pytorch,0.078,12.909,0.0,0.0003286097819558608,0.07746533426291734,0.0
1xA100,Qwen/Qwen1.5-0.5B,0.0,BnB.4bit,Eager,No Kernel,pytorch,0.061,20.232,0.0,0.0005150230930769986,0.0494266508501384,0.0
1xA100,Qwen/Qwen1.5-0.5B,0.0,GPTQ.4bit,FAv2,GPTQ.ExllamaV2,pytorch,0.05,20.483,0.0,0.0005214125155939186,0.048820973490211396,0.0
1xA100,Qwen/Qwen1.5-0.5B,0.0,BnB.4bit,FAv2,No Kernel,pytorch,0.057,20.996,0.0,0.0005344713751603727,0.047628119641836546,0.0
1xA100,Qwen/Qwen1.5-0.5B,0.0,GPTQ.4bit,SDPA,GPTQ.ExllamaV1,pytorch,0.048,21.121,0.0,0.0005376533584855322,0.04734624307561195,0.0
1xA100,Qwen/Qwen1.5-0.5B,0.0,GPTQ.4bit,FAv2,GPTQ.ExllamaV1,pytorch,0.048,21.164,0.0,0.000538747960749387,0.04725004725004725,0.0
1xA100,Qwen/Qwen1.5-0.5B,0.0,GPTQ.4bit,Eager,GPTQ.ExllamaV1,pytorch,0.048,21.184,0.0,0.0005392570780814126,0.04720543806646525,0.0
1xA100,Qwen/Qwen1.5-0.5B,0.0,GPTQ.4bit,Eager,GPTQ.ExllamaV2,pytorch,0.048,21.241,0.0,0.0005407080624776851,0.0470787627701144,0.0
1xA100,Qwen/Qwen1.5-0.5B,0.0,GPTQ.4bit,SDPA,GPTQ.ExllamaV2,pytorch,0.046,21.693,0.0,0.0005522141141814615,0.04609781957313419,0.0
1xA100,Qwen/Qwen1.5-0.5B,0.0,BnB.4bit,SDPA,No Kernel,pytorch,0.056,22.236,0.0,0.0005660366497459539,0.044972117287281885,0.0
1xA100,Qwen/Qwen1.5-0.5B,0.0,Unquantized,Eager,No Kernel,pytorch,0.021,46.827,0.0,0.0011920218653379106,0.021355201059217975,0.0
1xA100,Qwen/Qwen1.5-0.5B,0.0,Unquantized,FAv2,No Kernel,pytorch,0.021,48.387,0.0,0.0012317330172359,0.020666708000082665,0.0
1xA100,Qwen/Qwen1.5-0.5B,0.0,Unquantized,FAv2,No Kernel,pytorch,0.021,48.979,0.0,0.0012468028902638548,0.020416913371036568,0.0
1xA100,Qwen/Qwen1.5-0.5B,0.0,Unquantized,Eager,No Kernel,pytorch,0.021,49.469,0.0,0.0012592762648984796,0.020214679900543774,0.0
1xA100,Qwen/Qwen1.5-0.5B,0.0,Unquantized,Eager,No Kernel,pytorch,0.026,51.953,0.0,0.001322508637536047,0.019248166612130194,0.0
1xA100,Qwen/Qwen1.5-0.5B,0.0,Unquantized,SDPA,No Kernel,pytorch,0.019,53.969,0.0,0.001373827664604218,0.018529155626378104,0.0
1xA100,Qwen/Qwen1.5-0.5B,0.0,Unquantized,SDPA,No Kernel,pytorch,0.018,54.749,0.0,0.0013936832405532123,0.018265173793128642,0.0
1xA100,Qwen/Qwen1.5-0.5B,0.0,Unquantized,SDPA,No Kernel,pytorch,0.024,58.642,0.0,0.0014927829292319763,0.01705262439889499,0.0
1xA100,EleutherAI/pythia-410m,0.0,BnB.8bit,Eager,No Kernel,pytorch,0.058,17.422,0.0,0.0004434921079274154,0.057398691309838136,0.0
1xA100,EleutherAI/pythia-410m,0.0,BnB.8bit,FAv2,No Kernel,pytorch,0.053,18.696,0.0,0.00047592288197743996,0.05348737697903294,0.0
1xA100,EleutherAI/pythia-410m,0.0,BnB.4bit,Eager,No Kernel,pytorch,0.045,25.81,0.0,0.0006570159169789113,0.03874467260751647,0.0
1xA100,EleutherAI/pythia-410m,0.0,BnB.4bit,FAv2,No Kernel,pytorch,0.042,27.379,0.0,0.0006969561716763119,0.03652434347492604,0.0
1xA100,EleutherAI/pythia-410m,0.0,GPTQ.4bit,Eager,GPTQ.ExllamaV2,pytorch,0.035,29.117,0.0,0.0007411984678293281,0.03434419754782429,0.0
1xA100,EleutherAI/pythia-410m,0.0,GPTQ.4bit,Eager,GPTQ.ExllamaV1,pytorch,0.035,29.258,0.0,0.0007447877450201079,0.034178686171303575,0.0
1xA100,EleutherAI/pythia-410m,0.0,GPTQ.4bit,FAv2,GPTQ.ExllamaV1,pytorch,0.032,31.358,0.0,0.0007982450648827857,0.03188978888959755,0.0
1xA100,EleutherAI/pythia-410m,0.0,GPTQ.4bit,FAv2,GPTQ.ExllamaV2,pytorch,0.032,31.724,0.0,0.0008075619120588524,0.031521876182070356,0.0
1xA100,EleutherAI/gpt-neo-125m,0.0,BnB.8bit,Eager,No Kernel,pytorch,0.037,26.831,0.0,0.0006830063567788132,0.037270321642875776,0.0
1xA100,EleutherAI/gpt-neo-125m,0.0,BnB.8bit,FAv2,No Kernel,pytorch,0.034,28.303,0.0,0.0007204773924158901,0.035331943610218,0.0
1xA100,EleutherAI/gpt-neo-125m,0.0,BnB.4bit,Eager,No Kernel,pytorch,0.027,44.66,0.0,0.0011368590024129475,0.02239140170174653,0.0
1xA100,EleutherAI/gpt-neo-125m,0.0,GPTQ.4bit,Eager,GPTQ.ExllamaV2,pytorch,0.023,46.168,0.0,0.0011752464492476703,0.02166002425922717,0.0
1xA100,EleutherAI/gpt-neo-125m,0.0,GPTQ.4bit,Eager,GPTQ.ExllamaV1,pytorch,0.022,46.909,0.0,0.0011941092463992153,0.021317870771067386,0.0
1xA100,EleutherAI/gpt-neo-125m,0.0,BnB.4bit,FAv2,No Kernel,pytorch,0.025,48.346,0.0,0.0012306893267052476,0.020684234476482027,0.0
1xA100,EleutherAI/gpt-neo-125m,0.0,GPTQ.4bit,FAv2,GPTQ.ExllamaV2,pytorch,0.02,51.475,0.0,0.0013103407333006378,0.01942690626517727,0.0
1xA100,EleutherAI/gpt-neo-125m,0.0,GPTQ.4bit,FAv2,GPTQ.ExllamaV1,pytorch,0.02,52.071,0.0,0.0013255124297949974,0.019204547636880415,0.0
1xA100,EleutherAI/gpt-neo-125m,0.0,Unquantized,Eager,No Kernel,pytorch,0.009,119.461,0.0,0.003040983280054929,0.0083709327730389,0.0
1xA100,EleutherAI/gpt-neo-125m,0.0,Unquantized,Eager,No Kernel,pytorch,0.009,121.822,0.0,0.0031010845811005397,0.008208697936333338,0.0
1xA100,EleutherAI/gpt-neo-125m,0.0,Unquantized,Eager,No Kernel,pytorch,0.01,124.599,0.0,0.0031717755226522808,0.008025746595077007,0.0
1xA100,EleutherAI/gpt-neo-125m,0.0,Unquantized,FAv2,No Kernel,pytorch,0.007,145.789,0.0,0.0037111853359333004,0.00685922806247385,0.0
1xA100,EleutherAI/gpt-neo-125m,0.0,Unquantized,FAv2,No Kernel,pytorch,0.007,149.464,0.0,0.0038047356456929866,0.006690574318899535,0.0
1xT4,microsoft/Phi-3-mini-4k-instruct,3.0,BnB.8bit,Eager,No Kernel,pytorch,0.094,10.872,0.12569558101472994,0.11205453459456,0.09197939661515821,3.0
1xT4,microsoft/Phi-3-mini-4k-instruct,3.0,BnB.4bit,Eager,No Kernel,pytorch,0.519,18.653,0.022765673632725657,0.09898603327743999,0.053610679247306066,1.5
1xT4,microsoft/Phi-3-mini-4k-instruct,3.0,AWQ.4bit,Eager,AWQ.GEMM,pytorch,0.223,24.443,0.0529837875129355,0.12971187537664,0.04091150840731497,1.5
1xT4,microsoft/Phi-3-mini-4k-instruct,3.0,Unquantized,Eager,No Kernel,pytorch,0.112,27.025,0.210989010989011,0.548788796672,0.03700277520814061,6.0
1xT4,microsoft/Phi-3-mini-4k-instruct,3.0,Unquantized,Eager,No Kernel,pytorch,0.703,27.159,0.033614180982602035,0.5515098956083199,0.03682020692956295,6.0
1xT4,microsoft/Phi-3-mini-4k-instruct,3.0,GPTQ.4bit,Eager,GPTQ.ExllamaV2,pytorch,0.12,28.539,0.09846153846153846,0.15144815331072004,0.03503977013910788,1.5
1xT4,microsoft/Phi-3-mini-4k-instruct,3.0,AWQ.4bit,Eager,AWQ.GEMV,pytorch,0.218,28.565,0.05419901199717714,0.15158612773120003,0.03500787677227376,1.5
1xT4,microsoft/Phi-3-mini-4k-instruct,3.0,AWQ.4bit,Eager,No Kernel,pytorch,1.719,29.0,0.006873405826285407,0.15389454592000001,0.034482758620689655,1.5
1xT4,microsoft/Phi-3-mini-4k-instruct,3.0,GPTQ.4bit,Eager,GPTQ.ExllamaV1,pytorch,0.12,29.673,0.09846153846153846,0.15746596072704,0.0337006706433458,1.5
1xT4,microsoft/Phi-3-mini-4k-instruct,3.0,BnB.8bit,Eager,No Kernel,pytorch,0.094,10.872,0.12569558101472994,0.11205453459456,0.09197939661515821,3.0
1xT4,microsoft/Phi-3-mini-4k-instruct,3.0,BnB.4bit,Eager,No Kernel,pytorch,0.519,18.653,0.022765673632725657,0.09898603327743999,0.053610679247306066,1.5
1xT4,microsoft/Phi-3-mini-4k-instruct,3.0,AWQ.4bit,Eager,AWQ.GEMM,pytorch,0.223,24.443,0.0529837875129355,0.12971187537664,0.04091150840731497,1.5
1xT4,microsoft/Phi-3-mini-4k-instruct,3.0,Unquantized,Eager,No Kernel,pytorch,0.112,27.025,0.210989010989011,0.548788796672,0.03700277520814061,6.0
1xT4,microsoft/Phi-3-mini-4k-instruct,3.0,Unquantized,Eager,No Kernel,pytorch,0.703,27.159,0.033614180982602035,0.5515098956083199,0.03682020692956295,6.0
1xT4,microsoft/Phi-3-mini-4k-instruct,3.0,GPTQ.4bit,Eager,GPTQ.ExllamaV2,pytorch,0.12,28.539,0.09846153846153846,0.15144815331072004,0.03503977013910788,1.5
1xT4,microsoft/Phi-3-mini-4k-instruct,3.0,AWQ.4bit,Eager,AWQ.GEMV,pytorch,0.218,28.565,0.05419901199717714,0.15158612773120003,0.03500787677227376,1.5
1xT4,microsoft/Phi-3-mini-4k-instruct,3.0,AWQ.4bit,Eager,No Kernel,pytorch,1.719,29.0,0.006873405826285407,0.15389454592000001,0.034482758620689655,1.5
1xT4,microsoft/Phi-3-mini-4k-instruct,3.0,GPTQ.4bit,Eager,GPTQ.ExllamaV1,pytorch,0.12,29.673,0.09846153846153846,0.15746596072704,0.0337006706433458,1.5
1xT4,meta-llama/Meta-Llama-3-8B-Instruct,8.0,BnB.8bit,Eager,No Kernel,pytorch,0.13,7.758,0.24236686390532544,0.21078472925184,0.12889920082495487,8.0
1xT4,meta-llama/Meta-Llama-3-8B-Instruct,8.0,BnB.8bit,SDPA,No Kernel,pytorch,0.126,8.053,0.25006105006105006,0.2187998742801067,0.12417732522041473,8.0
1xT4,meta-llama/Meta-Llama-3-8B-Instruct,8.0,BnB.4bit,Eager,No Kernel,pytorch,1.039,12.519,0.030325016658029173,0.17322101901311998,0.07987858455148175,4.0
1xT4,meta-llama/Meta-Llama-3-8B-Instruct,8.0,BnB.4bit,SDPA,No Kernel,pytorch,1.037,12.625,0.030383502707514283,0.17468770389333332,0.07920792079207921,4.0
1xT4,meta-llama/Meta-Llama-3-8B-Instruct,8.0,AWQ.4bit,Eager,AWQ.GEMM,pytorch,0.405,22.275,0.07779677113010447,0.308211374592,0.044893378226711564,4.0
1xT4,meta-llama/Meta-Llama-3-8B-Instruct,8.0,AWQ.4bit,SDPA,AWQ.GEMM,pytorch,0.417,23.622,0.07555801512636046,0.32684934189056,0.042333418000169334,4.0
1xT4,meta-llama/Meta-Llama-3-8B-Instruct,8.0,AWQ.4bit,Eager,AWQ.GEMV,pytorch,0.375,27.371,0.08402051282051282,0.37872294204074664,0.03653501881553469,4.0
1xT4,meta-llama/Meta-Llama-3-8B-Instruct,8.0,AWQ.4bit,Eager,No Kernel,pytorch,0.22,28.549,0.14321678321678322,0.3950225155208533,0.03502749658481908,4.0
1xT4,meta-llama/Meta-Llama-3-8B-Instruct,8.0,AWQ.4bit,Eager,No Kernel,pytorch,3.252,28.633,0.009688712271738101,0.39618479410517327,0.03492473719135264,4.0
1xT4,meta-llama/Meta-Llama-3-8B-Instruct,8.0,GPTQ.4bit,Eager,GPTQ.ExllamaV2,pytorch,0.208,29.144,0.1514792899408284,0.40325532215978666,0.034312379906670326,4.0
1xT4,meta-llama/Meta-Llama-3-8B-Instruct,8.0,GPTQ.4bit,Eager,GPTQ.ExllamaV1,pytorch,0.207,29.535,0.1522110739502044,0.4086654522368,0.03385813441679363,4.0
1xT4,meta-llama/Meta-Llama-3-8B-Instruct,8.0,AWQ.4bit,SDPA,AWQ.GEMV,pytorch,0.369,31.672,0.08538670002084636,0.43823437288789335,0.03157362970447083,4.0
1xT4,meta-llama/Meta-Llama-3-8B-Instruct,8.0,GPTQ.4bit,SDPA,GPTQ.ExllamaV1,pytorch,0.2,32.776,0.15753846153846154,0.4535100342818134,0.030510129362948495,4.0
1xT4,meta-llama/Meta-Llama-3-8B-Instruct,8.0,AWQ.4bit,SDPA,No Kernel,pytorch,3.237,33.247,0.009733608992181744,0.4600270963438933,0.030077901765572835,4.0
1xT4,meta-llama/Meta-Llama-3-8B-Instruct,8.0,GPTQ.4bit,SDPA,GPTQ.ExllamaV2,pytorch,0.201,33.322,0.1567546880979717,0.4610648450798934,0.030010203469179517,4.0
1xT4,meta-llama/Meta-Llama-3-8B-Instruct,8.0,AWQ.4bit,SDPA,No Kernel,pytorch,0.213,33.461,0.14792343806428312,0.46298813940394656,0.029885538387974062,4.0
1xT4,meta-llama/Meta-Llama-3-8B-Instruct,8.0,BnB.8bit,Eager,No Kernel,pytorch,0.13,7.758,0.24236686390532544,0.21078472925184,0.12889920082495487,8.0
1xT4,meta-llama/Meta-Llama-3-8B-Instruct,8.0,BnB.8bit,SDPA,No Kernel,pytorch,0.126,8.053,0.25006105006105006,0.2187998742801067,0.12417732522041473,8.0
1xT4,meta-llama/Meta-Llama-3-8B-Instruct,8.0,BnB.4bit,Eager,No Kernel,pytorch,1.039,12.519,0.030325016658029173,0.17322101901311998,0.07987858455148175,4.0
1xT4,meta-llama/Meta-Llama-3-8B-Instruct,8.0,BnB.4bit,SDPA,No Kernel,pytorch,1.037,12.625,0.030383502707514283,0.17468770389333332,0.07920792079207921,4.0
1xT4,meta-llama/Meta-Llama-3-8B-Instruct,8.0,AWQ.4bit,Eager,AWQ.GEMM,pytorch,0.405,22.275,0.07779677113010447,0.308211374592,0.044893378226711564,4.0
1xT4,meta-llama/Meta-Llama-3-8B-Instruct,8.0,AWQ.4bit,SDPA,AWQ.GEMM,pytorch,0.417,23.622,0.07555801512636046,0.32684934189056,0.042333418000169334,4.0
1xT4,meta-llama/Meta-Llama-3-8B-Instruct,8.0,AWQ.4bit,Eager,AWQ.GEMV,pytorch,0.375,27.371,0.08402051282051282,0.37872294204074664,0.03653501881553469,4.0
1xT4,meta-llama/Meta-Llama-3-8B-Instruct,8.0,AWQ.4bit,Eager,No Kernel,pytorch,0.22,28.549,0.14321678321678322,0.3950225155208533,0.03502749658481908,4.0
1xT4,meta-llama/Meta-Llama-3-8B-Instruct,8.0,AWQ.4bit,Eager,No Kernel,pytorch,3.252,28.633,0.009688712271738101,0.39618479410517327,0.03492473719135264,4.0
1xT4,meta-llama/Meta-Llama-3-8B-Instruct,8.0,GPTQ.4bit,Eager,GPTQ.ExllamaV2,pytorch,0.208,29.144,0.1514792899408284,0.40325532215978666,0.034312379906670326,4.0
1xT4,meta-llama/Meta-Llama-3-8B-Instruct,8.0,GPTQ.4bit,Eager,GPTQ.ExllamaV1,pytorch,0.207,29.535,0.1522110739502044,0.4086654522368,0.03385813441679363,4.0
1xT4,meta-llama/Meta-Llama-3-8B-Instruct,8.0,AWQ.4bit,SDPA,AWQ.GEMV,pytorch,0.369,31.672,0.08538670002084636,0.43823437288789335,0.03157362970447083,4.0
1xT4,meta-llama/Meta-Llama-3-8B-Instruct,8.0,GPTQ.4bit,SDPA,GPTQ.ExllamaV1,pytorch,0.2,32.776,0.15753846153846154,0.4535100342818134,0.030510129362948495,4.0
1xT4,meta-llama/Meta-Llama-3-8B-Instruct,8.0,AWQ.4bit,SDPA,No Kernel,pytorch,3.237,33.247,0.009733608992181744,0.4600270963438933,0.030077901765572835,4.0
1xT4,meta-llama/Meta-Llama-3-8B-Instruct,8.0,GPTQ.4bit,SDPA,GPTQ.ExllamaV2,pytorch,0.201,33.322,0.1567546880979717,0.4610648450798934,0.030010203469179517,4.0
1xT4,meta-llama/Meta-Llama-3-8B-Instruct,8.0,AWQ.4bit,SDPA,No Kernel,pytorch,0.213,33.461,0.14792343806428312,0.46298813940394656,0.029885538387974062,4.0
1xT4,Qwen/Qwen1.5-14B,14.0,BnB.4bit,Eager,No Kernel,pytorch,1.913,6.687,0.028823032691302423,0.161288870784,0.14954389113204725,7.0
1xT4,Qwen/Qwen1.5-14B,14.0,BnB.4bit,SDPA,No Kernel,pytorch,1.901,6.722,0.029004977137538947,0.16213306257066668,0.14876524843796488,7.0
1xT4,Qwen/Qwen1.5-14B,14.0,BnB.4bit,Eager,No Kernel,pytorch,1.79,7.14,0.030803609798023206,0.17221512447999998,0.1400560224089636,7.0
1xT4,Qwen/Qwen1.5-14B,14.0,BnB.4bit,SDPA,No Kernel,pytorch,1.778,7.182,0.031011508176862507,0.173228154624,0.1392369813422445,7.0
1xT4,Qwen/Qwen1.5-14B,14.0,AWQ.4bit,Eager,AWQ.GEMM,pytorch,0.807,16.929,0.06832523115050997,0.408323507328,0.059070234508831004,7.0
1xT4,Qwen/Qwen1.5-14B,14.0,AWQ.4bit,SDPA,AWQ.GEMM,pytorch,0.794,17.608,0.06944390621972486,0.42470082798933334,0.05679236710586097,7.0
1xT4,Qwen/Qwen1.5-14B,14.0,AWQ.4bit,Eager,AWQ.GEMV,pytorch,0.731,18.449,0.07542881195411975,0.4449855506346667,0.054203479863407227,7.0
1xT4,Qwen/Qwen1.5-14B,14.0,AWQ.4bit,SDPA,AWQ.GEMV,pytorch,0.719,18.648,0.07668770728576013,0.449785383936,0.053625053625053626,7.0
1xT4,Qwen/Qwen1.5-14B,14.0,AWQ.4bit,Eager,No Kernel,pytorch,5.821,21.361,0.00947233491469877,0.5152223072853334,0.04681428772061233,7.0
1xT4,Qwen/Qwen1.5-14B,14.0,GPTQ.4bit,Eager,GPTQ.ExllamaV2,pytorch,0.388,21.419,0.14210943695479777,0.5166212536746667,0.046687520425790184,7.0
1xT4,Qwen/Qwen1.5-14B,14.0,GPTQ.4bit,Eager,GPTQ.ExllamaV1,pytorch,0.387,21.432,0.1424766448022262,0.516934810624,0.04665920119447555,7.0
1xT4,Qwen/Qwen1.5-14B,14.0,GPTQ.4bit,Eager,GPTQ.ExllamaV2,pytorch,0.383,21.566,0.1439646515364531,0.5201668591786667,0.04636928498562552,7.0
1xT4,Qwen/Qwen1.5-14B,14.0,GPTQ.4bit,Eager,GPTQ.ExllamaV1,pytorch,0.383,21.663,0.1439646515364531,0.522506476416,0.04616165812675991,7.0
1xT4,Qwen/Qwen1.5-14B,14.0,AWQ.4bit,SDPA,No Kernel,pytorch,5.804,21.67,0.009500079520754916,0.5226753147733334,0.046146746654360866,7.0
1xT4,Qwen/Qwen1.5-14B,14.0,GPTQ.4bit,SDPA,GPTQ.ExllamaV1,pytorch,0.378,21.734,0.14586894586894586,0.5242189797546667,0.04601085856262078,7.0
1xT4,Qwen/Qwen1.5-14B,14.0,GPTQ.4bit,SDPA,GPTQ.ExllamaV2,pytorch,0.377,21.759,0.14625586614976535,0.524821973888,0.04595799439312468,7.0
1xT4,Qwen/Qwen1.5-14B,14.0,GPTQ.4bit,SDPA,GPTQ.ExllamaV1,pytorch,0.373,21.892,0.14782429366879768,0.5280299026773333,0.045678786771423355,7.0
1xT4,Qwen/Qwen1.5-14B,14.0,GPTQ.4bit,SDPA,GPTQ.ExllamaV2,pytorch,0.373,21.904,0.14782429366879768,0.5283193398613334,0.045653761869978084,7.0
1xT4,Qwen/Qwen1.5-14B,14.0,AWQ.4bit,Eager,No Kernel,pytorch,0.411,23.484,0.13415684072618378,0.5664285690880001,0.04258218361437574,7.0
1xT4,Qwen/Qwen1.5-14B,14.0,AWQ.4bit,SDPA,No Kernel,pytorch,0.398,24.28,0.13853884808658679,0.5856279022933334,0.04118616144975288,7.0
1xT4,mistralai/Mistral-7B-Instruct-v0.2,7.0,GPTQ.4bit,Eager,GPTQ.ExllamaV2,pytorch,0.205,26.418,0.13448405253283302,0.32150661476864,0.03785297902944962,3.5
1xT4,mistralai/Mistral-7B-Instruct-v0.2,7.0,GPTQ.4bit,Eager,GPTQ.ExllamaV1,pytorch,0.204,26.884,0.13514328808446455,0.32717782691498665,0.03719684570748401,3.5
1xT4,mistralai/Mistral-7B-Instruct-v0.2,7.0,GPTQ.4bit,SDPA,GPTQ.ExllamaV1,pytorch,0.199,28.68,0.13853884808658679,0.3490351166464,0.03486750348675035,3.5
1xT4,mistralai/Mistral-7B-Instruct-v0.2,7.0,GPTQ.4bit,SDPA,GPTQ.ExllamaV2,pytorch,0.199,29.263,0.13853884808658679,0.3561302168209066,0.03417284625636469,3.5
1xT4,HuggingFaceH4/zephyr-7b-beta,7.0,BnB.4bit,Eager,No Kernel,pytorch,1.041,13.142,0.026483410921451272,0.15993791851349332,0.07609191903819815,3.5
1xT4,HuggingFaceH4/zephyr-7b-beta,7.0,BnB.4bit,SDPA,No Kernel,pytorch,1.043,13.28,0.026432627774909657,0.1616173761877333,0.07530120481927711,3.5
1xT4,HuggingFaceH4/zephyr-7b-beta,7.0,BnB.8bit,Eager,No Kernel,pytorch,0.126,14.321,0.2188034188034188,0.34136466197674664,0.06982752601075344,7.0
1xT4,HuggingFaceH4/zephyr-7b-beta,7.0,Unquantized,SDPA,No Kernel,pytorch,1.381,14.371,0.03992647468389684,0.6778798278007467,0.06958458005705935,14.0
1xT4,HuggingFaceH4/zephyr-7b-beta,7.0,Unquantized,Eager,No Kernel,pytorch,1.378,15.316,0.04001339734286033,0.7224554618743466,0.06529119874640898,14.0
1xT4,HuggingFaceH4/zephyr-7b-beta,7.0,BnB.8bit,SDPA,No Kernel,pytorch,0.119,15.32,0.2316742081447964,0.36517747514026666,0.06527415143603132,7.0
1xT4,HuggingFaceH4/zephyr-7b-beta,7.0,Unquantized,SDPA,No Kernel,pytorch,0.207,15.471,0.26636937941285765,0.7297668092620799,0.06463706289186219,14.0
1xT4,HuggingFaceH4/zephyr-7b-beta,7.0,Unquantized,Eager,No Kernel,pytorch,0.211,15.556,0.26131972293109734,0.7337762578295466,0.06428387760349705,14.0
1xT4,HuggingFaceH4/zephyr-7b-beta,7.0,GPTQ.4bit,Eager,GPTQ.ExllamaV1,pytorch,0.207,26.997,0.13318468970642883,0.32855303501056,0.03704115272067267,3.5
1xT4,HuggingFaceH4/zephyr-7b-beta,7.0,GPTQ.4bit,Eager,GPTQ.ExllamaV2,pytorch,0.208,27.167,0.13254437869822486,0.33062193214549335,0.0368093643022785,3.5
1xT4,HuggingFaceH4/zephyr-7b-beta,7.0,GPTQ.4bit,SDPA,GPTQ.ExllamaV2,pytorch,0.198,29.814,0.13923853923853924,0.36283587753471996,0.03354128932716174,3.5
1xT4,HuggingFaceH4/zephyr-7b-beta,7.0,GPTQ.4bit,SDPA,GPTQ.ExllamaV1,pytorch,0.201,30.523,0.13716035208572522,0.37146439558570665,0.03276217934016971,3.5
1xT4,google/gemma-7b,8.0,BnB.8bit,Eager,No Kernel,pytorch,0.145,8.869,0.21729442970822282,0.24097058052778667,0.11275228323373548,8.0
1xT4,google/gemma-7b,8.0,BnB.8bit,SDPA,No Kernel,pytorch,0.142,9.162,0.2218851570964247,0.24893138558976,0.10914647456887142,8.0
1xT4,google/gemma-7b,8.0,BnB.4bit,Eager,No Kernel,pytorch,1.148,10.928,0.027445725006700616,0.1512069091601067,0.09150805270863835,4.0
1xT4,google/gemma-7b,8.0,BnB.4bit,SDPA,No Kernel,pytorch,1.146,10.931,0.02749362330514163,0.15124841910954667,0.09148293843198244,4.0
1xT4,google/gemma-7b,8.0,AWQ.4bit,Eager,AWQ.GEMM,pytorch,0.517,20.514,0.060943312007141794,0.28384503427072,0.04874719703617042,4.0
1xT4,google/gemma-7b,8.0,AWQ.4bit,Eager,No Kernel,pytorch,3.633,20.87,0.008672637574371679,0.28877088160426667,0.0479156684235745,4.0
1xT4,google/gemma-7b,8.0,AWQ.4bit,SDPA,AWQ.GEMV,pytorch,0.453,21.938,0.0695534046527424,0.30354842360490664,0.045583006655118975,4.0
1xT4,google/gemma-7b,8.0,AWQ.4bit,SDPA,AWQ.GEMM,pytorch,0.525,22.148,0.06001465201465202,0.30645412006570666,0.04515080368430558,4.0
1xT4,google/gemma-7b,8.0,AWQ.4bit,SDPA,No Kernel,pytorch,3.618,24.719,0.008708593783220649,0.3420281467357867,0.04045471095109025,4.0
1xT4,google/gemma-7b,8.0,GPTQ.4bit,Eager,GPTQ.ExllamaV2,pytorch,0.23,25.565,0.13698996655518395,0.35373395247786665,0.03911597887737141,4.0
1xT4,google/gemma-7b,8.0,AWQ.4bit,Eager,No Kernel,pytorch,0.243,25.609,0.12966128521684078,0.35434276506965334,0.039048771916123236,4.0
1xT4,google/gemma-7b,8.0,GPTQ.4bit,Eager,GPTQ.ExllamaV1,pytorch,0.23,25.8,0.13698996655518395,0.356985565184,0.03875968992248062,4.0
1xT4,google/gemma-7b,8.0,AWQ.4bit,Eager,AWQ.GEMV,pytorch,0.45,25.868,0.07001709401709402,0.3579264573713066,0.03865780114427091,4.0
1xT4,google/gemma-7b,8.0,AWQ.4bit,SDPA,No Kernel,pytorch,0.242,27.725,0.1301970756516211,0.3836211160746667,0.03606853020739405,4.0
1xT4,google/gemma-7b,8.0,GPTQ.4bit,SDPA,GPTQ.ExllamaV2,pytorch,0.228,28.605,0.13819163292847503,0.3957973679104,0.034958923265163436,4.0
1xT4,google/gemma-7b,8.0,GPTQ.4bit,SDPA,GPTQ.ExllamaV1,pytorch,0.228,29.035,0.13819163292847503,0.40174712733013335,0.034441191665231616,4.0
1xT4,Qwen/Qwen1.5-7B,7.0,BnB.8bit,Eager,No Kernel,pytorch,0.133,7.87,0.20728744939271254,0.18759443403093332,0.12706480304955528,7.0
1xT4,Qwen/Qwen1.5-7B,7.0,BnB.8bit,Eager,No Kernel,pytorch,0.131,8.041,0.21045214327657075,0.19167050114901335,0.12436264146250466,7.0
1xT4,Qwen/Qwen1.5-7B,7.0,BnB.8bit,SDPA,No Kernel,pytorch,0.126,8.284,0.2188034188034188,0.19746280705365335,0.12071463061323032,7.0
1xT4,Qwen/Qwen1.5-7B,7.0,BnB.8bit,SDPA,No Kernel,pytorch,0.124,8.366,0.22233250620347395,0.19941741233834667,0.11953143676786995,7.0
1xT4,Qwen/Qwen1.5-7B,7.0,BnB.4bit,Eager,No Kernel,pytorch,1.067,12.278,0.025838079446326868,0.14942305307477335,0.0814464896562958,3.5
1xT4,Qwen/Qwen1.5-7B,7.0,BnB.4bit,SDPA,No Kernel,pytorch,1.065,12.302,0.025886601661249547,0.14971513267029332,0.08128759551292473,3.5
1xT4,Qwen/Qwen1.5-7B,7.0,BnB.4bit,Eager,No Kernel,pytorch,1.0,12.987,0.02756923076923077,0.15805157112576002,0.077000077000077,3.5
1xT4,Qwen/Qwen1.5-7B,7.0,BnB.4bit,SDPA,No Kernel,pytorch,0.994,13.068,0.027735644637053088,0.15903733976064,0.07652280379553107,3.5
1xT4,Qwen/Qwen1.5-7B,7.0,AWQ.4bit,Eager,AWQ.GEMM,pytorch,0.426,21.243,0.06471650415312387,0.25852695198463993,0.047074330367650526,3.5
1xT4,Qwen/Qwen1.5-7B,7.0,AWQ.4bit,Eager,AWQ.GEMM,pytorch,0.385,21.623,0.07160839160839161,0.26315154558037335,0.04624705175045091,3.5
1xT4,Qwen/Qwen1.5-7B,7.0,AWQ.4bit,SDPA,AWQ.GEMM,pytorch,0.417,23.466,0.06611326323556539,0.28558082451968003,0.04261484701269922,3.5
1xT4,Qwen/Qwen1.5-7B,7.0,AWQ.4bit,SDPA,AWQ.GEMM,pytorch,0.403,23.726,0.06841000190876122,0.28874502013781334,0.042147854674197086,3.5
1xT4,Qwen/Qwen1.5-7B,7.0,AWQ.4bit,Eager,AWQ.GEMV,pytorch,0.375,26.856,0.07351794871794871,0.32683706738688,0.037235627047959484,3.5
1xT4,Qwen/Qwen1.5-7B,7.0,AWQ.4bit,Eager,AWQ.GEMV,pytorch,0.366,27.708,0.07532576712904582,0.33720589302784,0.03609065973726,3.5
1xT4,Qwen/Qwen1.5-7B,7.0,AWQ.4bit,Eager,No Kernel,pytorch,0.228,28.286,0.12091767881241565,0.34424014328661334,0.03535317825072474,3.5
1xT4,Qwen/Qwen1.5-7B,7.0,AWQ.4bit,Eager,No Kernel,pytorch,3.148,28.604,0.008757697194800117,0.3481101979272533,0.03496014543420501,3.5
1xT4,Qwen/Qwen1.5-7B,7.0,GPTQ.4bit,Eager,GPTQ.ExllamaV2,pytorch,0.207,28.639,0.13318468970642883,0.34853614733738664,0.03491742030098816,3.5
1xT4,Qwen/Qwen1.5-7B,7.0,GPTQ.4bit,Eager,GPTQ.ExllamaV1,pytorch,0.208,28.758,0.13254437869822486,0.34998437533184,0.03477293274914806,3.5
1xT4,Qwen/Qwen1.5-7B,7.0,GPTQ.4bit,Eager,GPTQ.ExllamaV1,pytorch,0.207,28.81,0.13318468970642883,0.3506172144554667,0.034710170079833395,3.5
1xT4,Qwen/Qwen1.5-7B,7.0,GPTQ.4bit,Eager,GPTQ.ExllamaV2,pytorch,0.209,28.895,0.1319101950680898,0.3516516630229334,0.03460806367883717,3.5
1xT4,Qwen/Qwen1.5-7B,7.0,AWQ.4bit,Eager,No Kernel,pytorch,0.224,29.26,0.12307692307692308,0.35609370687146674,0.034176349965823645,3.5
1xT4,Qwen/Qwen1.5-7B,7.0,AWQ.4bit,Eager,No Kernel,pytorch,2.905,29.432,0.009490268767377201,0.35818694397269335,0.03397662408263115,3.5
1xT4,Qwen/Qwen1.5-7B,7.0,AWQ.4bit,SDPA,AWQ.GEMV,pytorch,0.36,30.832,0.07658119658119658,0.3752249203780267,0.03243383497664764,3.5
1xT4,Qwen/Qwen1.5-7B,7.0,AWQ.4bit,SDPA,AWQ.GEMV,pytorch,0.371,30.842,0.07431059506531204,0.37534662020949333,0.03242331885091758,3.5
1xT4,Qwen/Qwen1.5-7B,7.0,GPTQ.4bit,SDPA,GPTQ.ExllamaV2,pytorch,0.201,32.171,0.13716035208572522,0.39152052781141333,0.031083895433775762,3.5
1xT4,Qwen/Qwen1.5-7B,7.0,AWQ.4bit,SDPA,No Kernel,pytorch,0.221,32.925,0.12474765053950575,0.40069669510399997,0.030372057706909646,3.5
1xT4,Qwen/Qwen1.5-7B,7.0,GPTQ.4bit,SDPA,GPTQ.ExllamaV2,pytorch,0.2,33.053,0.13784615384615384,0.4022544529467733,0.030254439839046382,3.5
1xT4,Qwen/Qwen1.5-7B,7.0,GPTQ.4bit,SDPA,GPTQ.ExllamaV1,pytorch,0.201,33.28,0.13716035208572522,0.4050170391210667,0.03004807692307692,3.5
1xT4,Qwen/Qwen1.5-7B,7.0,GPTQ.4bit,SDPA,GPTQ.ExllamaV1,pytorch,0.2,33.367,0.13784615384615384,0.40607582765482664,0.02996973057212216,3.5
1xT4,Qwen/Qwen1.5-7B,7.0,AWQ.4bit,SDPA,No Kernel,pytorch,2.934,33.786,0.00939646583818363,0.41117505059327997,0.0295980583673711,3.5
1xT4,Deci/DeciLM-7B,7.0,GPTQ.4bit,Eager,GPTQ.ExllamaV1,pytorch,0.785,1.347,0.035120039196472316,0.016392967298559998,0.7423904974016333,3.5
1xT4,Deci/DeciLM-7B,7.0,GPTQ.4bit,Eager,GPTQ.ExllamaV2,pytorch,0.785,1.349,0.035120039196472316,0.016417307264853333,0.7412898443291327,3.5
1xT4,Deci/DeciLM-7B,7.0,GPTQ.4bit,FAv2,GPTQ.ExllamaV2,pytorch,0.788,1.35,0.034986333463490824,0.016429477248,0.7407407407407407,3.5
1xT4,Deci/DeciLM-7B,7.0,GPTQ.4bit,FAv2,GPTQ.ExllamaV1,pytorch,0.784,1.35,0.035164835164835165,0.016429477248,0.7407407407407407,3.5
1xT4,Deci/DeciLM-7B,7.0,BnB.8bit,FAv2,No Kernel,pytorch,0.128,8.314,0.2153846153846154,0.19817790654805334,0.12027904738994467,7.0
1xT4,Deci/DeciLM-7B,7.0,BnB.8bit,Eager,No Kernel,pytorch,0.125,8.418,0.22055384615384616,0.20065691812863998,0.11879306248515088,7.0
1xT4,Deci/DeciLM-7B,7.0,BnB.8bit,Eager,No Kernel,pytorch,0.124,8.561,0.22233250620347395,0.20406555905194668,0.11680878402055835,7.0
1xT4,Deci/DeciLM-7B,7.0,BnB.8bit,FAv2,No Kernel,pytorch,0.124,8.629,0.22233250620347395,0.20568645123925333,0.11588828369451849,7.0
1xT4,Deci/DeciLM-7B,7.0,BnB.4bit,FAv2,No Kernel,pytorch,1.103,12.778,0.02499476950972871,0.15550804464810666,0.07825950853028643,3.5
1xT4,Deci/DeciLM-7B,7.0,BnB.4bit,Eager,No Kernel,pytorch,1.098,12.825,0.025108589043015273,0.156080033856,0.07797270955165693,3.5
1xT4,Deci/DeciLM-7B,7.0,BnB.4bit,FAv2,No Kernel,pytorch,1.03,13.589,0.02676624346527259,0.16537790098005334,0.07358893222459342,3.5
1xT4,Deci/DeciLM-7B,7.0,BnB.4bit,Eager,No Kernel,pytorch,1.029,13.599,0.026792255363683938,0.16549960081152001,0.07353481873667181,3.5
1xT4,Deci/DeciLM-7B,7.0,Unquantized,FAv2,No Kernel,pytorch,1.405,15.985,0.039244456611004654,0.7540121805994666,0.06255864873318737,14.0
1xT4,Deci/DeciLM-7B,7.0,Unquantized,Eager,No Kernel,pytorch,1.403,15.997,0.0393004002412413,0.7545782203972267,0.06251172094767769,14.0
1xT4,Deci/DeciLM-7B,7.0,Unquantized,Eager,No Kernel,pytorch,1.311,16.239,0.04205832306518805,0.76599335631872,0.06158014656074881,14.0
1xT4,Deci/DeciLM-7B,7.0,Unquantized,FAv2,No Kernel,pytorch,0.217,16.243,0.2540942928039702,0.7661820362513067,0.06156498183833036,14.0
1xT4,Deci/DeciLM-7B,7.0,Unquantized,FAv2,No Kernel,pytorch,1.311,16.247,0.04205832306518805,0.7663707161838933,0.061549824582999936,14.0
1xT4,Deci/DeciLM-7B,7.0,Unquantized,Eager,No Kernel,pytorch,0.214,16.274,0.25765636232925954,0.7676443057288534,0.061447708000491576,14.0
1xT4,Deci/DeciLM-7B,7.0,Unquantized,FAv2,No Kernel,pytorch,0.199,16.493,0.27707769617317357,0.7779745320379732,0.06063178318074335,14.0
1xT4,Deci/DeciLM-7B,7.0,Unquantized,Eager,No Kernel,pytorch,0.198,16.495,0.2784770784770785,0.7780688720042667,0.06062443164595332,14.0
1xT4,Deci/DeciLM-7B,7.0,AWQ.4bit,FAv2,AWQ.GEMM,pytorch,0.424,24.548,0.06502177068214804,0.2987487462843733,0.040736516213133456,3.5
1xT4,Deci/DeciLM-7B,7.0,AWQ.4bit,Eager,AWQ.GEMM,pytorch,0.433,24.625,0.06367027891277315,0.2996858349866667,0.04060913705583756,3.5
1xT4,Deci/DeciLM-7B,7.0,AWQ.4bit,Eager,AWQ.GEMM,pytorch,0.418,24.689,0.0659550975340449,0.30046471390805335,0.0405038681194054,3.5
1xT4,Deci/DeciLM-7B,7.0,AWQ.4bit,FAv2,AWQ.GEMM,pytorch,0.418,24.967,0.0659550975340449,0.3038479692228266,0.040052869788120324,3.5
1xT4,Deci/DeciLM-7B,7.0,GPTQ.4bit,Eager,GPTQ.ExllamaV1,pytorch,0.196,26.535,0.14065934065934066,0.3229305027968,0.03768607499528924,3.5
1xT4,Deci/DeciLM-7B,7.0,GPTQ.4bit,FAv2,GPTQ.ExllamaV1,pytorch,0.196,30.249,0.14065934065934066,0.36812982020352003,0.03305894409732553,3.5
1xT4,Deci/DeciLM-7B,7.0,AWQ.4bit,FAv2,AWQ.GEMV,pytorch,0.373,32.616,0.07391214683439884,0.39693617031167994,0.030659798871719404,3.5
1xT4,Deci/DeciLM-7B,7.0,AWQ.4bit,Eager,AWQ.GEMV,pytorch,0.373,32.667,0.07391214683439884,0.39755683945216,0.0306119325313007,3.5
1xT4,Deci/DeciLM-7B,7.0,AWQ.4bit,FAv2,AWQ.GEMV,pytorch,0.374,32.669,0.0737145207733443,0.3975811794184533,0.03061005846521167,3.5
1xT4,Deci/DeciLM-7B,7.0,AWQ.4bit,Eager,AWQ.GEMV,pytorch,0.372,33.831,0.07411083540115798,0.41172269983488,0.02955868877656587,3.5
1xT4,Deci/DeciLM-7B,7.0,AWQ.4bit,Eager,No Kernel,pytorch,3.243,34.313,0.00850115040679333,0.41758863171157334,0.029143473319150175,3.5
1xT4,Deci/DeciLM-7B,7.0,GPTQ.4bit,Eager,GPTQ.ExllamaV2,pytorch,0.197,34.53,0.1399453338539633,0.4202295180544,0.028960324355632783,3.5
1xT4,Deci/DeciLM-7B,7.0,AWQ.4bit,FAv2,No Kernel,pytorch,3.244,34.55,0.008498529830219103,0.4204729177173333,0.028943560057887122,3.5
1xT4,Deci/DeciLM-7B,7.0,GPTQ.4bit,FAv2,GPTQ.ExllamaV2,pytorch,0.197,34.816,0.1399453338539633,0.4237101332343467,0.028722426470588234,3.5
1xT4,Deci/DeciLM-7B,7.0,AWQ.4bit,Eager,No Kernel,pytorch,3.063,35.495,0.009000728295537306,0.43197355179093333,0.028172982110156362,3.5
1xT4,Deci/DeciLM-7B,7.0,AWQ.4bit,FAv2,No Kernel,pytorch,3.064,35.592,0.008997790721028319,0.43315404015616,0.02809620139357159,3.5
1xT4,mistralai/Mistral-7B-v0.1,7.0,BnB.8bit,Eager,No Kernel,pytorch,0.126,8.013,0.2188034188034188,0.19100307495424,0.12479720454261825,7.0
1xT4,mistralai/Mistral-7B-v0.1,7.0,BnB.8bit,SDPA,No Kernel,pytorch,0.119,8.374,0.2316742081447964,0.19960810553685335,0.11941724385001193,7.0
1xT4,mistralai/Mistral-7B-v0.1,7.0,BnB.4bit,Eager,No Kernel,pytorch,1.031,13.101,0.026740282026412,0.15943894920448004,0.07633005114113425,3.5
1xT4,mistralai/Mistral-7B-v0.1,7.0,BnB.4bit,SDPA,No Kernel,pytorch,1.026,13.187,0.02687059529164792,0.16048556775509332,0.0758322590429969,3.5
1xT4,mistralai/Mistral-7B-v0.1,7.0,Unquantized,SDPA,No Kernel,pytorch,1.319,15.459,0.04180323088586925,0.72920076946432,0.06468723720809884,14.0
1xT4,mistralai/Mistral-7B-v0.1,7.0,Unquantized,Eager,No Kernel,pytorch,1.315,15.474,0.04193038900263235,0.72990831921152,0.06462453147214682,14.0
1xT4,mistralai/Mistral-7B-v0.1,7.0,Unquantized,SDPA,No Kernel,pytorch,0.203,15.645,0.2716180371352785,0.7379743863295999,0.06391818472355386,14.0
1xT4,mistralai/Mistral-7B-v0.1,7.0,Unquantized,Eager,No Kernel,pytorch,0.207,15.682,0.26636937941285765,0.7397196757060267,0.06376737661012626,14.0
1xT4,mistralai/Mistral-7B-v0.1,7.0,GPTQ.4bit,Eager,GPTQ.ExllamaV1,pytorch,0.202,25.667,0.1364813404417365,0.31236695742549336,0.03896053298009117,3.5
1xT4,mistralai/Mistral-7B-v0.1,7.0,GPTQ.4bit,Eager,GPTQ.ExllamaV2,pytorch,0.203,26.017,0.13580901856763924,0.31662645152682667,0.03843640696467694,3.5
1xT4,mistralai/Mistral-7B-v0.1,7.0,GPTQ.4bit,SDPA,GPTQ.ExllamaV2,pytorch,0.196,28.291,0.14065934065934066,0.34430099320234675,0.03534693011911915,3.5
1xT4,mistralai/Mistral-7B-v0.1,7.0,GPTQ.4bit,SDPA,GPTQ.ExllamaV1,pytorch,0.196,29.285,0.14065934065934066,0.3563979564501333,0.034147174321324913,3.5
1xT4,TencentARC/Mistral_Pro_8B_v0.1,8.0,BnB.8bit,Eager,No Kernel,pytorch,0.166,6.123,0.18980537534754402,0.16636180680704,0.16331863465621427,8.0
1xT4,TencentARC/Mistral_Pro_8B_v0.1,8.0,BnB.8bit,SDPA,No Kernel,pytorch,0.157,6.445,0.2006859382655561,0.17511054138026666,0.1551590380139643,8.0
1xT4,TencentARC/Mistral_Pro_8B_v0.1,8.0,BnB.4bit,Eager,No Kernel,pytorch,1.328,10.282,0.023725671918443002,0.14226843338069334,0.09725734292939117,4.0
1xT4,TencentARC/Mistral_Pro_8B_v0.1,8.0,BnB.4bit,SDPA,No Kernel,pytorch,1.321,10.355,0.02385139463110697,0.1432785088170667,0.09657170449058425,4.0
1xT4,TencentARC/Mistral_Pro_8B_v0.1,8.0,BnB.4bit,Eager,No Kernel,pytorch,1.332,10.38,0.023654423654423655,0.14362442506240003,0.09633911368015413,4.0
1xT4,TencentARC/Mistral_Pro_8B_v0.1,8.0,AWQ.4bit,SDPA,AWQ.GEMM,pytorch,0.495,14.213,0.06365190365190365,0.19666030379690666,0.07035812284528249,4.0
1xT4,TencentARC/Mistral_Pro_8B_v0.1,8.0,AWQ.4bit,Eager,AWQ.GEMM,pytorch,0.501,17.124,0.06288960540457546,0.23693879140352,0.0583975706610605,4.0
1xT4,TencentARC/Mistral_Pro_8B_v0.1,8.0,AWQ.4bit,SDPA,No Kernel,pytorch,0.26,19.207,0.12118343195266272,0.2657605329646933,0.052064351538501585,4.0
1xT4,TencentARC/Mistral_Pro_8B_v0.1,8.0,AWQ.4bit,Eager,No Kernel,pytorch,0.27,21.618,0.11669515669515668,0.29912069566464,0.04625774817281895,4.0
1xT4,TencentARC/Mistral_Pro_8B_v0.1,8.0,AWQ.4bit,Eager,AWQ.GEMV,pytorch,0.479,21.908,0.06577806327284406,0.3031333241105067,0.045645426328281904,4.0
1xT4,TencentARC/Mistral_Pro_8B_v0.1,8.0,AWQ.4bit,Eager,No Kernel,pytorch,4.042,22.122,0.007795074791611159,0.30609436717056,0.04520386945122502,4.0
1xT4,TencentARC/Mistral_Pro_8B_v0.1,8.0,GPTQ.4bit,Eager,GPTQ.ExllamaV2,pytorch,0.252,22.156,0.12503052503052503,0.30656481326421325,0.04513450081242102,4.0
1xT4,TencentARC/Mistral_Pro_8B_v0.1,8.0,GPTQ.4bit,Eager,GPTQ.ExllamaV1,pytorch,0.251,22.213,0.12552865461231996,0.30735350230357333,0.045018682753342636,4.0
1xT4,TencentARC/Mistral_Pro_8B_v0.1,8.0,AWQ.4bit,SDPA,AWQ.GEMV,pytorch,0.463,23.597,0.06805117129091211,0.32650342564522666,0.042378268423952196,4.0
1xT4,TencentARC/Mistral_Pro_8B_v0.1,8.0,AWQ.4bit,SDPA,No Kernel,pytorch,4.03,23.806,0.007818285932429852,0.3293952854562133,0.04200621692010417,4.0
1xT4,TencentARC/Mistral_Pro_8B_v0.1,8.0,GPTQ.4bit,SDPA,GPTQ.ExllamaV2,pytorch,0.243,24.907,0.12966128521684078,0.34462943690069336,0.04014935560284257,4.0
1xT4,TencentARC/Mistral_Pro_8B_v0.1,8.0,GPTQ.4bit,SDPA,GPTQ.ExllamaV1,pytorch,0.244,25.446,0.1291298865069357,0.35208739115008,0.039298907490371765,4.0
1xT4,stabilityai/stablelm-2-12b,12.0,BnB.8bit,Eager,No Kernel,pytorch,0.224,4.921,0.210989010989011,0.19931682039808,0.203210729526519,12.0
1xT4,stabilityai/stablelm-2-12b,12.0,BnB.8bit,SDPA,No Kernel,pytorch,0.218,5.064,0.21679604798870855,0.20510879465471998,0.19747235387045814,12.0
1xT4,stabilityai/stablelm-2-12b,12.0,BnB.4bit,Eager,No Kernel,pytorch,1.542,7.685,0.030649506135887458,0.15756798714879997,0.13012361743656475,6.0
1xT4,stabilityai/stablelm-2-12b,12.0,BnB.4bit,SDPA,No Kernel,pytorch,1.539,7.966,0.03070925176188334,0.16332941907968002,0.12553351744915892,6.0
1xT4,stabilityai/stablelm-2-12b,12.0,GPTQ.4bit,Eager,GPTQ.ExllamaV2,pytorch,0.314,13.179,0.15051445369916708,0.27021320788992,0.0758782912208817,6.0
1xT4,stabilityai/stablelm-2-12b,12.0,GPTQ.4bit,Eager,GPTQ.ExllamaV1,pytorch,0.314,13.221,0.15051445369916708,0.27107434718208,0.0756372437788367,6.0
1xT4,stabilityai/stablelm-2-12b,12.0,GPTQ.4bit,SDPA,GPTQ.ExllamaV1,pytorch,0.306,14.146,0.15444947209653093,0.29003991492608,0.07069136151562279,6.0
1xT4,stabilityai/stablelm-2-12b,12.0,GPTQ.4bit,SDPA,GPTQ.ExllamaV2,pytorch,0.306,14.582,0.15444947209653093,0.29897936091136,0.06857769853243725,6.0
1xT4,01-ai/Yi-6B,6.0,GPTQ.4bit,Eager,GPTQ.ExllamaV2,pytorch,0.662,1.634,0.03569602602835231,0.01684116165632,0.6119951040391677,3.0
1xT4,01-ai/Yi-6B,6.0,GPTQ.4bit,Eager,GPTQ.ExllamaV1,pytorch,0.66,1.635,0.035804195804195804,0.0168514683648,0.6116207951070336,3.0
1xT4,01-ai/Yi-6B,6.0,GPTQ.4bit,SDPA,GPTQ.ExllamaV2,pytorch,0.654,1.636,0.03613267466478476,0.01686177507328,0.6112469437652812,3.0
1xT4,01-ai/Yi-6B,6.0,GPTQ.4bit,SDPA,GPTQ.ExllamaV1,pytorch,0.652,1.639,0.036243511090136855,0.01689269519872,0.6101281269066504,3.0
1xT4,01-ai/Yi-6B,6.0,BnB.8bit,Eager,No Kernel,pytorch,0.123,8.278,0.19212007504690432,0.16809893279744,0.12080212611741965,6.0
1xT4,01-ai/Yi-6B,6.0,BnB.8bit,Eager,No Kernel,pytorch,0.123,8.352,0.19212007504690432,0.16960162922496,0.11973180076628352,6.0
1xT4,01-ai/Yi-6B,6.0,BnB.8bit,SDPA,No Kernel,pytorch,0.119,8.551,0.19857789269553974,0.17364266421248,0.1169453865045024,6.0
1xT4,01-ai/Yi-6B,6.0,BnB.8bit,SDPA,No Kernel,pytorch,0.118,8.673,0.20026075619295958,0.17612008264704,0.11530035743110803,6.0
1xT4,01-ai/Yi-6B,6.0,BnB.4bit,Eager,No Kernel,pytorch,0.864,15.557,0.02735042735042735,0.16034146382336,0.064279745452208,3.0
1xT4,01-ai/Yi-6B,6.0,BnB.4bit,Eager,No Kernel,pytorch,0.854,15.657,0.027670689965771933,0.16137213467136,0.06386919588682378,3.0
1xT4,01-ai/Yi-6B,6.0,BnB.4bit,SDPA,No Kernel,pytorch,0.857,15.658,0.027573826406965263,0.16138244137984,0.06386511687316387,3.0
1xT4,01-ai/Yi-6B,6.0,BnB.4bit,SDPA,No Kernel,pytorch,0.853,15.776,0.027703129227162053,0.16259863298047997,0.06338742393509128,3.0
1xT4,01-ai/Yi-6B,6.0,Unquantized,SDPA,No Kernel,pytorch,1.14,18.622,0.04145748987854251,0.7505915253145601,0.05369992482010525,12.0
1xT4,01-ai/Yi-6B,6.0,Unquantized,Eager,No Kernel,pytorch,1.144,18.628,0.041312533620225925,0.75083336556544,0.05368262830148164,12.0
1xT4,01-ai/Yi-6B,6.0,Unquantized,Eager,No Kernel,pytorch,1.107,18.709,0.04269335001042318,0.75409820895232,0.05345021112833396,12.0
1xT4,01-ai/Yi-6B,6.0,Unquantized,SDPA,No Kernel,pytorch,1.102,18.711,0.04288705849504398,0.7541788223692799,0.05344449788894234,12.0
1xT4,01-ai/Yi-6B,6.0,Unquantized,SDPA,No Kernel,pytorch,0.183,18.825,0.2582597730138714,0.758773787136,0.05312084993359894,12.0
1xT4,01-ai/Yi-6B,6.0,Unquantized,Eager,No Kernel,pytorch,0.185,18.906,0.2554677754677755,0.7620386305228799,0.052893261398497836,12.0
1xT4,01-ai/Yi-6B,6.0,Unquantized,SDPA,No Kernel,pytorch,0.171,18.922,0.27638326585695006,0.7626835378585599,0.05284853609555015,12.0
1xT4,01-ai/Yi-6B,6.0,Unquantized,Eager,No Kernel,pytorch,0.178,18.993,0.265514261019879,0.76554531416064,0.052650976675617335,12.0
1xT4,01-ai/Yi-6B,6.0,AWQ.4bit,Eager,AWQ.GEMM,pytorch,0.322,23.306,0.07338748208313425,0.24020814783488004,0.042907405818244225,3.0
1xT4,01-ai/Yi-6B,6.0,AWQ.4bit,Eager,AWQ.GEMM,pytorch,0.315,23.743,0.07501831501831502,0.24471217944063997,0.04211767678894832,3.0
1xT4,01-ai/Yi-6B,6.0,AWQ.4bit,SDPA,AWQ.GEMM,pytorch,0.323,26.237,0.07316027625625149,0.27041711038975996,0.038114113656286926,3.0
1xT4,01-ai/Yi-6B,6.0,AWQ.4bit,SDPA,AWQ.GEMM,pytorch,0.316,26.396,0.0747809152872444,0.27205587703808004,0.03788452795878163,3.0
1xT4,01-ai/Yi-6B,6.0,AWQ.4bit,Eager,No Kernel,pytorch,2.48,29.486,0.009528535980148883,0.30390360624127993,0.03391440005426304,3.0
1xT4,01-ai/Yi-6B,6.0,AWQ.4bit,Eager,AWQ.GEMV,pytorch,0.312,30.1,0.0757396449704142,0.31023192524800003,0.03322259136212624,3.0
1xT4,01-ai/Yi-6B,6.0,AWQ.4bit,Eager,AWQ.GEMV,pytorch,0.312,31.028,0.0757396449704142,0.31979655071743995,0.03222895449271626,3.0
1xT4,01-ai/Yi-6B,6.0,AWQ.4bit,Eager,No Kernel,pytorch,0.188,31.098,0.12569558101472994,0.32051802031104,0.032156408772268316,3.0
1xT4,01-ai/Yi-6B,6.0,GPTQ.4bit,Eager,GPTQ.ExllamaV1,pytorch,0.175,31.148,0.13503296703296702,0.32103335573504,0.032104790034673175,3.0
1xT4,01-ai/Yi-6B,6.0,AWQ.4bit,Eager,No Kernel,pytorch,2.648,31.23,0.008924006507088078,0.3218785058304,0.03202049311559398,3.0
1xT4,01-ai/Yi-6B,6.0,GPTQ.4bit,Eager,GPTQ.ExllamaV2,pytorch,0.176,31.936,0.13426573426573427,0.3291550420172801,0.031312625250501,3.0
1xT4,01-ai/Yi-6B,6.0,AWQ.4bit,Eager,No Kernel,pytorch,0.185,32.777,0.12773388773388775,0.33782298384896,0.03050919852335479,3.0
1xT4,01-ai/Yi-6B,6.0,AWQ.4bit,SDPA,AWQ.GEMV,pytorch,0.3,34.767,0.07876923076923077,0.35833333372416004,0.028762907354675408,3.0
1xT4,01-ai/Yi-6B,6.0,AWQ.4bit,SDPA,AWQ.GEMV,pytorch,0.3,35.517,0.07876923076923077,0.36606336508416004,0.02815553115409522,3.0
1xT4,01-ai/Yi-6B,6.0,GPTQ.4bit,SDPA,GPTQ.ExllamaV2,pytorch,0.169,36.822,0.139827036868457,0.37951361965056,0.0271576774754223,3.0
1xT4,01-ai/Yi-6B,6.0,AWQ.4bit,SDPA,No Kernel,pytorch,0.18,36.882,0.13128205128205128,0.38013202215936,0.027113497098855813,3.0
1xT4,01-ai/Yi-6B,6.0,AWQ.4bit,SDPA,No Kernel,pytorch,2.636,37.224,0.00896463172639197,0.38365691645952,0.02686438856651623,3.0
1xT4,01-ai/Yi-6B,6.0,AWQ.4bit,SDPA,No Kernel,pytorch,0.177,37.393,0.13350717079530638,0.38539875019264,0.026742973283769688,3.0
1xT4,01-ai/Yi-6B,6.0,GPTQ.4bit,SDPA,GPTQ.ExllamaV1,pytorch,0.169,37.662,0.139827036868457,0.38817125477375997,0.026551962190005843,3.0
1xT4,01-ai/Yi-6B,6.0,AWQ.4bit,SDPA,No Kernel,pytorch,2.485,37.93,0.00950936387556106,0.3909334526464,0.026364355391510677,3.0
1xT4,google/recurrentgemma-9b,9.0,BnB.8bit,Eager,No Kernel,pytorch,0.661,6.27,0.05362504364017223,0.1912557943296,0.1594896331738437,9.0
1xT4,google/recurrentgemma-9b,9.0,BnB.4bit,Eager,No Kernel,pytorch,1.269,10.14,0.027932351336606657,0.15720362910720004,0.09861932938856015,4.5
1xT4,google/recurrentgemma-9b,9.0,AWQ.4bit,Eager,AWQ.GEMV,pytorch,0.811,13.389,0.043706724841126816,0.20757390435072,0.07468817686160281,4.5
1xT4,google/recurrentgemma-9b,9.0,AWQ.4bit,Eager,AWQ.GEMM,pytorch,0.628,14.296,0.05644292013718765,0.22163541239808002,0.06994963626189143,4.5
1xT4,google/recurrentgemma-9b,9.0,GPTQ.4bit,Eager,GPTQ.ExllamaV2,pytorch,0.567,17.506,0.06251526251526252,0.27140105829888,0.05712327202102136,4.5
1xT4,google/recurrentgemma-9b,9.0,GPTQ.4bit,Eager,GPTQ.ExllamaV1,pytorch,0.556,17.821,0.06375207526286664,0.27628460299008,0.05611357387352,4.5
1xT4,meta-llama/Meta-Llama-3-8B,8.0,BnB.8bit,Eager,No Kernel,pytorch,0.131,7.701,0.24051673517322372,0.20923604021247996,0.12985326580963513,8.0
1xT4,meta-llama/Meta-Llama-3-8B,8.0,BnB.8bit,SDPA,No Kernel,pytorch,0.126,7.948,0.25006105006105006,0.21594702604970667,0.12581781580271767,8.0
1xT4,meta-llama/Meta-Llama-3-8B,8.0,BnB.8bit,Eager,No Kernel,pytorch,0.126,7.964,0.25006105006105006,0.21638174578005334,0.12556504269211452,8.0
1xT4,meta-llama/Meta-Llama-3-8B,8.0,BnB.8bit,SDPA,No Kernel,pytorch,0.118,8.459,0.26701434159061277,0.22983088743765334,0.11821728336682824,8.0
1xT4,meta-llama/Meta-Llama-3-8B,8.0,BnB.4bit,Eager,No Kernel,pytorch,1.038,12.51,0.030354231510300873,0.17309648916479997,0.07993605115907275,4.0
1xT4,meta-llama/Meta-Llama-3-8B,8.0,BnB.4bit,Eager,No Kernel,pytorch,1.032,12.583,0.030530709600477043,0.17410656460117332,0.07947230390209012,4.0
1xT4,meta-llama/Meta-Llama-3-8B,8.0,BnB.4bit,SDPA,No Kernel,pytorch,1.035,12.617,0.030442214790040882,0.17457701069482667,0.0792581437742728,4.0
1xT4,meta-llama/Meta-Llama-3-8B,8.0,BnB.4bit,SDPA,No Kernel,pytorch,1.031,12.691,0.03056032231589943,0.17560092278101336,0.0787959971633441,4.0
1xT4,meta-llama/Meta-Llama-3-8B,8.0,AWQ.4bit,Eager,AWQ.GEMM,pytorch,0.407,22.442,0.07741447741447742,0.3105220951108267,0.04455930843953302,4.0
1xT4,meta-llama/Meta-Llama-3-8B,8.0,AWQ.4bit,SDPA,AWQ.GEMM,pytorch,0.417,23.938,0.07555801512636046,0.3312217232315733,0.04177458434288579,4.0
1xT4,meta-llama/Meta-Llama-3-8B,8.0,GPTQ.4bit,Eager,GPTQ.ExllamaV2,pytorch,0.207,27.542,0.1522110739502044,0.3810890091588267,0.03630818386464309,4.0
1xT4,meta-llama/Meta-Llama-3-8B,8.0,GPTQ.4bit,Eager,GPTQ.ExllamaV1,pytorch,0.207,27.873,0.1522110739502044,0.38566894024704,0.03587701359738815,4.0
1xT4,meta-llama/Meta-Llama-3-8B,8.0,AWQ.4bit,Eager,AWQ.GEMV,pytorch,0.375,28.141,0.08402051282051282,0.3893771623970133,0.035535339895526104,4.0
1xT4,meta-llama/Meta-Llama-3-8B,8.0,AWQ.4bit,Eager,No Kernel,pytorch,3.246,28.277,0.009706621166879948,0.3912589467716267,0.03536443045584751,4.0
1xT4,meta-llama/Meta-Llama-3-8B,8.0,AWQ.4bit,Eager,No Kernel,pytorch,0.22,28.465,0.14321678321678322,0.3938602369365333,0.03513086246267346,4.0
1xT4,meta-llama/Meta-Llama-3-8B,8.0,GPTQ.4bit,Eager,GPTQ.ExllamaV2,pytorch,0.208,28.752,0.1514792899408284,0.3978313554329599,0.034780189204229275,4.0
1xT4,meta-llama/Meta-Llama-3-8B,8.0,GPTQ.4bit,Eager,GPTQ.ExllamaV1,pytorch,0.207,29.229,0.1522110739502044,0.40443143739392,0.03421259707824421,4.0
1xT4,meta-llama/Meta-Llama-3-8B,8.0,AWQ.4bit,SDPA,AWQ.GEMV,pytorch,0.368,31.411,0.08561872909698996,0.4346230072866133,0.03183598102575531,4.0
1xT4,meta-llama/Meta-Llama-3-8B,8.0,GPTQ.4bit,SDPA,GPTQ.ExllamaV1,pytorch,0.199,31.639,0.1583301120989563,0.4377777634440533,0.031606561522172005,4.0
1xT4,meta-llama/Meta-Llama-3-8B,8.0,GPTQ.4bit,SDPA,GPTQ.ExllamaV2,pytorch,0.199,31.973,0.1583301120989563,0.44239920448170666,0.03127638945360148,4.0
1xT4,meta-llama/Meta-Llama-3-8B,8.0,AWQ.4bit,SDPA,No Kernel,pytorch,0.212,32.919,0.14862119013062408,0.45548867520511993,0.03037759348704396,4.0
1xT4,meta-llama/Meta-Llama-3-8B,8.0,GPTQ.4bit,SDPA,GPTQ.ExllamaV1,pytorch,0.2,33.262,0.15753846153846154,0.4602346460910933,0.03006433768264085,4.0
1xT4,meta-llama/Meta-Llama-3-8B,8.0,AWQ.4bit,SDPA,No Kernel,pytorch,3.237,33.289,0.009733608992181744,0.46060823563605335,0.030039953137673103,4.0
1xT4,meta-llama/Meta-Llama-3-8B,8.0,GPTQ.4bit,SDPA,GPTQ.ExllamaV2,pytorch,0.2,33.483,0.15753846153846154,0.46329254569983996,0.02986590209957292,4.0
1xT4,Qwen/Qwen1.5-MoE-A2.7B,14.0,BnB.4bit,Eager,No Kernel,pytorch,0.802,1.675,0.06875119892576252,0.04040060693333334,0.5970149253731343,7.0
1xT4,Qwen/Qwen1.5-MoE-A2.7B,14.0,BnB.4bit,SDPA,No Kernel,pytorch,0.803,1.676,0.06866558099434812,0.04042472669866666,0.5966587112171838,7.0
1xT4,Qwen/Qwen1.5-MoE-A2.7B,14.0,BnB.4bit,Eager,No Kernel,pytorch,0.792,1.715,0.06961926961926962,0.041365397546666675,0.5830903790087463,7.0
1xT4,Qwen/Qwen1.5-MoE-A2.7B,14.0,BnB.4bit,SDPA,No Kernel,pytorch,0.785,1.729,0.07024007839294463,0.04170307426133334,0.578368999421631,7.0
1xT4,Qwen/Qwen1.5-4B,3.0,BnB.8bit,Eager,No Kernel,pytorch,0.158,6.551,0.0747809152872444,0.06751924725248,0.1526484506182262,3.0
1xT4,Qwen/Qwen1.5-4B,3.0,BnB.8bit,Eager,No Kernel,pytorch,0.154,6.704,0.07672327672327672,0.06909617364991999,0.14916467780429596,3.0
1xT4,Qwen/Qwen1.5-4B,3.0,BnB.8bit,SDPA,No Kernel,pytorch,0.152,6.756,0.07773279352226721,0.06963212249088001,0.14801657785671996,3.0
1xT4,Qwen/Qwen1.5-4B,3.0,BnB.8bit,SDPA,No Kernel,pytorch,0.147,7.017,0.08037676609105181,0.07232217340416,0.14251104460595695,3.0
1xT4,Qwen/Qwen1.5-4B,3.0,BnB.4bit,Eager,No Kernel,pytorch,0.459,13.424,0.025741578682755152,0.07123725463552,0.07449344457687723,1.5
1xT4,Qwen/Qwen1.5-4B,3.0,BnB.4bit,Eager,No Kernel,pytorch,0.484,14.111,0.024411951684678957,0.07488296336128,0.0708666997377932,1.5
1xT4,Qwen/Qwen1.5-4B,3.0,BnB.4bit,SDPA,No Kernel,pytorch,0.455,14.647,0.025967878275570584,0.07772735910655999,0.06827336655970506,1.5
1xT4,Qwen/Qwen1.5-4B,3.0,BnB.4bit,SDPA,No Kernel,pytorch,0.479,14.993,0.024666773727316526,0.07956348024064001,0.06669779230307477,1.5
1xT4,Qwen/Qwen1.5-4B,3.0,AWQ.4bit,Eager,AWQ.GEMM,pytorch,0.224,17.912,0.05274725274725275,0.09505376229375999,0.05582849486377848,1.5
1xT4,Qwen/Qwen1.5-4B,3.0,AWQ.4bit,Eager,AWQ.GEMM,pytorch,0.22,18.638,0.053706293706293706,0.09890643265024,0.053653825517759414,1.5
1xT4,Qwen/Qwen1.5-4B,3.0,AWQ.4bit,SDPA,AWQ.GEMM,pytorch,0.22,20.098,0.053706293706293706,0.10665422703104,0.04975619464623346,1.5
1xT4,Qwen/Qwen1.5-4B,3.0,AWQ.4bit,SDPA,AWQ.GEMM,pytorch,0.215,20.249,0.05495527728085867,0.10745554001152,0.04938515482246037,1.5
1xT4,Qwen/Qwen1.5-4B,3.0,Unquantized,Eager,No Kernel,pytorch,0.106,23.667,0.22293178519593615,0.4805988695961601,0.04225292601512654,6.0
1xT4,Qwen/Qwen1.5-4B,3.0,GPTQ.4bit,Eager,GPTQ.ExllamaV1,pytorch,0.116,24.1,0.10185676392572944,0.127891674368,0.04149377593360996,1.5
1xT4,Qwen/Qwen1.5-4B,3.0,AWQ.4bit,Eager,No Kernel,pytorch,0.122,24.218,0.09684741488020177,0.12851786596864,0.04129160128829796,1.5
1xT4,Qwen/Qwen1.5-4B,3.0,AWQ.4bit,Eager,No Kernel,pytorch,1.577,24.529,0.007492317447929369,0.13016825230592002,0.04076807044722573,1.5
1xT4,Qwen/Qwen1.5-4B,3.0,Unquantized,Eager,No Kernel,pytorch,0.658,24.674,0.0359130231470657,0.50104772503552,0.04052849152954527,6.0
1xT4,Qwen/Qwen1.5-4B,3.0,GPTQ.4bit,Eager,GPTQ.ExllamaV2,pytorch,0.115,24.752,0.10274247491638797,0.13135164829696,0.040400775694893344,1.5
1xT4,Qwen/Qwen1.5-4B,3.0,GPTQ.4bit,Eager,GPTQ.ExllamaV2,pytorch,0.115,24.76,0.10274247491638797,0.1313941019648,0.04038772213247173,1.5
1xT4,Qwen/Qwen1.5-4B,3.0,GPTQ.4bit,Eager,GPTQ.ExllamaV1,pytorch,0.114,24.783,0.10364372469635627,0.13151615625984,0.0403502400839285,1.5
1xT4,Qwen/Qwen1.5-4B,3.0,Unquantized,Eager,No Kernel,pytorch,0.704,24.938,0.033566433566433566,0.50640869607424,0.040099446627636544,6.0
1xT4,Qwen/Qwen1.5-4B,3.0,Unquantized,Eager,No Kernel,pytorch,0.113,25.075,0.2091218515997277,0.509190715136,0.03988035892323031,6.0
1xT4,Qwen/Qwen1.5-4B,3.0,Unquantized,SDPA,No Kernel,pytorch,0.654,25.165,0.03613267466478476,0.5110183188992,0.0397377309755613,6.0
1xT4,Qwen/Qwen1.5-4B,3.0,AWQ.4bit,Eager,No Kernel,pytorch,0.12,25.462,0.09846153846153846,0.13511941131776,0.039274212552038335,1.5
1xT4,Qwen/Qwen1.5-4B,3.0,AWQ.4bit,Eager,No Kernel,pytorch,1.461,25.611,0.008087190017374823,0.13591011088128,0.039045722541095625,1.5
1xT4,Qwen/Qwen1.5-4B,3.0,Unquantized,SDPA,No Kernel,pytorch,0.699,25.707,0.03380653681082866,0.52202455489536,0.03889991053020578,6.0
1xT4,Qwen/Qwen1.5-4B,3.0,Unquantized,SDPA,No Kernel,pytorch,0.111,26.126,0.2128898128898129,0.5305330657484801,0.03827604684988134,6.0
1xT4,Qwen/Qwen1.5-4B,3.0,Unquantized,SDPA,No Kernel,pytorch,0.1,26.169,0.2363076923076923,0.53140625421312,0.03821315296725133,6.0
1xT4,Qwen/Qwen1.5-4B,3.0,AWQ.4bit,SDPA,No Kernel,pytorch,0.114,28.116,0.10364372469635627,0.14920341562368,0.03556693697538768,1.5
1xT4,Qwen/Qwen1.5-4B,3.0,AWQ.4bit,SDPA,No Kernel,pytorch,0.116,28.55,0.10185676392572944,0.151506527104,0.03502626970227671,1.5
1xT4,Qwen/Qwen1.5-4B,3.0,GPTQ.4bit,SDPA,GPTQ.ExllamaV2,pytorch,0.11,28.553,0.10741258741258741,0.15152244722944003,0.03502258957027282,1.5
1xT4,Qwen/Qwen1.5-4B,3.0,GPTQ.4bit,SDPA,GPTQ.ExllamaV1,pytorch,0.109,28.881,0.10839802399435428,0.15326304761088,0.03462483986011565,1.5
1xT4,Qwen/Qwen1.5-4B,3.0,GPTQ.4bit,SDPA,GPTQ.ExllamaV2,pytorch,0.109,28.892,0.10839802399435428,0.15332142140415997,0.034611657206147034,1.5
1xT4,Qwen/Qwen1.5-4B,3.0,AWQ.4bit,SDPA,No Kernel,pytorch,1.582,29.1,0.007468637557133132,0.15442521676800003,0.034364261168384876,1.5
1xT4,Qwen/Qwen1.5-4B,3.0,GPTQ.4bit,SDPA,GPTQ.ExllamaV1,pytorch,0.11,29.223,0.10741258741258741,0.15507794191104002,0.034219621530985865,1.5
1xT4,Qwen/Qwen1.5-4B,3.0,AWQ.4bit,SDPA,No Kernel,pytorch,1.454,29.557,0.008126124219659296,0.15685038254335998,0.03383293297695977,1.5
1xT4,meta-llama/Llama-2-13b-hf,13.0,BnB.8bit,Eager,No Kernel,pytorch,0.191,6.733,0.2680628272251309,0.2970583799893333,0.1485222040695084,13.0
1xT4,meta-llama/Llama-2-13b-hf,13.0,BnB.8bit,SDPA,No Kernel,pytorch,0.179,7.144,0.2860335195530726,0.31519160354133335,0.13997760358342665,13.0
1xT4,meta-llama/Llama-2-13b-hf,13.0,BnB.4bit,Eager,No Kernel,pytorch,1.776,7.557,0.02882882882882883,0.16967806662400003,0.1323276432446738,6.5
1xT4,meta-llama/Llama-2-13b-hf,13.0,BnB.4bit,SDPA,No Kernel,pytorch,1.766,7.583,0.0289920724801812,0.17026184718933332,0.13187392852433075,6.5
1xT4,meta-llama/Llama-2-13b-hf,13.0,GPTQ.4bit,Eager,GPTQ.ExllamaV2,pytorch,0.357,24.184,0.1434173669467787,0.5430057381546667,0.04134965266291763,6.5
1xT4,meta-llama/Llama-2-13b-hf,13.0,GPTQ.4bit,Eager,GPTQ.ExllamaV1,pytorch,0.356,24.261,0.14382022471910114,0.544734626752,0.041218416388442355,6.5
1xT4,meta-llama/Llama-2-13b-hf,13.0,GPTQ.4bit,SDPA,GPTQ.ExllamaV1,pytorch,0.345,24.545,0.14840579710144927,0.5511113067733333,0.04074149521287431,6.5
1xT4,meta-llama/Llama-2-13b-hf,13.0,GPTQ.4bit,SDPA,GPTQ.ExllamaV2,pytorch,0.345,24.549,0.14840579710144927,0.551201119168,0.04073485681697829,6.5
1xT4,google/gemma-2-2b,2.0,BnB.8bit,Eager,No Kernel,pytorch,0.131,7.9,0.06012918379330593,0.05403348548266667,0.12658227848101264,2.0
1xT4,google/gemma-2-2b,2.0,BnB.8bit,SDPA,No Kernel,pytorch,0.124,8.217,0.06352357320099256,0.056201664583680006,0.12169891687963977,2.0
1xT4,google/gemma-2-2b,2.0,BnB.4bit,Eager,No Kernel,pytorch,0.308,14.01,0.025574425574425574,0.049123940710399994,0.07137758743754462,1.0
1xT4,google/gemma-2-2b,2.0,BnB.4bit,SDPA,No Kernel,pytorch,0.308,14.444,0.025574425574425574,0.05064569590442667,0.06923289947382996,1.0
1xT4,google/gemma-2-2b,2.0,AWQ.4bit,Eager,AWQ.GEMM,pytorch,0.138,17.929,0.057079152731326646,0.06286531998549333,0.05577555914998048,1.0
1xT4,google/gemma-2-2b,2.0,AWQ.4bit,SDPA,AWQ.GEMM,pytorch,0.138,18.786,0.057079152731326646,0.06587026054144,0.05323112956456936,1.0
1xT4,google/gemma-2-2b,2.0,Unquantized,SDPA,No Kernel,pytorch,0.33,19.432,0.04773892773892774,0.26245536159061333,0.0514615067929189,4.0
1xT4,google/gemma-2-2b,2.0,Unquantized,Eager,No Kernel,pytorch,0.325,19.627,0.04847337278106509,0.2650890995234133,0.05095022163346411,4.0
1xT4,google/gemma-2-2b,2.0,torchao.4bit,SDPA,No Kernel,pytorch,0.366,19.652,0.021521647751155948,0.06890675823274667,0.0508854060655404,1.0
1xT4,google/gemma-2-2b,2.0,Unquantized,Eager,No Kernel,pytorch,0.066,19.791,0.2386946386946387,0.26730414065664,0.05052801778586226,4.0
1xT4,google/gemma-2-2b,2.0,Unquantized,Eager,No Kernel,pytorch,0.384,20.337,0.041025641025641026,0.27467860686848,0.04917146088410287,4.0
1xT4,google/gemma-2-2b,2.0,AWQ.4bit,Eager,No Kernel,pytorch,0.081,20.519,0.09724596391263057,0.07194676227242666,0.04873531848530631,1.0
1xT4,google/gemma-2-2b,2.0,AWQ.4bit,Eager,AWQ.GEMV,pytorch,0.136,20.536,0.0579185520361991,0.07200637019477334,0.04869497467861316,1.0
1xT4,google/gemma-2-2b,2.0,torchao.4bit,Eager,No Kernel,pytorch,0.363,20.703,0.02169951260860352,0.07259193037311999,0.04830217842824711,1.0
1xT4,google/gemma-2-2b,2.0,AWQ.4bit,Eager,No Kernel,pytorch,0.968,20.906,0.00813731722822632,0.07330371909290667,0.04783315794508754,1.0
1xT4,google/gemma-2-2b,2.0,Unquantized,SDPA,No Kernel,pytorch,0.384,20.963,0.041025641025641026,0.28313358095018665,0.047703095930925914,4.0
1xT4,google/gemma-2-2b,2.0,GPTQ.4bit,Eager,GPTQ.ExllamaV2,pytorch,0.076,20.965,0.10364372469635627,0.07351059364693334,0.04769854519437157,1.0
1xT4,google/gemma-2-2b,2.0,Unquantized,SDPA,No Kernel,pytorch,0.066,21.109,0.2386946386946387,0.2851055078126934,0.04737315836846842,4.0
1xT4,google/gemma-2-2b,2.0,GPTQ.4bit,Eager,GPTQ.ExllamaV1,pytorch,0.076,21.924,0.10364372469635627,0.07687318173696,0.04561211457763182,1.0
1xT4,google/gemma-2-2b,2.0,AWQ.4bit,SDPA,AWQ.GEMV,pytorch,0.136,22.267,0.0579185520361991,0.07807585922901333,0.04490950734270445,1.0
1xT4,google/gemma-2-2b,2.0,AWQ.4bit,SDPA,No Kernel,pytorch,0.965,22.771,0.008162614587485054,0.07984305880917333,0.04391550656536823,1.0
1xT4,google/gemma-2-2b,2.0,AWQ.4bit,SDPA,No Kernel,pytorch,0.081,22.882,0.09724596391263057,0.08023226347861334,0.043702473560003494,1.0
1xT4,google/gemma-2-2b,2.0,GPTQ.4bit,SDPA,GPTQ.ExllamaV2,pytorch,0.076,23.247,0.10364372469635627,0.08151208063488,0.043016303178904806,1.0
1xT4,google/gemma-2-2b,2.0,GPTQ.4bit,SDPA,GPTQ.ExllamaV1,pytorch,0.076,23.306,0.10364372469635627,0.08171895518890668,0.042907405818244225,1.0
1xT4,google/gemma-2-2b,2.0,BnB.8bit,Eager,No Kernel,pytorch,0.131,7.9,0.06012918379330593,0.05403348548266667,0.12658227848101264,2.0
1xT4,google/gemma-2-2b,2.0,BnB.8bit,SDPA,No Kernel,pytorch,0.124,8.217,0.06352357320099256,0.056201664583680006,0.12169891687963977,2.0
1xT4,google/gemma-2-2b,2.0,BnB.4bit,Eager,No Kernel,pytorch,0.308,14.01,0.025574425574425574,0.049123940710399994,0.07137758743754462,1.0
1xT4,google/gemma-2-2b,2.0,BnB.4bit,SDPA,No Kernel,pytorch,0.308,14.444,0.025574425574425574,0.05064569590442667,0.06923289947382996,1.0
1xT4,google/gemma-2-2b,2.0,AWQ.4bit,Eager,AWQ.GEMM,pytorch,0.138,17.929,0.057079152731326646,0.06286531998549333,0.05577555914998048,1.0
1xT4,google/gemma-2-2b,2.0,AWQ.4bit,SDPA,AWQ.GEMM,pytorch,0.138,18.786,0.057079152731326646,0.06587026054144,0.05323112956456936,1.0
1xT4,google/gemma-2-2b,2.0,Unquantized,SDPA,No Kernel,pytorch,0.33,19.432,0.04773892773892774,0.26245536159061333,0.0514615067929189,4.0
1xT4,google/gemma-2-2b,2.0,Unquantized,Eager,No Kernel,pytorch,0.325,19.627,0.04847337278106509,0.2650890995234133,0.05095022163346411,4.0
1xT4,google/gemma-2-2b,2.0,torchao.4bit,SDPA,No Kernel,pytorch,0.366,19.652,0.021521647751155948,0.06890675823274667,0.0508854060655404,1.0
1xT4,google/gemma-2-2b,2.0,Unquantized,Eager,No Kernel,pytorch,0.066,19.791,0.2386946386946387,0.26730414065664,0.05052801778586226,4.0
1xT4,google/gemma-2-2b,2.0,Unquantized,Eager,No Kernel,pytorch,0.384,20.337,0.041025641025641026,0.27467860686848,0.04917146088410287,4.0
1xT4,google/gemma-2-2b,2.0,AWQ.4bit,Eager,No Kernel,pytorch,0.081,20.519,0.09724596391263057,0.07194676227242666,0.04873531848530631,1.0
1xT4,google/gemma-2-2b,2.0,AWQ.4bit,Eager,AWQ.GEMV,pytorch,0.136,20.536,0.0579185520361991,0.07200637019477334,0.04869497467861316,1.0
1xT4,google/gemma-2-2b,2.0,torchao.4bit,Eager,No Kernel,pytorch,0.363,20.703,0.02169951260860352,0.07259193037311999,0.04830217842824711,1.0
1xT4,google/gemma-2-2b,2.0,AWQ.4bit,Eager,No Kernel,pytorch,0.968,20.906,0.00813731722822632,0.07330371909290667,0.04783315794508754,1.0
1xT4,google/gemma-2-2b,2.0,Unquantized,SDPA,No Kernel,pytorch,0.384,20.963,0.041025641025641026,0.28313358095018665,0.047703095930925914,4.0
1xT4,google/gemma-2-2b,2.0,GPTQ.4bit,Eager,GPTQ.ExllamaV2,pytorch,0.076,20.965,0.10364372469635627,0.07351059364693334,0.04769854519437157,1.0
1xT4,google/gemma-2-2b,2.0,Unquantized,SDPA,No Kernel,pytorch,0.066,21.109,0.2386946386946387,0.2851055078126934,0.04737315836846842,4.0
1xT4,google/gemma-2-2b,2.0,GPTQ.4bit,Eager,GPTQ.ExllamaV1,pytorch,0.076,21.924,0.10364372469635627,0.07687318173696,0.04561211457763182,1.0
1xT4,google/gemma-2-2b,2.0,AWQ.4bit,SDPA,AWQ.GEMV,pytorch,0.136,22.267,0.0579185520361991,0.07807585922901333,0.04490950734270445,1.0
1xT4,google/gemma-2-2b,2.0,AWQ.4bit,SDPA,No Kernel,pytorch,0.965,22.771,0.008162614587485054,0.07984305880917333,0.04391550656536823,1.0
1xT4,google/gemma-2-2b,2.0,AWQ.4bit,SDPA,No Kernel,pytorch,0.081,22.882,0.09724596391263057,0.08023226347861334,0.043702473560003494,1.0
1xT4,google/gemma-2-2b,2.0,GPTQ.4bit,SDPA,GPTQ.ExllamaV2,pytorch,0.076,23.247,0.10364372469635627,0.08151208063488,0.043016303178904806,1.0
1xT4,google/gemma-2-2b,2.0,GPTQ.4bit,SDPA,GPTQ.ExllamaV1,pytorch,0.076,23.306,0.10364372469635627,0.08171895518890668,0.042907405818244225,1.0
1xT4,huggyllama/llama-13b,13.0,BnB.8bit,Eager,No Kernel,pytorch,0.191,6.68,0.2680628272251309,0.29472003242666667,0.14970059880239522,13.0
1xT4,huggyllama/llama-13b,13.0,BnB.8bit,SDPA,No Kernel,pytorch,0.179,6.876,0.2860335195530726,0.303367506432,0.14543339150668994,13.0
1xT4,huggyllama/llama-13b,13.0,BnB.4bit,Eager,No Kernel,pytorch,1.777,7.529,0.028812605514912774,0.16904937986133334,0.13281976358082082,6.5
1xT4,huggyllama/llama-13b,13.0,BnB.4bit,SDPA,No Kernel,pytorch,1.767,7.574,0.0289756649688738,0.17005976930133332,0.1320306311064167,6.5
1xT4,huggyllama/llama-13b,13.0,GPTQ.4bit,Eager,GPTQ.ExllamaV2,pytorch,0.36,23.926,0.14222222222222222,0.5372128386986667,0.04179553623672992,6.5
1xT4,huggyllama/llama-13b,13.0,GPTQ.4bit,Eager,GPTQ.ExllamaV1,pytorch,0.359,24.011,0.1426183844011142,0.5391213520853334,0.04164757819332806,6.5
1xT4,huggyllama/llama-13b,13.0,GPTQ.4bit,SDPA,GPTQ.ExllamaV2,pytorch,0.348,24.279,0.1471264367816092,0.5451387825280001,0.041187857819514805,6.5
1xT4,huggyllama/llama-13b,13.0,GPTQ.4bit,SDPA,GPTQ.ExllamaV1,pytorch,0.348,24.304,0.1471264367816092,0.5457001099946667,0.04114549045424622,6.5
1xT4,Qwen/Qwen1.5-1.8B,1.0,BnB.8bit,Eager,No Kernel,pytorch,0.097,10.718,0.04060269627279937,0.03758104186538667,0.0933009889904833,1.0
1xT4,Qwen/Qwen1.5-1.8B,1.0,BnB.8bit,Eager,No Kernel,pytorch,0.094,11.055,0.04189852700490999,0.0387626812672,0.09045680687471733,1.0
1xT4,Qwen/Qwen1.5-1.8B,1.0,BnB.8bit,SDPA,No Kernel,pytorch,0.092,11.301,0.04280936454849498,0.03962524296704,0.08848774444739403,1.0
1xT4,Qwen/Qwen1.5-1.8B,1.0,BnB.8bit,SDPA,No Kernel,pytorch,0.091,11.395,0.043279797125950974,0.03995483971413333,0.08775778850372971,1.0
1xT4,Qwen/Qwen1.5-1.8B,1.0,BnB.4bit,Eager,No Kernel,pytorch,0.197,21.899,0.019992190550566186,0.04028718969429334,0.04566418557925019,0.5
1xT4,Qwen/Qwen1.5-1.8B,1.0,BnB.4bit,Eager,No Kernel,pytorch,0.207,22.663,0.01902638424377555,0.04169270651818666,0.04412478489167365,0.5
1xT4,Qwen/Qwen1.5-1.8B,1.0,BnB.4bit,SDPA,No Kernel,pytorch,0.194,23.581,0.020301348136399684,0.04338153432490667,0.042407022602943045,0.5
1xT4,Qwen/Qwen1.5-1.8B,1.0,BnB.4bit,SDPA,No Kernel,pytorch,0.205,24.084,0.01921200750469043,0.04430689422336,0.04152134196977247,0.5
1xT4,Qwen/Qwen1.5-1.8B,1.0,AWQ.4bit,Eager,AWQ.GEMM,pytorch,0.09,29.686,0.04376068376068376,0.05461279114410667,0.03368591255137102,0.5
1xT4,Qwen/Qwen1.5-1.8B,1.0,AWQ.4bit,Eager,AWQ.GEMM,pytorch,0.089,30.393,0.0442523768366465,0.05591344611072001,0.03290231303260619,0.5
1xT4,Qwen/Qwen1.5-1.8B,1.0,AWQ.4bit,SDPA,AWQ.GEMM,pytorch,0.086,32.674,0.04579606440071556,0.060109760083626666,0.030605374303727735,0.5
1xT4,Qwen/Qwen1.5-1.8B,1.0,AWQ.4bit,SDPA,AWQ.GEMM,pytorch,0.087,32.904,0.04526967285587975,0.06053288687616001,0.030391441769997564,0.5
1xT4,Qwen/Qwen1.5-1.8B,1.0,Unquantized,Eager,No Kernel,pytorch,0.27,33.216,0.02917378917378917,0.22718686756864,0.03010597302504817,2.0
1xT4,Qwen/Qwen1.5-1.8B,1.0,Unquantized,SDPA,No Kernel,pytorch,0.271,33.268,0.029066136815214305,0.22754253101738667,0.030058915474329685,2.0
1xT4,Qwen/Qwen1.5-1.8B,1.0,Unquantized,Eager,No Kernel,pytorch,0.249,33.602,0.03163422922459067,0.2298269847074133,0.0297601333253973,2.0
1xT4,Qwen/Qwen1.5-1.8B,1.0,Unquantized,SDPA,No Kernel,pytorch,0.248,33.769,0.03176178660049628,0.23096921155242667,0.029612958630696795,2.0
1xT4,Qwen/Qwen1.5-1.8B,1.0,GPTQ.4bit,Eager,GPTQ.ExllamaV1,pytorch,0.051,36.642,0.07722473604826546,0.06740961709568001,0.027291086731073628,0.5
1xT4,Qwen/Qwen1.5-1.8B,1.0,Unquantized,Eager,No Kernel,pytorch,0.04,37.603,0.19692307692307692,0.25719255121578666,0.02659362284924075,2.0
1xT4,Qwen/Qwen1.5-1.8B,1.0,AWQ.4bit,Eager,AWQ.GEMV,pytorch,0.085,38.049,0.046334841628959275,0.06999804925696,0.026281899655707115,0.5
1xT4,Qwen/Qwen1.5-1.8B,1.0,Unquantized,Eager,No Kernel,pytorch,0.279,38.689,0.028232699200441136,0.2646204455492267,0.025847140013957454,2.0
1xT4,Qwen/Qwen1.5-1.8B,1.0,AWQ.4bit,Eager,AWQ.GEMV,pytorch,0.084,38.719,0.046886446886446886,0.07123063600042666,0.025827113303546062,0.5
1xT4,Qwen/Qwen1.5-1.8B,1.0,GPTQ.4bit,Eager,GPTQ.ExllamaV2,pytorch,0.051,38.995,0.07722473604826546,0.07173838815146666,0.025644313373509427,0.5
1xT4,Qwen/Qwen1.5-1.8B,1.0,AWQ.4bit,Eager,No Kernel,pytorch,0.053,39.346,0.07431059506531204,0.07238411643050666,0.025415544146800185,0.5
1xT4,Qwen/Qwen1.5-1.8B,1.0,GPTQ.4bit,Eager,GPTQ.ExllamaV1,pytorch,0.051,39.571,0.07722473604826546,0.07279804481450665,0.02527103181622906,0.5
1xT4,Qwen/Qwen1.5-1.8B,1.0,AWQ.4bit,Eager,No Kernel,pytorch,0.597,39.802,0.00659708800412318,0.07322301128874667,0.025124365609768353,0.5
1xT4,Qwen/Qwen1.5-1.8B,1.0,Unquantized,Eager,No Kernel,pytorch,0.307,40.118,0.02565772989225758,0.27439435070805335,0.024926466922578393,2.0
1xT4,Qwen/Qwen1.5-1.8B,1.0,Unquantized,Eager,No Kernel,pytorch,0.042,40.379,0.18754578754578755,0.2761795076334933,0.024765348324624188,2.0
1xT4,Qwen/Qwen1.5-1.8B,1.0,GPTQ.4bit,Eager,GPTQ.ExllamaV2,pytorch,0.051,40.651,0.07722473604826546,0.07478490105770667,0.02459964084524366,0.5
1xT4,Qwen/Qwen1.5-1.8B,1.0,AWQ.4bit,Eager,No Kernel,pytorch,0.052,41.029,0.0757396449704142,0.07548030074282668,0.024373004460259813,0.5
1xT4,Qwen/Qwen1.5-1.8B,1.0,AWQ.4bit,Eager,No Kernel,pytorch,0.546,41.441,0.007213299520991829,0.07623824960597333,0.024130691826934676,0.5
1xT4,Qwen/Qwen1.5-1.8B,1.0,Unquantized,SDPA,No Kernel,pytorch,0.278,42.096,0.028334255672385168,0.28792324112384,0.023755226149752947,2.0
1xT4,Qwen/Qwen1.5-1.8B,1.0,Unquantized,SDPA,No Kernel,pytorch,0.303,42.533,0.025996445798425995,0.2909121820296533,0.02351115604354266,2.0
1xT4,Qwen/Qwen1.5-1.8B,1.0,Unquantized,SDPA,No Kernel,pytorch,0.038,43.179,0.20728744939271254,0.29533061641216,0.023159406192825215,2.0
1xT4,Qwen/Qwen1.5-1.8B,1.0,AWQ.4bit,SDPA,AWQ.GEMV,pytorch,0.082,43.754,0.04803001876172608,0.08049343339349332,0.02285505325227408,0.5
1xT4,Qwen/Qwen1.5-1.8B,1.0,AWQ.4bit,SDPA,AWQ.GEMV,pytorch,0.081,44.884,0.048622981956315287,0.08257227372202666,0.02227965421976651,0.5
1xT4,Qwen/Qwen1.5-1.8B,1.0,Unquantized,SDPA,No Kernel,pytorch,0.04,45.143,0.19692307692307692,0.30876375128405337,0.02215182863345369,2.0
1xT4,Qwen/Qwen1.5-1.8B,1.0,AWQ.4bit,SDPA,No Kernel,pytorch,0.05,45.579,0.07876923076923077,0.08385085250816,0.02193992847583317,0.5
1xT4,Qwen/Qwen1.5-1.8B,1.0,GPTQ.4bit,SDPA,GPTQ.ExllamaV2,pytorch,0.048,45.703,0.08205128205128205,0.08407897303978668,0.021880401724175654,0.5
1xT4,Qwen/Qwen1.5-1.8B,1.0,GPTQ.4bit,SDPA,GPTQ.ExllamaV1,pytorch,0.048,45.965,0.08205128205128205,0.08456096964693334,0.021755683672359402,0.5
1xT4,Qwen/Qwen1.5-1.8B,1.0,AWQ.4bit,SDPA,No Kernel,pytorch,0.05,46.449,0.07876923076923077,0.08545137559296,0.021528988783396846,0.5
1xT4,Qwen/Qwen1.5-1.8B,1.0,GPTQ.4bit,SDPA,GPTQ.ExllamaV1,pytorch,0.048,47.143,0.08205128205128205,0.08672811469738666,0.02121205693316081,0.5
1xT4,Qwen/Qwen1.5-1.8B,1.0,AWQ.4bit,SDPA,No Kernel,pytorch,0.602,47.148,0.0065422949143879375,0.08673731310592,0.02120980741494867,0.5
1xT4,Qwen/Qwen1.5-1.8B,1.0,GPTQ.4bit,SDPA,GPTQ.ExllamaV2,pytorch,0.048,47.272,0.08205128205128205,0.08696543363754666,0.02115417160264004,0.5
1xT4,Qwen/Qwen1.5-1.8B,1.0,AWQ.4bit,SDPA,No Kernel,pytorch,0.542,48.276,0.007266534203803576,0.08881247407104001,0.020714226530781338,0.5
1xT4,meta-llama/Llama-2-7b-hf,6.0,BnB.8bit,Eager,No Kernel,pytorch,0.118,8.548,0.20026075619295958,0.17358174408704002,0.1169864295741694,6.0
1xT4,meta-llama/Llama-2-7b-hf,6.0,BnB.8bit,SDPA,No Kernel,pytorch,0.112,8.925,0.210989010989011,0.18123737318400002,0.11204481792717086,6.0
1xT4,meta-llama/Llama-2-7b-hf,6.0,BnB.4bit,Eager,No Kernel,pytorch,0.961,14.005,0.02458977027135196,0.1443454522624,0.07140307033202427,3.0
1xT4,meta-llama/Llama-2-7b-hf,6.0,BnB.4bit,SDPA,No Kernel,pytorch,0.956,14.108,0.024718377856453172,0.14540704323584,0.07088176920895946,3.0
1xT4,meta-llama/Llama-2-7b-hf,6.0,Unquantized,Eager,No Kernel,pytorch,1.251,16.683,0.03777900756318023,0.6724368175718399,0.05994125756758377,12.0
1xT4,meta-llama/Llama-2-7b-hf,6.0,Unquantized,SDPA,No Kernel,pytorch,1.226,16.688,0.038549378843016686,0.6726383511142399,0.05992329817833174,12.0
1xT4,meta-llama/Llama-2-7b-hf,6.0,Unquantized,SDPA,No Kernel,pytorch,1.248,16.692,0.0378698224852071,0.67279957794816,0.05990893841361131,12.0
1xT4,meta-llama/Llama-2-7b-hf,6.0,Unquantized,Eager,No Kernel,pytorch,1.222,16.713,0.038675563389147675,0.6736460188262401,0.05983366241847663,12.0
1xT4,meta-llama/Llama-2-7b-hf,6.0,Unquantized,SDPA,No Kernel,pytorch,0.201,16.902,0.23513203214695752,0.68126398672896,0.05916459590580996,12.0
1xT4,meta-llama/Llama-2-7b-hf,6.0,Unquantized,SDPA,No Kernel,pytorch,0.203,16.91,0.23281546040166728,0.6815864403968,0.05913660555884092,12.0
1xT4,meta-llama/Llama-2-7b-hf,6.0,Unquantized,Eager,No Kernel,pytorch,0.215,16.925,0.2198211091234347,0.6821910410240001,0.059084194977843424,12.0
1xT4,meta-llama/Llama-2-7b-hf,6.0,Unquantized,Eager,No Kernel,pytorch,0.21,16.931,0.22505494505494505,0.68243288127488,0.05906325674797708,12.0
1xT4,meta-llama/Llama-2-7b-hf,6.0,GPTQ.4bit,Eager,GPTQ.ExllamaV2,pytorch,0.198,31.741,0.11934731934731935,0.32714523386368,0.031504993541476324,3.0
1xT4,meta-llama/Llama-2-7b-hf,6.0,GPTQ.4bit,Eager,GPTQ.ExllamaV1,pytorch,0.198,32.289,0.11934731934731935,0.33279331011072005,0.030970299482795997,3.0
1xT4,meta-llama/Llama-2-7b-hf,6.0,GPTQ.4bit,Eager,GPTQ.ExllamaV2,pytorch,0.201,33.573,0.11756601607347876,0.34602712379904005,0.029785839811753492,3.0
1xT4,meta-llama/Llama-2-7b-hf,6.0,GPTQ.4bit,Eager,GPTQ.ExllamaV1,pytorch,0.199,35.036,0.11874758407421725,0.36110583830528004,0.028542071012672678,3.0
1xT4,meta-llama/Llama-2-7b-hf,6.0,GPTQ.4bit,SDPA,GPTQ.ExllamaV1,pytorch,0.191,38.433,0.12372130487313733,0.39611772701184,0.026019306325293368,3.0
1xT4,meta-llama/Llama-2-7b-hf,6.0,GPTQ.4bit,SDPA,GPTQ.ExllamaV1,pytorch,0.192,39.0,0.12307692307692308,0.40196163072,0.02564102564102564,3.0
1xT4,meta-llama/Llama-2-7b-hf,6.0,GPTQ.4bit,SDPA,GPTQ.ExllamaV2,pytorch,0.193,39.328,0.1224392188122758,0.40534223110144,0.025427176566314075,3.0
1xT4,meta-llama/Llama-2-7b-hf,6.0,GPTQ.4bit,SDPA,GPTQ.ExllamaV2,pytorch,0.191,39.429,0.12372130487313733,0.40638320865792005,0.025362043166197466,3.0
1xT4,google/gemma-2b,2.0,BnB.8bit,Eager,No Kernel,pytorch,0.078,13.722,0.1009861932938856,0.09385411237888,0.07287567409998542,2.0
1xT4,google/gemma-2b,2.0,BnB.8bit,SDPA,No Kernel,pytorch,0.076,14.146,0.10364372469635627,0.09675413742250667,0.07069136151562279,2.0
1xT4,google/gemma-2b,2.0,Unquantized,SDPA,No Kernel,pytorch,0.36,22.579,0.04376068376068376,0.3049598399214934,0.04428894105141946,4.0
1xT4,google/gemma-2b,2.0,Unquantized,SDPA,No Kernel,pytorch,0.35,22.625,0.04501098901098901,0.3055811319466667,0.04419889502762431,4.0
1xT4,google/gemma-2b,2.0,Unquantized,Eager,No Kernel,pytorch,0.354,23.315,0.04450239026510213,0.3149005123242667,0.04289084280506112,4.0
1xT4,google/gemma-2b,2.0,Unquantized,Eager,No Kernel,pytorch,0.348,23.326,0.04526967285587975,0.31504908215637334,0.042870616479464975,4.0
1xT4,google/gemma-2b,2.0,BnB.4bit,Eager,No Kernel,pytorch,0.292,26.338,0.026975763962065333,0.09235020345685334,0.03796795504594123,1.0
1xT4,google/gemma-2b,2.0,BnB.4bit,SDPA,No Kernel,pytorch,0.291,28.305,0.027068464181866245,0.09924719070719999,0.03532944709415298,1.0
1xT4,google/gemma-2b,2.0,AWQ.4bit,Eager,AWQ.GEMM,pytorch,0.124,31.284,0.06352357320099256,0.10969260251135998,0.03196522183863956,1.0
1xT4,google/gemma-2b,2.0,AWQ.4bit,Eager,No Kernel,pytorch,0.946,31.538,0.008326557163766466,0.11058321499818667,0.03170778108947936,1.0
1xT4,google/gemma-2b,2.0,AWQ.4bit,SDPA,AWQ.GEMM,pytorch,0.124,34.124,0.06352357320099256,0.11965063189162668,0.029304888055327626,1.0
1xT4,google/gemma-2b,2.0,Unquantized,Eager,No Kernel,pytorch,0.058,37.164,0.2716180371352785,0.50194993094656,0.026907760198041114,4.0
1xT4,google/gemma-2b,2.0,AWQ.4bit,Eager,No Kernel,pytorch,0.07,37.894,0.11252747252747253,0.13286956525909333,0.026389402016150316,1.0
1xT4,google/gemma-2b,2.0,GPTQ.4bit,Eager,GPTQ.ExllamaV2,pytorch,0.066,38.349,0.11934731934731935,0.13446495376896,0.026076299251610213,1.0
1xT4,google/gemma-2b,2.0,AWQ.4bit,Eager,AWQ.GEMV,pytorch,0.122,38.525,0.06456494325346784,0.13508207108266668,0.025957170668397145,1.0
1xT4,google/gemma-2b,2.0,Unquantized,Eager,No Kernel,pytorch,0.06,38.626,0.26256410256410256,0.5216962122683734,0.02588929736446953,4.0
1xT4,google/gemma-2b,2.0,Unquantized,Eager,No Kernel,pytorch,0.461,38.665,0.034173202069080595,0.5222229598549334,0.0258631837579206,4.0
1xT4,google/gemma-2b,2.0,GPTQ.4bit,Eager,GPTQ.ExllamaV1,pytorch,0.066,38.804,0.11934731934731935,0.13606034227882668,0.025770539119678384,1.0
1xT4,google/gemma-2b,2.0,Unquantized,Eager,No Kernel,pytorch,0.474,39.516,0.0332359623498864,0.53371686232064,0.025306205081485983,4.0
1xT4,google/gemma-2b,2.0,Unquantized,SDPA,No Kernel,pytorch,0.472,40.067,0.033376792698826596,0.5411588602743467,0.024958195023335912,4.0
1xT4,google/gemma-2b,2.0,Unquantized,SDPA,No Kernel,pytorch,0.06,40.234,0.26256410256410256,0.5434144204526934,0.024854600586568572,4.0
1xT4,google/gemma-2b,2.0,Unquantized,SDPA,No Kernel,pytorch,0.464,40.413,0.03395225464190981,0.5458320568115199,0.024744512904263483,4.0
1xT4,google/gemma-2b,2.0,Unquantized,SDPA,No Kernel,pytorch,0.058,40.511,0.2716180371352785,0.5471556789521067,0.024684653550887413,4.0
1xT4,google/gemma-2b,2.0,AWQ.4bit,SDPA,AWQ.GEMV,pytorch,0.121,41.588,0.06509853782581056,0.14582201615018667,0.024045397710878137,1.0
1xT4,google/gemma-2b,2.0,AWQ.4bit,SDPA,No Kernel,pytorch,0.947,41.916,0.008317764600763545,0.14697209841664,0.023857238286096004,1.0
1xT4,google/gemma-2b,2.0,GPTQ.4bit,SDPA,GPTQ.ExllamaV1,pytorch,0.065,42.485,0.12118343195266272,0.14896721064106666,0.023537719195010003,1.0
1xT4,google/gemma-2b,2.0,AWQ.4bit,SDPA,No Kernel,pytorch,0.069,42.924,0.11415830546265329,0.15050649757696,0.023296990028888267,1.0
1xT4,google/gemma-2b,2.0,GPTQ.4bit,SDPA,GPTQ.ExllamaV2,pytorch,0.065,43.551,0.12118343195266272,0.15270497800704003,0.02296158526784689,1.0
1xT4,stabilityai/stablelm-3b-4e1t,2.0,BnB.8bit,Eager,No Kernel,pytorch,0.114,8.727,0.06909581646423751,0.05968990225408001,0.11458691417440128,2.0
1xT4,stabilityai/stablelm-3b-4e1t,2.0,BnB.8bit,SDPA,No Kernel,pytorch,0.11,9.064,0.07160839160839161,0.06199487498922667,0.11032656663724624,2.0
1xT4,stabilityai/stablelm-3b-4e1t,2.0,BnB.4bit,Eager,No Kernel,pytorch,0.351,18.126,0.022441376287530134,0.06355607061504,0.05516936996579499,1.0
1xT4,stabilityai/stablelm-3b-4e1t,2.0,Unquantized,Eager,No Kernel,pytorch,0.355,19.788,0.04437703141928494,0.26726362161152,0.050535678188801295,4.0
1xT4,stabilityai/stablelm-3b-4e1t,2.0,BnB.4bit,SDPA,No Kernel,pytorch,0.345,20.089,0.022831661092530656,0.07043903247189334,0.049778485738463836,1.0
1xT4,stabilityai/stablelm-3b-4e1t,2.0,Unquantized,SDPA,No Kernel,pytorch,0.35,20.46,0.04501098901098901,0.2763398877184,0.04887585532746823,4.0
1xT4,stabilityai/stablelm-3b-4e1t,2.0,Unquantized,Eager,No Kernel,pytorch,0.078,33.38,0.2019723865877712,0.4508419087018667,0.029958058717795083,4.0
1xT4,stabilityai/stablelm-3b-4e1t,2.0,Unquantized,Eager,No Kernel,pytorch,0.484,34.978,0.03254926891290528,0.47242505340245333,0.02858939905083195,4.0
1xT4,stabilityai/stablelm-3b-4e1t,2.0,Unquantized,SDPA,No Kernel,pytorch,0.478,35.416,0.03295783714193756,0.4783408339899733,0.028235825615541,4.0
1xT4,stabilityai/stablelm-3b-4e1t,2.0,Unquantized,SDPA,No Kernel,pytorch,0.069,35.721,0.22831661092530658,0.48246027024384,0.027994736989445986,4.0
1xT4,stabilityai/stablelm-3b-4e1t,2.0,GPTQ.4bit,Eager,GPTQ.ExllamaV1,pytorch,0.084,36.884,0.09377289377289377,0.12932815340202666,0.02711202689513068,1.0
1xT4,stabilityai/stablelm-3b-4e1t,2.0,GPTQ.4bit,Eager,GPTQ.ExllamaV2,pytorch,0.084,37.879,0.09377289377289377,0.13281697003349333,0.0263998521608279,1.0
1xT4,stabilityai/stablelm-3b-4e1t,2.0,GPTQ.4bit,SDPA,GPTQ.ExllamaV2,pytorch,0.076,46.099,0.10364372469635627,0.16163915366229334,0.021692444521573137,1.0
1xT4,stabilityai/stablelm-3b-4e1t,2.0,GPTQ.4bit,SDPA,GPTQ.ExllamaV1,pytorch,0.076,47.025,0.10364372469635627,0.16488603225600001,0.02126528442317916,1.0
1xT4,Qwen/Qwen2-0.5B,0.0,BnB.8bit,Eager,No Kernel,pytorch,0.096,10.573,0.0,0.0018292880179200002,0.09458053532582994,0.0
1xT4,Qwen/Qwen2-0.5B,0.0,BnB.8bit,SDPA,No Kernel,pytorch,0.094,10.825,0.0,0.001872887808,0.09237875288683603,0.0
1xT4,microsoft/phi-1_5,1.0,BnB.8bit,Eager,No Kernel,pytorch,0.077,12.908,0.05114885114885115,0.04525994480298667,0.07747133560582585,1.0
1xT4,microsoft/phi-1_5,1.0,BnB.8bit,SDPA,No Kernel,pytorch,0.073,13.593,0.05395152792413067,0.04766179343872,0.07356727727506805,1.0
1xT4,Qwen/Qwen2-0.5B,0.0,BnB.4bit,Eager,No Kernel,pytorch,0.067,20.139,0.0,0.0034843498905599997,0.04965489845573266,0.0
1xT4,Qwen/Qwen2-0.5B,0.0,BnB.4bit,SDPA,No Kernel,pytorch,0.064,21.755,0.0,0.0037639421951999995,0.045966444495518274,0.0
1xT4,microsoft/phi-1_5,1.0,BnB.4bit,Eager,No Kernel,pytorch,0.193,23.305,0.020406536468712634,0.04287378217386667,0.04290924694271615,0.5
1xT4,microsoft/phi-1_5,1.0,BnB.4bit,SDPA,No Kernel,pytorch,0.184,25.859,0.02140468227424749,0.047572329252693335,0.03867125565567114,0.5
1xT4,Qwen/Qwen2-0.5B,0.0,Unquantized,SDPA,No Kernel,pytorch,0.078,37.64,0.0,0.0065122861056,0.026567481402763018,0.0
1xT4,microsoft/phi-1_5,1.0,Unquantized,SDPA,No Kernel,pytorch,0.207,38.117,0.0380527684875511,0.2607081476130133,0.02623501324868169,2.0
1xT4,microsoft/phi-1_5,1.0,Unquantized,SDPA,No Kernel,pytorch,0.208,38.357,0.0378698224852071,0.2623496712226133,0.02607086059910838,2.0
1xT4,Qwen/Qwen2-0.5B,0.0,Unquantized,Eager,No Kernel,pytorch,0.027,39.857,0.0,0.0068958604492800005,0.02508969566199162,0.0
1xT4,microsoft/phi-1_5,1.0,Unquantized,Eager,No Kernel,pytorch,0.211,39.908,0.03733138899015676,0.2729580175496534,0.025057632554876214,2.0
1xT4,microsoft/phi-1_5,1.0,Unquantized,Eager,No Kernel,pytorch,0.212,40.08,0.03715529753265602,0.2741344428032,0.0249500998003992,2.0
1xT4,Qwen/Qwen2-0.5B,0.0,Unquantized,Eager,No Kernel,pytorch,0.076,40.1,0.0,0.006937903104000001,0.024937655860349125,0.0
1xT4,Qwen/Qwen2-0.5B,0.0,GPTQ.4bit,Eager,GPTQ.ExllamaV2,pytorch,0.03,40.645,0.0,0.0070321963008000005,0.02460327223520728,0.0
1xT4,microsoft/phi-1_5,1.0,Unquantized,Eager,No Kernel,pytorch,0.043,41.003,0.18318425760286225,0.28044746901845335,0.0243884593810209,2.0
1xT4,Qwen/Qwen2-0.5B,0.0,GPTQ.4bit,Eager,GPTQ.ExllamaV1,pytorch,0.029,41.09,0.0,0.007109187993600001,0.024336821611097587,0.0
1xT4,microsoft/phi-1_5,1.0,GPTQ.4bit,Eager,GPTQ.ExllamaV2,pytorch,0.056,42.485,0.07032967032967033,0.07815887730773333,0.023537719195010003,0.5
1xT4,Qwen/Qwen2-0.5B,0.0,Unquantized,Eager,No Kernel,pytorch,0.049,42.492,0.0,0.007351755079679999,0.023533841664313285,0.0
1xT4,microsoft/phi-1_5,1.0,Unquantized,Eager,No Kernel,pytorch,0.043,42.822,0.18318425760286225,0.29288885004288,0.02335248236887581,2.0
1xT4,microsoft/phi-1_5,1.0,Unquantized,Eager,No Kernel,pytorch,0.245,43.131,0.03215070643642072,0.29500231169024,0.023185180032922956,2.0
1xT4,microsoft/phi-1_5,1.0,GPTQ.4bit,Eager,GPTQ.ExllamaV1,pytorch,0.056,43.159,0.07032967032967033,0.07939882277802666,0.023170138325725804,0.5
1xT4,Qwen/Qwen2-0.5B,0.0,Unquantized,SDPA,No Kernel,pytorch,0.024,44.564,0.0,0.007710242242560001,0.022439637375460012,0.0
1xT4,microsoft/phi-1_5,1.0,Unquantized,Eager,No Kernel,pytorch,0.248,45.637,0.03176178660049628,0.31214255404714664,0.021912045051164626,2.0
1xT4,Qwen/Qwen2-0.5B,0.0,Unquantized,SDPA,No Kernel,pytorch,0.046,46.329,0.0,0.00801561378816,0.021584752530812233,0.0
1xT4,Qwen/Qwen2-0.5B,0.0,GPTQ.4bit,SDPA,GPTQ.ExllamaV1,pytorch,0.026,46.631,0.0,0.008067864330240001,0.021444961506294095,0.0
1xT4,Qwen/Qwen2-0.5B,0.0,GPTQ.4bit,SDPA,GPTQ.ExllamaV2,pytorch,0.026,46.787,0.0,0.00809485467648,0.021373458439310065,0.0
1xT4,microsoft/phi-1_5,1.0,Unquantized,SDPA,No Kernel,pytorch,0.241,47.494,0.03268432812001277,0.32484384297642666,0.021055291194677223,2.0
1xT4,microsoft/phi-1_5,1.0,Unquantized,SDPA,No Kernel,pytorch,0.244,49.27,0.03228247162673392,0.3369911176874667,0.020296326364927945,2.0
1xT4,microsoft/phi-1_5,1.0,Unquantized,SDPA,No Kernel,pytorch,0.033,49.348,0.2386946386946387,0.33752461286058666,0.020264245764772634,2.0
1xT4,microsoft/phi-1_5,1.0,GPTQ.4bit,SDPA,GPTQ.ExllamaV2,pytorch,0.046,52.051,0.08561872909698996,0.09575727251370666,0.019211926764135176,0.5
1xT4,microsoft/phi-1_5,1.0,GPTQ.4bit,SDPA,GPTQ.ExllamaV1,pytorch,0.046,52.353,0.08561872909698996,0.09631285638912,0.019101102133593107,0.5
1xT4,microsoft/phi-1_5,1.0,Unquantized,SDPA,No Kernel,pytorch,0.034,52.395,0.2316742081447964,0.35836512302080004,0.0190857906288768,2.0
1xT4,google/recurrentgemma-2b,2.0,BnB.8bit,Eager,No Kernel,pytorch,0.43,9.67,0.018318425760286226,0.06613972210346666,0.10341261633919338,2.0
1xT4,google/recurrentgemma-2b,2.0,BnB.4bit,Eager,No Kernel,pytorch,0.439,16.89,0.017942877168389697,0.05922222402559999,0.05920663114268798,1.0
1xT4,google/recurrentgemma-2b,2.0,AWQ.4bit,Eager,AWQ.GEMM,pytorch,0.552,17.171,0.014269788182831662,0.06020750791850667,0.05823772639916138,1.0
1xT4,google/recurrentgemma-2b,2.0,Unquantized,Eager,No Kernel,pytorch,0.412,18.097,0.03823749066467513,0.24442438651221338,0.05525777753218765,4.0
1xT4,google/recurrentgemma-2b,2.0,Unquantized,Eager,No Kernel,pytorch,0.394,18.217,0.03998438110113237,0.24604514831701332,0.054893780534665426,4.0
1xT4,google/recurrentgemma-2b,2.0,AWQ.4bit,Eager,AWQ.GEMV,pytorch,0.551,20.924,0.014295686165014658,0.07336683336362666,0.04779200917606576,1.0
1xT4,google/recurrentgemma-2b,2.0,Unquantized,Eager,No Kernel,pytorch,0.388,24.902,0.04060269627279937,0.3363350871927467,0.04015741707493374,4.0
1xT4,google/recurrentgemma-2b,2.0,AWQ.4bit,Eager,No Kernel,pytorch,0.387,25.716,0.020353806400318027,0.09016925476864,0.03888629646912428,1.0
1xT4,google/recurrentgemma-2b,2.0,AWQ.4bit,Eager,No Kernel,pytorch,1.043,26.245,0.007552179364259902,0.09202411305813335,0.03810249571346923,1.0
1xT4,google/recurrentgemma-2b,2.0,GPTQ.4bit,Eager,GPTQ.ExllamaV2,pytorch,0.383,26.283,0.020566378790921873,0.09215735429632,0.038047407069208235,1.0
1xT4,google/recurrentgemma-2b,2.0,GPTQ.4bit,Eager,GPTQ.ExllamaV1,pytorch,0.377,26.302,0.020893695164252192,0.09222397491541334,0.03801992243935822,1.0
1xT4,google/recurrentgemma-2b,2.0,Unquantized,Eager,No Kernel,pytorch,0.366,26.369,0.043043295502311896,0.35614890025642665,0.03792331904888316,4.0
1xT4,google/recurrentgemma-2b,2.0,Unquantized,Eager,No Kernel,pytorch,0.588,26.532,0.026792255363683935,0.35835043504127995,0.037690336197798886,4.0
1xT4,google/recurrentgemma-2b,2.0,Unquantized,Eager,No Kernel,pytorch,0.611,27.323,0.02578370892609845,0.36903395660458665,0.036599202137393406,4.0
1xT4,EleutherAI/gpt-j-6b,6.0,GPTQ.4bit,Eager,GPTQ.ExllamaV2,pytorch,0.667,1.606,0.03542843962634067,0.016552573818880003,0.62266500622665,3.0
1xT4,EleutherAI/gpt-j-6b,6.0,GPTQ.4bit,Eager,GPTQ.ExllamaV1,pytorch,0.667,1.606,0.03542843962634067,0.016552573818880003,0.62266500622665,3.0
1xT4,EleutherAI/gpt-j-6b,6.0,BnB.8bit,Eager,No Kernel,pytorch,0.117,9.781,0.2019723865877712,0.19861991564288,0.10223903486351088,6.0
1xT4,EleutherAI/gpt-j-6b,6.0,BnB.8bit,Eager,No Kernel,pytorch,0.118,10.149,0.20026075619295958,0.20609278436352,0.09853187506158242,6.0
1xT4,EleutherAI/gpt-j-6b,6.0,BnB.4bit,Eager,No Kernel,pytorch,0.929,13.486,0.025436780657448043,0.13899627056128,0.07415097137772504,3.0
1xT4,EleutherAI/gpt-j-6b,6.0,BnB.4bit,Eager,No Kernel,pytorch,0.857,13.92,0.027573826406965263,0.1434693820416,0.07183908045977011,3.0
1xT4,EleutherAI/gpt-j-6b,6.0,Unquantized,Eager,No Kernel,pytorch,1.176,16.958,0.040188383045525904,0.6835211624038399,0.05896921806816842,12.0
1xT4,EleutherAI/gpt-j-6b,6.0,Unquantized,Eager,No Kernel,pytorch,1.097,17.13,0.04308253278171236,0.6904539162623999,0.05837711617046118,12.0
1xT4,EleutherAI/gpt-j-6b,6.0,Unquantized,Eager,No Kernel,pytorch,0.189,17.179,0.25006105006105006,0.69242894497792,0.05821060597240818,12.0
1xT4,EleutherAI/gpt-j-6b,6.0,Unquantized,Eager,No Kernel,pytorch,0.176,17.183,0.26853146853146853,0.6925901718118399,0.058197055229005416,12.0
1xT4,EleutherAI/gpt-j-6b,6.0,GPTQ.4bit,Eager,GPTQ.ExllamaV2,pytorch,0.179,22.201,0.1320154705629566,0.22881923496448,0.04504301608035674,3.0
1xT4,EleutherAI/gpt-j-6b,6.0,AWQ.4bit,Eager,AWQ.GEMM,pytorch,0.337,22.704,0.07012097694590276,0.23400350932992003,0.044045102184637065,3.0
1xT4,EleutherAI/gpt-j-6b,6.0,AWQ.4bit,Eager,AWQ.GEMM,pytorch,0.331,22.918,0.07139205205670462,0.23620914494464001,0.043633824941094336,3.0
1xT4,EleutherAI/gpt-j-6b,6.0,AWQ.4bit,Eager,AWQ.GEMV,pytorch,0.311,27.463,0.07598318080633193,0.28305313498624,0.036412627899355496,3.0
1xT4,EleutherAI/gpt-j-6b,6.0,GPTQ.4bit,Eager,GPTQ.ExllamaV1,pytorch,0.179,28.017,0.1320154705629566,0.28876305148416004,0.03569261519791555,3.0
1xT4,EleutherAI/gpt-j-6b,6.0,AWQ.4bit,Eager,AWQ.GEMV,pytorch,0.305,28.327,0.07747793190416141,0.29195813111296004,0.03530200868429413,3.0
1xT4,EleutherAI/gpt-j-6b,6.0,AWQ.4bit,Eager,No Kernel,pytorch,0.194,28.327,0.1218080888183981,0.29195813111296004,0.03530200868429413,3.0
1xT4,EleutherAI/gpt-j-6b,6.0,AWQ.4bit,Eager,No Kernel,pytorch,2.671,28.514,0.008847161823575152,0.29388548559871996,0.03507049168829347,3.0
1xT4,EleutherAI/gpt-j-6b,6.0,AWQ.4bit,Eager,No Kernel,pytorch,0.192,28.88,0.12307692307692308,0.2976577409024,0.03462603878116344,3.0
1xT4,EleutherAI/gpt-j-6b,6.0,AWQ.4bit,Eager,No Kernel,pytorch,2.528,29.787,0.00934761441090555,0.30700592549376,0.03357169234901131,3.0
1xT4,openai-community/gpt2,0.0,BnB.8bit,Eager,No Kernel,pytorch,0.032,32.845,0.0,0.005682678988799999,0.030446034404018878,0.0
1xT4,openai-community/gpt2,0.0,BnB.8bit,Eager,No Kernel,pytorch,0.031,34.361,0.0,0.005944969789439999,0.029102761852099767,0.0
1xT4,openai-community/gpt2,0.0,BnB.8bit,SDPA,No Kernel,pytorch,0.029,36.861,0.0,0.0063775073894399995,0.027128943870215135,0.0
1xT4,openai-community/gpt2,0.0,BnB.8bit,SDPA,No Kernel,pytorch,0.028,38.231,0.0,0.00661453799424,0.02615678376186864,0.0
1xT4,openai-community/gpt2,0.0,BnB.4bit,Eager,No Kernel,pytorch,0.023,57.473,0.0,0.00994369339392,0.017399474535869017,0.0
1xT4,openai-community/gpt2,0.0,BnB.4bit,Eager,No Kernel,pytorch,0.023,59.363,0.0,0.01027069181952,0.016845509829354986,0.0
1xT4,openai-community/gpt2,0.0,BnB.4bit,SDPA,No Kernel,pytorch,0.021,66.784,0.0,0.011554636431360002,0.014973646382367032,0.0
1xT4,openai-community/gpt2,0.0,BnB.4bit,SDPA,No Kernel,pytorch,0.02,70.728,0.0,0.012237007749119998,0.014138672095916753,0.0
1xT4,openai-community/gpt2,0.0,Unquantized,Eager,No Kernel,pytorch,0.011,99.838,0.0,0.01727347556352,0.010016226286584266,0.0
1xT4,openai-community/gpt2,0.0,torchao.4bit,SDPA,No Kernel,pytorch,0.025,100.902,0.0,0.01745756356608,0.009910606330895324,0.0
1xT4,openai-community/gpt2,0.0,Unquantized,Eager,No Kernel,pytorch,0.012,101.116,0.0,0.01749458878464,0.009889631710115115,0.0
1xT4,openai-community/gpt2,0.0,AWQ.4bit,Eager,No Kernel,pytorch,0.012,102.008,0.0,0.01764891820032,0.00980315269390636,0.0
1xT4,openai-community/gpt2,0.0,AWQ.4bit,Eager,AWQ.GEMV,pytorch,0.012,102.224,0.0,0.01768628944896,0.009782438566285804,0.0
1xT4,openai-community/gpt2,0.0,AWQ.4bit,Eager,No Kernel,pytorch,0.012,102.822,0.0,0.017789752442880002,0.009725545116803796,0.0
1xT4,openai-community/gpt2,0.0,AWQ.4bit,Eager,AWQ.GEMM,pytorch,0.012,104.121,0.0,0.01801449897984,0.009604210485877009,0.0
1xT4,openai-community/gpt2,0.0,Unquantized,Eager,No Kernel,pytorch,0.024,105.879,0.0,0.01831865942016,0.009444743527989498,0.0
1xT4,openai-community/gpt2,0.0,GPTQ.4bit,Eager,GPTQ.ExllamaV2,pytorch,0.013,106.374,0.0,0.018404301864959997,0.009400793426965237,0.0
1xT4,openai-community/gpt2,0.0,Unquantized,Eager,No Kernel,pytorch,0.023,107.681,0.0,0.018630432522239997,0.009286689388100037,0.0
1xT4,openai-community/gpt2,0.0,torchao.4bit,Eager,No Kernel,pytorch,0.024,107.726,0.0,0.01863821819904,0.009282810092271132,0.0
1xT4,openai-community/gpt2,0.0,GPTQ.4bit,Eager,GPTQ.ExllamaV2,pytorch,0.012,108.297,0.0,0.018737009786879998,0.009233866127408886,0.0
1xT4,openai-community/gpt2,0.0,GPTQ.4bit,Eager,GPTQ.ExllamaV1,pytorch,0.012,109.355,0.0,0.0189200596992,0.009144529285355037,0.0
1xT4,openai-community/gpt2,0.0,Unquantized,Eager,No Kernel,pytorch,0.017,109.705,0.0,0.0189806149632,0.009115354815186182,0.0
1xT4,openai-community/gpt2,0.0,GPTQ.4bit,Eager,GPTQ.ExllamaV1,pytorch,0.012,110.469,0.0,0.01911279845376,0.009052313318668586,0.0
1xT4,openai-community/gpt2,0.0,Unquantized,Eager,No Kernel,pytorch,0.017,111.204,0.0,0.01923996450816,0.0089924822848099,0.0
1xT4,openai-community/gpt2,0.0,Unquantized,SDPA,No Kernel,pytorch,0.023,123.194,0.0,0.02131441483776,0.00811727843888501,0.0
1xT4,openai-community/gpt2,0.0,Unquantized,SDPA,No Kernel,pytorch,0.024,123.636,0.0,0.021390887485439998,0.008088259083114951,0.0
1xT4,openai-community/gpt2,0.0,Unquantized,SDPA,No Kernel,pytorch,0.009,130.074,0.0,0.02250475831296,0.007687931485154603,0.0
1xT4,openai-community/gpt2,0.0,Unquantized,SDPA,No Kernel,pytorch,0.009,131.712,0.0,0.02278815694848,0.007592322643343052,0.0
1xT4,openai-community/gpt2,0.0,AWQ.4bit,SDPA,AWQ.GEMV,pytorch,0.009,132.803,0.0,0.022976916357119997,0.007529950377627012,0.0
1xT4,openai-community/gpt2,0.0,AWQ.4bit,SDPA,No Kernel,pytorch,0.009,132.869,0.0,0.022988335349759997,0.007526210026416997,0.0
1xT4,openai-community/gpt2,0.0,AWQ.4bit,SDPA,AWQ.GEMM,pytorch,0.009,135.742,0.0,0.023485407559679997,0.0073669166507050144,0.0
1xT4,openai-community/gpt2,0.0,AWQ.4bit,SDPA,No Kernel,pytorch,0.009,135.876,0.0,0.02350859157504,0.007359651446907475,0.0
1xT4,openai-community/gpt2,0.0,Unquantized,SDPA,No Kernel,pytorch,0.016,139.569,0.0,0.024147536117759997,0.007164914844987068,0.0
1xT4,openai-community/gpt2,0.0,Unquantized,SDPA,No Kernel,pytorch,0.015,142.971,0.0,0.02473613328384,0.006994425442921991,0.0
1xT4,openai-community/gpt2,0.0,GPTQ.4bit,SDPA,GPTQ.ExllamaV1,pytorch,0.01,147.725,0.0,0.025558646784,0.006769334912844813,0.0
1xT4,openai-community/gpt2,0.0,GPTQ.4bit,SDPA,GPTQ.ExllamaV2,pytorch,0.01,148.61,0.0,0.025711765094400003,0.006729022273063723,0.0
1xT4,openai-community/gpt2,0.0,GPTQ.4bit,SDPA,GPTQ.ExllamaV1,pytorch,0.01,151.372,0.0,0.026189632634880004,0.0066062415770419885,0.0
1xT4,openai-community/gpt2,0.0,GPTQ.4bit,SDPA,GPTQ.ExllamaV2,pytorch,0.009,151.813,0.0,0.026265932267519998,0.006587051174800578,0.0
1xT4,huggyllama/llama-7b,6.0,BnB.8bit,Eager,No Kernel,pytorch,0.121,8.284,0.19529561347743166,0.16822077304832,0.12071463061323032,6.0
1xT4,huggyllama/llama-7b,6.0,BnB.8bit,SDPA,No Kernel,pytorch,0.115,8.699,0.20548494983277593,0.17664805706752,0.11495574203931487,6.0
1xT4,huggyllama/llama-7b,6.0,BnB.4bit,Eager,No Kernel,pytorch,0.96,13.919,0.024615384615384615,0.14345907533312002,0.07184424168402902,3.0
1xT4,huggyllama/llama-7b,6.0,BnB.4bit,SDPA,No Kernel,pytorch,0.956,14.017,0.024718377856453172,0.14446913276415999,0.07134194192765927,3.0
1xT4,huggyllama/llama-7b,6.0,Unquantized,SDPA,No Kernel,pytorch,1.248,16.692,0.0378698224852071,0.67279957794816,0.05990893841361131,12.0
1xT4,huggyllama/llama-7b,6.0,Unquantized,SDPA,No Kernel,pytorch,1.246,16.715,0.03793060871712557,0.6737266322432,0.05982650314089141,12.0
1xT4,huggyllama/llama-7b,6.0,Unquantized,Eager,No Kernel,pytorch,1.253,16.716,0.03771870587513046,0.67376693895168,0.05982292414453218,12.0
1xT4,huggyllama/llama-7b,6.0,Unquantized,Eager,No Kernel,pytorch,1.249,16.733,0.037839502371127674,0.67445215299584,0.05976214665630789,12.0
1xT4,huggyllama/llama-7b,6.0,Unquantized,Eager,No Kernel,pytorch,0.215,16.827,0.2198211091234347,0.67824098359296,0.059428299756343964,12.0
1xT4,huggyllama/llama-7b,6.0,Unquantized,SDPA,No Kernel,pytorch,0.202,16.905,0.23396801218583396,0.6813849068544,0.059154096421177166,12.0
1xT4,huggyllama/llama-7b,6.0,Unquantized,Eager,No Kernel,pytorch,0.207,16.923,0.22831661092530658,0.6821104276070399,0.059091177687171315,12.0
1xT4,huggyllama/llama-7b,6.0,Unquantized,SDPA,No Kernel,pytorch,0.21,16.932,0.22505494505494505,0.68247318798336,0.05905976848570754,12.0
1xT4,huggyllama/llama-7b,6.0,GPTQ.4bit,Eager,GPTQ.ExllamaV1,pytorch,0.201,32.33,0.11756601607347876,0.3332158851584,0.03093102381688834,3.0
1xT4,huggyllama/llama-7b,6.0,GPTQ.4bit,Eager,GPTQ.ExllamaV2,pytorch,0.202,32.476,0.11698400609291698,0.33472066459648,0.0307919694543663,3.0
1xT4,huggyllama/llama-7b,6.0,GPTQ.4bit,SDPA,GPTQ.ExllamaV2,pytorch,0.193,38.861,0.1224392188122758,0.40052899824127997,0.02573273976480276,3.0
1xT4,huggyllama/llama-7b,6.0,GPTQ.4bit,SDPA,GPTQ.ExllamaV1,pytorch,0.192,39.014,0.12307692307692308,0.40210592463872,0.025631824473266004,3.0
1xT4,EleutherAI/gpt-neo-2.7B,2.0,GPTQ.4bit,Eager,GPTQ.ExllamaV2,pytorch,0.322,3.542,0.024462494027711418,0.012419485938346667,0.282326369282891,1.0
1xT4,EleutherAI/gpt-neo-2.7B,2.0,GPTQ.4bit,Eager,GPTQ.ExllamaV1,pytorch,0.321,3.551,0.024538701174215194,0.012451043073706666,0.28161081385525205,1.0
1xT4,EleutherAI/gpt-neo-2.7B,2.0,BnB.8bit,Eager,No Kernel,pytorch,0.106,9.847,0.07431059506531204,0.06735034576554666,0.10155377272265666,2.0
1xT4,EleutherAI/gpt-neo-2.7B,2.0,BnB.8bit,Eager,No Kernel,pytorch,0.103,10.159,0.07647498132935027,0.06948432645802667,0.09843488532335859,2.0
1xT4,EleutherAI/gpt-neo-2.7B,2.0,Unquantized,Eager,No Kernel,pytorch,0.409,18.945,0.038517961256347565,0.2558777699328,0.05278437582475587,4.0
1xT4,EleutherAI/gpt-neo-2.7B,2.0,Unquantized,Eager,No Kernel,pytorch,0.371,18.982,0.04246319718017831,0.25637750482261334,0.05268148772521336,4.0
1xT4,EleutherAI/gpt-neo-2.7B,2.0,BnB.4bit,Eager,No Kernel,pytorch,0.373,20.771,0.02111775623839967,0.07283036206250668,0.04814404698858986,1.0
1xT4,EleutherAI/gpt-neo-2.7B,2.0,BnB.4bit,Eager,No Kernel,pytorch,0.393,21.221,0.02004306126443531,0.07440821883050666,0.047123132745864944,1.0
1xT4,EleutherAI/gpt-neo-2.7B,2.0,AWQ.4bit,Eager,AWQ.GEMM,pytorch,0.173,28.947,0.045531347265451313,0.10149826636288,0.0345458942204719,1.0
1xT4,EleutherAI/gpt-neo-2.7B,2.0,AWQ.4bit,Eager,AWQ.GEMM,pytorch,0.169,29.952,0.04660901228948566,0.10502214647808,0.033386752136752136,1.0
1xT4,EleutherAI/gpt-neo-2.7B,2.0,Unquantized,Eager,No Kernel,pytorch,0.088,30.146,0.17902097902097902,0.40716237806250666,0.033171896769057255,4.0
1xT4,EleutherAI/gpt-neo-2.7B,2.0,Unquantized,Eager,No Kernel,pytorch,0.095,30.596,0.16582995951417004,0.4132402348305067,0.03268401098182769,4.0
1xT4,EleutherAI/gpt-neo-2.7B,2.0,Unquantized,Eager,No Kernel,pytorch,0.52,31.384,0.03029585798816568,0.4238832373486933,0.03186336986999745,4.0
1xT4,EleutherAI/gpt-neo-2.7B,2.0,Unquantized,Eager,No Kernel,pytorch,0.487,31.482,0.03234876006949929,0.42520685948928,0.031764182707578935,4.0
1xT4,EleutherAI/gpt-neo-2.7B,2.0,GPTQ.4bit,Eager,GPTQ.ExllamaV2,pytorch,0.096,31.836,0.08205128205128205,0.11162810681344,0.03141098127905516,1.0
1xT4,EleutherAI/gpt-neo-2.7B,2.0,GPTQ.4bit,Eager,GPTQ.ExllamaV1,pytorch,0.096,34.59,0.08205128205128205,0.12128459023360001,0.028910089621277824,1.0
1xT4,EleutherAI/gpt-neo-2.7B,2.0,AWQ.4bit,Eager,AWQ.GEMV,pytorch,0.168,38.796,0.046886446886446886,0.13603229149184,0.02577585318074028,1.0
1xT4,EleutherAI/gpt-neo-2.7B,2.0,AWQ.4bit,Eager,AWQ.GEMV,pytorch,0.166,39.726,0.047451343836886005,0.13929319547903998,0.025172431153400798,1.0
1xT4,EleutherAI/gpt-neo-2.7B,2.0,AWQ.4bit,Eager,No Kernel,pytorch,1.214,40.887,0.006488404511468762,0.14336406594048,0.024457651576295644,1.0
1xT4,EleutherAI/gpt-neo-2.7B,2.0,AWQ.4bit,Eager,No Kernel,pytorch,0.101,40.903,0.07798933739527798,0.14342016751445333,0.024448084492580006,1.0
1xT4,EleutherAI/gpt-neo-2.7B,2.0,AWQ.4bit,Eager,No Kernel,pytorch,1.127,42.387,0.006989284007917549,0.14862358850048,0.02359213909925213,1.0
1xT4,EleutherAI/gpt-neo-2.7B,2.0,AWQ.4bit,Eager,No Kernel,pytorch,0.099,43.286,0.07956487956487956,0.15177579568810667,0.02310215774153306,1.0
1xT4,openai-community/gpt2,0.0,BnB.8bit,Eager,No Kernel,pytorch,0.032,32.845,0.0,0.005682678988799999,0.030446034404018878,0.0
1xT4,openai-community/gpt2,0.0,BnB.8bit,Eager,No Kernel,pytorch,0.031,34.361,0.0,0.005944969789439999,0.029102761852099767,0.0
1xT4,openai-community/gpt2,0.0,BnB.8bit,SDPA,No Kernel,pytorch,0.029,36.861,0.0,0.0063775073894399995,0.027128943870215135,0.0
1xT4,openai-community/gpt2,0.0,BnB.8bit,SDPA,No Kernel,pytorch,0.028,38.231,0.0,0.00661453799424,0.02615678376186864,0.0
1xT4,openai-community/gpt2,0.0,BnB.4bit,Eager,No Kernel,pytorch,0.023,57.473,0.0,0.00994369339392,0.017399474535869017,0.0
1xT4,openai-community/gpt2,0.0,BnB.4bit,Eager,No Kernel,pytorch,0.023,59.363,0.0,0.01027069181952,0.016845509829354986,0.0
1xT4,openai-community/gpt2,0.0,BnB.4bit,SDPA,No Kernel,pytorch,0.021,66.784,0.0,0.011554636431360002,0.014973646382367032,0.0
1xT4,openai-community/gpt2,0.0,BnB.4bit,SDPA,No Kernel,pytorch,0.02,70.728,0.0,0.012237007749119998,0.014138672095916753,0.0
1xT4,openai-community/gpt2,0.0,Unquantized,Eager,No Kernel,pytorch,0.011,99.838,0.0,0.01727347556352,0.010016226286584266,0.0
1xT4,openai-community/gpt2,0.0,torchao.4bit,SDPA,No Kernel,pytorch,0.025,100.902,0.0,0.01745756356608,0.009910606330895324,0.0
1xT4,openai-community/gpt2,0.0,Unquantized,Eager,No Kernel,pytorch,0.012,101.116,0.0,0.01749458878464,0.009889631710115115,0.0
1xT4,openai-community/gpt2,0.0,AWQ.4bit,Eager,No Kernel,pytorch,0.012,102.008,0.0,0.01764891820032,0.00980315269390636,0.0
1xT4,openai-community/gpt2,0.0,AWQ.4bit,Eager,AWQ.GEMV,pytorch,0.012,102.224,0.0,0.01768628944896,0.009782438566285804,0.0
1xT4,openai-community/gpt2,0.0,AWQ.4bit,Eager,No Kernel,pytorch,0.012,102.822,0.0,0.017789752442880002,0.009725545116803796,0.0
1xT4,openai-community/gpt2,0.0,AWQ.4bit,Eager,AWQ.GEMM,pytorch,0.012,104.121,0.0,0.01801449897984,0.009604210485877009,0.0
1xT4,openai-community/gpt2,0.0,Unquantized,Eager,No Kernel,pytorch,0.024,105.879,0.0,0.01831865942016,0.009444743527989498,0.0
1xT4,openai-community/gpt2,0.0,GPTQ.4bit,Eager,GPTQ.ExllamaV2,pytorch,0.013,106.374,0.0,0.018404301864959997,0.009400793426965237,0.0
1xT4,openai-community/gpt2,0.0,Unquantized,Eager,No Kernel,pytorch,0.023,107.681,0.0,0.018630432522239997,0.009286689388100037,0.0
1xT4,openai-community/gpt2,0.0,torchao.4bit,Eager,No Kernel,pytorch,0.024,107.726,0.0,0.01863821819904,0.009282810092271132,0.0
1xT4,openai-community/gpt2,0.0,GPTQ.4bit,Eager,GPTQ.ExllamaV2,pytorch,0.012,108.297,0.0,0.018737009786879998,0.009233866127408886,0.0
1xT4,openai-community/gpt2,0.0,GPTQ.4bit,Eager,GPTQ.ExllamaV1,pytorch,0.012,109.355,0.0,0.0189200596992,0.009144529285355037,0.0
1xT4,openai-community/gpt2,0.0,Unquantized,Eager,No Kernel,pytorch,0.017,109.705,0.0,0.0189806149632,0.009115354815186182,0.0
1xT4,openai-community/gpt2,0.0,GPTQ.4bit,Eager,GPTQ.ExllamaV1,pytorch,0.012,110.469,0.0,0.01911279845376,0.009052313318668586,0.0
1xT4,openai-community/gpt2,0.0,Unquantized,Eager,No Kernel,pytorch,0.017,111.204,0.0,0.01923996450816,0.0089924822848099,0.0
1xT4,openai-community/gpt2,0.0,Unquantized,SDPA,No Kernel,pytorch,0.023,123.194,0.0,0.02131441483776,0.00811727843888501,0.0
1xT4,openai-community/gpt2,0.0,Unquantized,SDPA,No Kernel,pytorch,0.024,123.636,0.0,0.021390887485439998,0.008088259083114951,0.0
1xT4,openai-community/gpt2,0.0,Unquantized,SDPA,No Kernel,pytorch,0.009,130.074,0.0,0.02250475831296,0.007687931485154603,0.0
1xT4,openai-community/gpt2,0.0,Unquantized,SDPA,No Kernel,pytorch,0.009,131.712,0.0,0.02278815694848,0.007592322643343052,0.0
1xT4,openai-community/gpt2,0.0,AWQ.4bit,SDPA,AWQ.GEMV,pytorch,0.009,132.803,0.0,0.022976916357119997,0.007529950377627012,0.0
1xT4,openai-community/gpt2,0.0,AWQ.4bit,SDPA,No Kernel,pytorch,0.009,132.869,0.0,0.022988335349759997,0.007526210026416997,0.0
1xT4,openai-community/gpt2,0.0,AWQ.4bit,SDPA,AWQ.GEMM,pytorch,0.009,135.742,0.0,0.023485407559679997,0.0073669166507050144,0.0
1xT4,openai-community/gpt2,0.0,AWQ.4bit,SDPA,No Kernel,pytorch,0.009,135.876,0.0,0.02350859157504,0.007359651446907475,0.0
1xT4,openai-community/gpt2,0.0,Unquantized,SDPA,No Kernel,pytorch,0.016,139.569,0.0,0.024147536117759997,0.007164914844987068,0.0
1xT4,openai-community/gpt2,0.0,Unquantized,SDPA,No Kernel,pytorch,0.015,142.971,0.0,0.02473613328384,0.006994425442921991,0.0
1xT4,openai-community/gpt2,0.0,GPTQ.4bit,SDPA,GPTQ.ExllamaV1,pytorch,0.01,147.725,0.0,0.025558646784,0.006769334912844813,0.0
1xT4,openai-community/gpt2,0.0,GPTQ.4bit,SDPA,GPTQ.ExllamaV2,pytorch,0.01,148.61,0.0,0.025711765094400003,0.006729022273063723,0.0
1xT4,openai-community/gpt2,0.0,GPTQ.4bit,SDPA,GPTQ.ExllamaV1,pytorch,0.01,151.372,0.0,0.026189632634880004,0.0066062415770419885,0.0
1xT4,openai-community/gpt2,0.0,GPTQ.4bit,SDPA,GPTQ.ExllamaV2,pytorch,0.009,151.813,0.0,0.026265932267519998,0.006587051174800578,0.0
1xT4,EleutherAI/gpt-neox-20b,20.0,GPTQ.4bit,Eager,GPTQ.ExllamaV1,pytorch,2.338,0.461,0.033690860038165425,0.015729211818666666,2.1691973969631237,10.0
1xT4,EleutherAI/gpt-neox-20b,20.0,GPTQ.4bit,Eager,GPTQ.ExllamaV2,pytorch,2.333,0.461,0.033763065053249365,0.015729211818666666,2.1691973969631237,10.0
1xT4,EleutherAI/gpt-neox-20b,20.0,GPTQ.4bit,SDPA,GPTQ.ExllamaV1,pytorch,2.295,0.464,0.034322104910340205,0.01583157111466667,2.155172413793103,10.0
1xT4,EleutherAI/gpt-neox-20b,20.0,GPTQ.4bit,SDPA,GPTQ.ExllamaV2,pytorch,2.291,0.465,0.034382030017123866,0.01586569088,2.150537634408602,10.0
1xT4,EleutherAI/gpt-neox-20b,20.0,BnB.4bit,Eager,No Kernel,pytorch,3.045,4.327,0.025868384489074144,0.14763622459733333,0.23110700254217703,10.0
1xT4,EleutherAI/gpt-neox-20b,20.0,BnB.4bit,SDPA,No Kernel,pytorch,3.003,4.453,0.026230180076333924,0.15193531502933336,0.22456770716370986,10.0
1xT4,EleutherAI/gpt-neox-20b,20.0,BnB.4bit,Eager,No Kernel,pytorch,2.84,4.603,0.027735644637053088,0.15705327982933331,0.21724961981316535,10.0
1xT4,EleutherAI/gpt-neox-20b,20.0,BnB.4bit,SDPA,No Kernel,pytorch,2.79,4.771,0.028232699200441136,0.16278540040533335,0.2095996646405366,10.0
1xT4,EleutherAI/gpt-neox-20b,20.0,AWQ.4bit,Eager,AWQ.GEMM,pytorch,1.35,12.051,0.058347578347578345,0.411177292032,0.08298066550493735,10.0
1xT4,EleutherAI/gpt-neox-20b,20.0,AWQ.4bit,Eager,AWQ.GEMM,pytorch,1.328,12.164,0.05931417979610751,0.41503282551466664,0.08220979940808945,10.0
1xT4,EleutherAI/gpt-neox-20b,20.0,AWQ.4bit,Eager,AWQ.GEMV,pytorch,1.178,12.334,0.06686691915893954,0.4208331856213333,0.08107669855683476,10.0
1xT4,EleutherAI/gpt-neox-20b,20.0,AWQ.4bit,Eager,AWQ.GEMV,pytorch,1.17,12.493,0.0673241288625904,0.42625822830933335,0.08004482510205715,10.0
1xT4,EleutherAI/gpt-neox-20b,20.0,AWQ.4bit,SDPA,AWQ.GEMM,pytorch,1.32,12.826,0.059673659673659674,0.4376201101653333,0.0779666302822392,10.0
1xT4,EleutherAI/gpt-neox-20b,20.0,AWQ.4bit,SDPA,AWQ.GEMV,pytorch,1.135,12.863,0.06940020332090817,0.4388825414826667,0.07774236181295188,10.0
1xT4,EleutherAI/gpt-neox-20b,20.0,AWQ.4bit,SDPA,AWQ.GEMM,pytorch,1.304,12.91,0.060405851816894764,0.4404861704533333,0.07745933384972889,10.0
1xT4,EleutherAI/gpt-neox-20b,20.0,AWQ.4bit,SDPA,AWQ.GEMV,pytorch,1.127,13.003,0.06989284007917548,0.4436593086293334,0.07690532953933707,10.0
1xT4,EleutherAI/gpt-neox-20b,20.0,AWQ.4bit,Eager,No Kernel,pytorch,9.602,14.186,0.008203419159469982,0.48402299101866664,0.07049203440011279,10.0
1xT4,EleutherAI/gpt-neox-20b,20.0,AWQ.4bit,Eager,No Kernel,pytorch,9.364,14.497,0.008411921269674367,0.4946342380373333,0.0689797889218459,10.0
1xT4,EleutherAI/gpt-neox-20b,20.0,GPTQ.4bit,Eager,GPTQ.ExllamaV1,pytorch,0.635,14.523,0.12404603270745003,0.495521351936,0.06885629690835227,10.0
1xT4,EleutherAI/gpt-neox-20b,20.0,GPTQ.4bit,Eager,GPTQ.ExllamaV2,pytorch,0.636,14.537,0.12385099177552007,0.49599902865066675,0.06878998417830363,10.0
1xT4,EleutherAI/gpt-neox-20b,20.0,AWQ.4bit,SDPA,No Kernel,pytorch,9.607,14.866,0.008199149658502214,0.5072244314453334,0.06726759047490918,10.0
1xT4,EleutherAI/gpt-neox-20b,20.0,AWQ.4bit,SDPA,No Kernel,pytorch,9.331,15.177,0.008441670857274758,0.517835678464,0.06588917440864465,10.0
1xT4,EleutherAI/gpt-neox-20b,20.0,GPTQ.4bit,SDPA,GPTQ.ExllamaV1,pytorch,0.596,15.432,0.13216313887454828,0.526536218624,0.06480041472265423,10.0
1xT4,EleutherAI/gpt-neox-20b,20.0,GPTQ.4bit,SDPA,GPTQ.ExllamaV2,pytorch,0.596,15.447,0.13216313887454828,0.5270480151039999,0.06473748948015796,10.0
1xT4,EleutherAI/gpt-neox-20b,20.0,AWQ.4bit,Eager,No Kernel,pytorch,0.689,15.966,0.11432399240817238,0.544756173312,0.0626330953275711,10.0
1xT4,EleutherAI/gpt-neox-20b,20.0,AWQ.4bit,Eager,No Kernel,pytorch,0.681,16.14,0.11566700553484695,0.5506930124800001,0.06195786864931846,10.0
1xT4,EleutherAI/gpt-neox-20b,20.0,AWQ.4bit,SDPA,No Kernel,pytorch,0.649,17.378,0.12137015526846036,0.5929332819626667,0.05754402117619979,10.0
1xT4,EleutherAI/gpt-neox-20b,20.0,AWQ.4bit,SDPA,No Kernel,pytorch,0.64,17.381,0.12307692307692308,0.5930356412586666,0.05753408894770151,10.0
1xT4,EleutherAI/pythia-12b,12.0,BnB.4bit,Eager,No Kernel,pytorch,1.679,7.379,0.028148623264763823,0.15129397230591998,0.13551971811898633,6.0
1xT4,EleutherAI/pythia-12b,12.0,BnB.4bit,SDPA,No Kernel,pytorch,1.659,7.651,0.02848796772847406,0.15687087438848002,0.13070186903672723,6.0
1xT4,EleutherAI/pythia-12b,12.0,BnB.4bit,Eager,No Kernel,pytorch,1.577,7.798,0.029969269791717476,0.15988486191104,0.12823800974608873,6.0
1xT4,EleutherAI/pythia-12b,12.0,BnB.4bit,SDPA,No Kernel,pytorch,1.562,8.189,0.030257066876785185,0.16790165865472,0.12211503236048357,6.0
1xT4,EleutherAI/pythia-12b,12.0,BnB.8bit,Eager,No Kernel,pytorch,0.162,10.817,0.2917378917378917,0.43812437436416,0.09244707405010631,12.0
1xT4,EleutherAI/pythia-12b,12.0,BnB.8bit,Eager,No Kernel,pytorch,0.168,11.032,0.2813186813186813,0.44683258740736,0.09064539521392313,12.0
1xT4,EleutherAI/pythia-12b,12.0,BnB.8bit,SDPA,No Kernel,pytorch,0.138,11.604,0.34247491638795985,0.47000048443392,0.08617718028266115,12.0
1xT4,EleutherAI/pythia-12b,12.0,BnB.8bit,SDPA,No Kernel,pytorch,0.148,11.788,0.31933471933471935,0.47745309466624,0.08483203257550051,12.0
1xT4,EleutherAI/pythia-12b,12.0,AWQ.4bit,Eager,AWQ.GEMM,pytorch,0.757,18.403,0.06243267960573112,0.37732253318144,0.05433896647285769,6.0
1xT4,EleutherAI/pythia-12b,12.0,AWQ.4bit,Eager,AWQ.GEMM,pytorch,0.733,18.579,0.06447686011123938,0.38093111688192,0.053824210129716346,6.0
1xT4,EleutherAI/pythia-12b,12.0,AWQ.4bit,Eager,AWQ.GEMV,pytorch,0.66,20.17,0.07160839160839161,0.41355189340160003,0.04957858205255329,6.0
1xT4,EleutherAI/pythia-12b,12.0,AWQ.4bit,Eager,AWQ.GEMV,pytorch,0.655,20.407,0.07215502055196711,0.41841117940736006,0.04900279315921007,6.0
1xT4,EleutherAI/pythia-12b,12.0,AWQ.4bit,SDPA,AWQ.GEMM,pytorch,0.724,20.54,0.06527836804079898,0.42113812049919996,0.04868549172346641,6.0
1xT4,EleutherAI/pythia-12b,12.0,AWQ.4bit,SDPA,AWQ.GEMM,pytorch,0.73,20.576,0.06474183350895679,0.42187623989248,0.04860031104199067,6.0
1xT4,EleutherAI/pythia-12b,12.0,AWQ.4bit,SDPA,AWQ.GEMV,pytorch,0.643,21.386,0.07350161502572078,0.43848392624128,0.046759562330496586,6.0
1xT4,EleutherAI/pythia-12b,12.0,AWQ.4bit,SDPA,AWQ.GEMV,pytorch,0.633,21.764,0.07466277798031352,0.44623417987072,0.045947436133063776,6.0
1xT4,EleutherAI/pythia-12b,12.0,AWQ.4bit,Eager,No Kernel,pytorch,5.431,22.597,0.008702179794059742,0.46331344249856,0.044253661990529713,6.0
1xT4,EleutherAI/pythia-12b,12.0,GPTQ.4bit,Eager,GPTQ.ExllamaV2,pytorch,0.324,23.147,0.14586894586894586,0.47459026656256,0.043202142826284186,6.0
1xT4,EleutherAI/pythia-12b,12.0,AWQ.4bit,Eager,No Kernel,pytorch,5.203,23.158,0.009083516905927054,0.47481580304383997,0.04318162190171863,6.0
1xT4,EleutherAI/pythia-12b,12.0,GPTQ.4bit,Eager,GPTQ.ExllamaV1,pytorch,0.321,23.159,0.14723220704529116,0.47483630636032,0.043179757329763806,6.0
1xT4,EleutherAI/pythia-12b,12.0,GPTQ.4bit,Eager,GPTQ.ExllamaV2,pytorch,0.322,23.245,0.1467749641662685,0.4765995915776,0.043020004302000425,6.0
1xT4,EleutherAI/pythia-12b,12.0,GPTQ.4bit,Eager,GPTQ.ExllamaV1,pytorch,0.321,23.256,0.14723220704529116,0.47682512805888005,0.042999656002751976,6.0
1xT4,EleutherAI/pythia-12b,12.0,AWQ.4bit,SDPA,No Kernel,pytorch,5.399,24.58,0.008753757818399419,0.5039715190783999,0.04068348250610253,6.0
1xT4,EleutherAI/pythia-12b,12.0,AWQ.4bit,Eager,No Kernel,pytorch,0.353,24.723,0.13388537807801265,0.5069034933350399,0.04044816567568661,6.0
1xT4,EleutherAI/pythia-12b,12.0,AWQ.4bit,SDPA,No Kernel,pytorch,5.167,25.111,0.009146804424528442,0.51485878012928,0.03982318505834097,6.0
1xT4,EleutherAI/pythia-12b,12.0,AWQ.4bit,Eager,No Kernel,pytorch,0.345,25.182,0.13698996655518395,0.5163145155993599,0.03971090461440712,6.0
1xT4,EleutherAI/pythia-12b,12.0,GPTQ.4bit,SDPA,GPTQ.ExllamaV1,pytorch,0.303,25.453,0.15597867479055597,0.52187091436544,0.039288099634620675,6.0
1xT4,EleutherAI/pythia-12b,12.0,GPTQ.4bit,SDPA,GPTQ.ExllamaV2,pytorch,0.301,25.493,0.1570150779453105,0.52269104702464,0.03922645432079395,6.0
1xT4,EleutherAI/pythia-12b,12.0,GPTQ.4bit,SDPA,GPTQ.ExllamaV1,pytorch,0.3,25.547,0.15753846153846154,0.5237982261145601,0.039143539358828826,6.0
1xT4,EleutherAI/pythia-12b,12.0,GPTQ.4bit,SDPA,GPTQ.ExllamaV2,pytorch,0.298,25.626,0.15859576664945793,0.5254179881164801,0.03902286740029657,6.0
1xT4,EleutherAI/pythia-12b,12.0,AWQ.4bit,SDPA,No Kernel,pytorch,0.325,28.103,0.14542011834319526,0.57620470303744,0.03558338967370032,6.0
1xT4,EleutherAI/pythia-12b,12.0,AWQ.4bit,SDPA,No Kernel,pytorch,0.33,28.187,0.14321678321678322,0.57792698162176,0.03547734771348494,6.0
1xT4,EleutherAI/pythia-160m,0.0,BnB.8bit,Eager,No Kernel,pytorch,0.032,32.581,0.0,0.0056370030182400005,0.030692735029618487,0.0
1xT4,EleutherAI/pythia-160m,0.0,BnB.8bit,Eager,No Kernel,pytorch,0.031,32.766,0.0,0.00566901080064,0.03051944088384301,0.0
1xT4,EleutherAI/pythia-160m,0.0,BnB.8bit,SDPA,No Kernel,pytorch,0.029,34.905,0.0,0.0060390899712,0.028649190660363845,0.0
1xT4,EleutherAI/pythia-160m,0.0,BnB.8bit,SDPA,No Kernel,pytorch,0.029,35.117,0.0,0.006075769159679999,0.028476236580573515,0.0
1xT4,EleutherAI/pythia-160m,0.0,BnB.4bit,Eager,No Kernel,pytorch,0.023,54.51,0.0,0.0094310498304,0.0183452577508714,0.0
1xT4,EleutherAI/pythia-160m,0.0,BnB.4bit,Eager,No Kernel,pytorch,0.024,54.965,0.0,0.0095097716736,0.01819339579732557,0.0
1xT4,EleutherAI/pythia-160m,0.0,BnB.4bit,SDPA,No Kernel,pytorch,0.021,62.871,0.0,0.010877628579840001,0.01590558445070064,0.0
1xT4,EleutherAI/pythia-160m,0.0,BnB.4bit,SDPA,No Kernel,pytorch,0.021,63.612,0.0,0.011005832724480002,0.01572030434509212,0.0
1xT4,EleutherAI/pythia-160m,0.0,AWQ.4bit,Eager,AWQ.GEMM,pytorch,0.016,68.021,0.0,0.01176865603584,0.01470134223254583,0.0
1xT4,EleutherAI/pythia-160m,0.0,AWQ.4bit,Eager,AWQ.GEMM,pytorch,0.016,68.973,0.0,0.011933366353920002,0.014498426920679106,0.0
1xT4,EleutherAI/pythia-160m,0.0,AWQ.4bit,Eager,AWQ.GEMV,pytorch,0.015,80.325,0.0,0.013897433088,0.012449424214130096,0.0
1xT4,EleutherAI/pythia-160m,0.0,AWQ.4bit,Eager,AWQ.GEMV,pytorch,0.015,81.197,0.0,0.014048302202880001,0.01231572595046615,0.0
1xT4,EleutherAI/pythia-160m,0.0,AWQ.4bit,SDPA,AWQ.GEMM,pytorch,0.013,82.982,0.0,0.014357134049279999,0.01205080619893471,0.0
1xT4,EleutherAI/pythia-160m,0.0,AWQ.4bit,SDPA,AWQ.GEMM,pytorch,0.013,83.213,0.0,0.01439710052352,0.012017353057815486,0.0
1xT4,EleutherAI/pythia-160m,0.0,AWQ.4bit,Eager,No Kernel,pytorch,0.014,83.64,0.0,0.0144709779456,0.011956001912960305,0.0
1xT4,EleutherAI/pythia-160m,0.0,AWQ.4bit,Eager,No Kernel,pytorch,0.043,84.429,0.0,0.01460748681216,0.01184427151808028,0.0
1xT4,EleutherAI/pythia-160m,0.0,Unquantized,Eager,No Kernel,pytorch,0.013,85.389,0.0,0.014773581250559999,0.011711110330370422,0.0
1xT4,EleutherAI/pythia-160m,0.0,AWQ.4bit,Eager,No Kernel,pytorch,0.014,85.54,0.0,0.0147997065216,0.011690437222352116,0.0
1xT4,EleutherAI/pythia-160m,0.0,GPTQ.4bit,Eager,GPTQ.ExllamaV2,pytorch,0.014,86.393,0.0,0.01494728835072,0.01157501186438716,0.0
1xT4,EleutherAI/pythia-160m,0.0,AWQ.4bit,Eager,No Kernel,pytorch,0.035,87.146,0.0,0.015077568675840002,0.011474995983751405,0.0
1xT4,EleutherAI/pythia-160m,0.0,GPTQ.4bit,Eager,GPTQ.ExllamaV1,pytorch,0.014,87.328,0.0,0.01510905741312,0.011451080982044705,0.0
1xT4,EleutherAI/pythia-160m,0.0,Unquantized,Eager,No Kernel,pytorch,0.025,87.43,0.0,0.0151267049472,0.011437721605856113,0.0
1xT4,EleutherAI/pythia-160m,0.0,GPTQ.4bit,Eager,GPTQ.ExllamaV2,pytorch,0.014,89.079,0.0,0.015412006748159998,0.011225990413004188,0.0
1xT4,EleutherAI/pythia-160m,0.0,GPTQ.4bit,Eager,GPTQ.ExllamaV1,pytorch,0.013,89.548,0.0,0.015493150801920002,0.011167195247241702,0.0
1xT4,EleutherAI/pythia-160m,0.0,Unquantized,Eager,No Kernel,pytorch,0.012,90.054,0.0,0.015580696412159999,0.011104448442045884,0.0
1xT4,EleutherAI/pythia-160m,0.0,Unquantized,Eager,No Kernel,pytorch,0.025,90.103,0.0,0.015589174149119998,0.011098409597904622,0.0
1xT4,EleutherAI/pythia-160m,0.0,Unquantized,Eager,No Kernel,pytorch,0.017,95.406,0.0,0.01650667290624,0.010481521078338888,0.0
1xT4,EleutherAI/pythia-160m,0.0,Unquantized,Eager,No Kernel,pytorch,0.017,95.721,0.0,0.01656117264384,0.010447028342787894,0.0
1xT4,EleutherAI/pythia-160m,0.0,AWQ.4bit,SDPA,AWQ.GEMV,pytorch,0.012,98.46,0.0,0.0170350608384,0.010156408693885843,0.0
1xT4,EleutherAI/pythia-160m,0.0,Unquantized,SDPA,No Kernel,pytorch,0.023,98.864,0.0,0.01710495891456,0.010114905324486162,0.0
1xT4,EleutherAI/pythia-160m,0.0,AWQ.4bit,SDPA,AWQ.GEMV,pytorch,0.011,101.909,0.0,0.01763178971136,0.009812676014876016,0.0
1xT4,EleutherAI/pythia-160m,0.0,Unquantized,SDPA,No Kernel,pytorch,0.01,103.751,0.0,0.017950483415040002,0.009638461316035508,0.0
1xT4,EleutherAI/pythia-160m,0.0,Unquantized,SDPA,No Kernel,pytorch,0.023,103.804,0.0,0.01795965321216,0.009633540133328195,0.0
1xT4,EleutherAI/pythia-160m,0.0,AWQ.4bit,SDPA,No Kernel,pytorch,0.011,106.145,0.0,0.0183646814208,0.009421074944651185,0.0
1xT4,EleutherAI/pythia-160m,0.0,AWQ.4bit,SDPA,No Kernel,pytorch,0.011,106.757,0.0,0.018470566625280002,0.00936706726491003,0.0
1xT4,EleutherAI/pythia-160m,0.0,AWQ.4bit,SDPA,No Kernel,pytorch,0.032,107.592,0.0,0.018615034183679997,0.009294371328723326,0.0
1xT4,EleutherAI/pythia-160m,0.0,AWQ.4bit,SDPA,No Kernel,pytorch,0.04,107.724,0.0,0.018637872168960002,0.00928298243659723,0.0
1xT4,EleutherAI/pythia-160m,0.0,GPTQ.4bit,SDPA,GPTQ.ExllamaV1,pytorch,0.011,110.458,0.0,0.01911089528832,0.009053214796574264,0.0
1xT4,EleutherAI/pythia-160m,0.0,Unquantized,SDPA,No Kernel,pytorch,0.01,111.127,0.0,0.01922664235008,0.008998713184014686,0.0
1xT4,EleutherAI/pythia-160m,0.0,GPTQ.4bit,SDPA,GPTQ.ExllamaV2,pytorch,0.011,112.379,0.0,0.01944325718016,0.008898459676629975,0.0
1xT4,EleutherAI/pythia-160m,0.0,GPTQ.4bit,SDPA,GPTQ.ExllamaV1,pytorch,0.011,112.688,0.0,0.01949671882752,0.00887405934970893,0.0
1xT4,EleutherAI/pythia-160m,0.0,GPTQ.4bit,SDPA,GPTQ.ExllamaV2,pytorch,0.011,114.164,0.0,0.019752089026559998,0.008759328685049578,0.0
1xT4,EleutherAI/pythia-160m,0.0,Unquantized,SDPA,No Kernel,pytorch,0.015,115.821,0.0,0.02003877494784,0.008634012830143065,0.0
1xT4,EleutherAI/pythia-160m,0.0,Unquantized,SDPA,No Kernel,pytorch,0.015,121.109,0.0,0.020953678479359996,0.008257024663732671,0.0
1xT4,openai-community/gpt2-large,0.0,BnB.8bit,Eager,No Kernel,pytorch,0.086,11.93,0.0,0.0020640694271999997,0.08382229673093043,0.0
1xT4,openai-community/gpt2-large,0.0,BnB.8bit,SDPA,No Kernel,pytorch,0.077,13.181,0.0,0.00228051124224,0.07586677793794099,0.0
1xT4,openai-community/gpt2-large,0.0,BnB.4bit,Eager,No Kernel,pytorch,0.115,20.778,0.0,0.0035949065011199994,0.04812782750986621,0.0
1xT4,openai-community/gpt2-large,0.0,BnB.4bit,SDPA,No Kernel,pytorch,0.111,24.655,0.0,0.0042656858112,0.04055972419387548,0.0
1xT4,openai-community/gpt2-large,0.0,GPTQ.4bit,Eager,GPTQ.ExllamaV2,pytorch,0.036,37.123,0.0,0.00642283732992,0.026937478113299034,0.0
1xT4,openai-community/gpt2-large,0.0,Unquantized,Eager,No Kernel,pytorch,0.029,37.94,0.0,0.0065641906176,0.02635740643120717,0.0
1xT4,openai-community/gpt2-large,0.0,GPTQ.4bit,Eager,GPTQ.ExllamaV1,pytorch,0.035,38.928,0.0,0.006735129477119999,0.02568845047266749,0.0
1xT4,openai-community/gpt2-large,0.0,Unquantized,Eager,No Kernel,pytorch,0.158,39.829,0.0,0.00689101602816,0.025107333852218233,0.0
1xT4,openai-community/gpt2-large,0.0,Unquantized,Eager,No Kernel,pytorch,0.101,40.371,0.0,0.006984790179840002,0.024770255876743204,0.0
1xT4,openai-community/gpt2-large,0.0,GPTQ.4bit,Eager,GPTQ.ExllamaV2,pytorch,0.035,41.001,0.0,0.007093789655039999,0.024389649032950416,0.0
1xT4,openai-community/gpt2-large,0.0,GPTQ.4bit,Eager,GPTQ.ExllamaV1,pytorch,0.035,41.365,0.0,0.0071567671296000005,0.024175027196905594,0.0
1xT4,openai-community/gpt2-large,0.0,Unquantized,SDPA,No Kernel,pytorch,0.155,46.713,0.0,0.00808205156352,0.021407317020957762,0.0
1xT4,openai-community/gpt2-large,0.0,Unquantized,SDPA,No Kernel,pytorch,0.022,51.103,0.0,0.00884158758912,0.019568322799052892,0.0
1xT4,openai-community/gpt2-large,0.0,GPTQ.4bit,SDPA,GPTQ.ExllamaV1,pytorch,0.031,51.715,0.0,0.0089474727936,0.019336749492410325,0.0
1xT4,openai-community/gpt2-large,0.0,GPTQ.4bit,SDPA,GPTQ.ExllamaV2,pytorch,0.031,52.612,0.0,0.00910266728448,0.019007070630274462,0.0
1xT4,openai-community/gpt2-large,0.0,Unquantized,SDPA,No Kernel,pytorch,0.107,53.413,0.0,0.00924125233152,0.018722033961769607,0.0
1xT4,openai-community/gpt2-large,0.0,GPTQ.4bit,SDPA,GPTQ.ExllamaV1,pytorch,0.031,56.288,0.0,0.00973867057152,0.01776577600909608,0.0
1xT4,openai-community/gpt2-large,0.0,GPTQ.4bit,SDPA,GPTQ.ExllamaV2,pytorch,0.031,58.068,0.0,0.010046637342719999,0.01722118895088517,0.0
1xT4,togethercomputer/RedPajama-INCITE-Base-3B-v1,3.0,BnB.8bit,Eager,No Kernel,pytorch,0.083,12.301,0.142354031510658,0.12678282101247998,0.08129420372327453,3.0
1xT4,togethercomputer/RedPajama-INCITE-Base-3B-v1,3.0,BnB.8bit,SDPA,No Kernel,pytorch,0.073,13.629,0.16185458377239198,0.14047012987392,0.07337295472888694,3.0
1xT4,togethercomputer/RedPajama-INCITE-Base-3B-v1,3.0,Unquantized,Eager,No Kernel,pytorch,0.374,19.085,0.06318387494858083,0.3875535313408,0.05239717055279015,6.0
1xT4,togethercomputer/RedPajama-INCITE-Base-3B-v1,3.0,BnB.4bit,Eager,No Kernel,pytorch,0.37,19.564,0.03193347193347194,0.10382044470272,0.05111429155591903,1.5
1xT4,togethercomputer/RedPajama-INCITE-Base-3B-v1,3.0,Unquantized,SDPA,No Kernel,pytorch,0.374,21.066,0.06318387494858083,0.42778112083968,0.04746985664103295,6.0
1xT4,togethercomputer/RedPajama-INCITE-Base-3B-v1,3.0,BnB.4bit,SDPA,No Kernel,pytorch,0.357,23.998,0.033096315449256626,0.12735039010304,0.041670139178264856,1.5
1xT4,togethercomputer/RedPajama-INCITE-Base-3B-v1,3.0,Unquantized,Eager,No Kernel,pytorch,0.081,29.821,0.2917378917378917,0.60556635358208,0.03353341604909292,6.0
1xT4,togethercomputer/RedPajama-INCITE-Base-3B-v1,3.0,Unquantized,Eager,No Kernel,pytorch,0.492,30.7,0.04803001876172608,0.623415950336,0.03257328990228013,6.0
1xT4,togethercomputer/RedPajama-INCITE-Base-3B-v1,3.0,Unquantized,SDPA,No Kernel,pytorch,0.485,34.887,0.048723235527359236,0.7084401387417599,0.02866397225327486,6.0
1xT4,togethercomputer/RedPajama-INCITE-Base-3B-v1,3.0,Unquantized,SDPA,No Kernel,pytorch,0.066,35.023,0.35804195804195804,0.7112018510950401,0.028552665391314277,6.0
1xT4,EleutherAI/gpt-neo-1.3B,1.0,GPTQ.4bit,Eager,GPTQ.ExllamaV2,pytorch,0.161,7.076,0.024462494027711418,0.013017587756373331,0.14132278123233466,0.5
1xT4,EleutherAI/gpt-neo-1.3B,1.0,GPTQ.4bit,Eager,GPTQ.ExllamaV1,pytorch,0.161,7.085,0.024462494027711418,0.013034144891733332,0.14114326040931546,0.5
1xT4,EleutherAI/gpt-neo-1.3B,1.0,BnB.8bit,Eager,No Kernel,pytorch,0.081,12.917,0.048622981956315287,0.04529150193834667,0.077417356971433,1.0
1xT4,EleutherAI/gpt-neo-1.3B,1.0,BnB.8bit,Eager,No Kernel,pytorch,0.077,13.591,0.05114885114885115,0.04765478074197333,0.07357810315650062,1.0
1xT4,EleutherAI/gpt-neo-1.3B,1.0,BnB.4bit,Eager,No Kernel,pytorch,0.196,27.324,0.020094191522762952,0.05026746295296001,0.0365978626848192,0.5
1xT4,EleutherAI/gpt-neo-1.3B,1.0,BnB.4bit,Eager,No Kernel,pytorch,0.207,27.673,0.01902638424377555,0.050909511868586665,0.03613630614678568,0.5
1xT4,EleutherAI/gpt-neo-1.3B,1.0,Unquantized,Eager,No Kernel,pytorch,0.241,35.713,0.03268432812001277,0.24426555279018666,0.028001008036289306,2.0
1xT4,EleutherAI/gpt-neo-1.3B,1.0,Unquantized,Eager,No Kernel,pytorch,0.219,35.8,0.03596768528275378,0.24486060509866664,0.02793296089385475,2.0
1xT4,EleutherAI/gpt-neo-1.3B,1.0,AWQ.4bit,Eager,AWQ.GEMM,pytorch,0.09,38.482,0.04376068376068376,0.07079463143594666,0.025986175354711295,0.5
1xT4,EleutherAI/gpt-neo-1.3B,1.0,AWQ.4bit,Eager,AWQ.GEMM,pytorch,0.087,39.585,0.04526967285587975,0.0728238003584,0.02526209422761147,0.5
1xT4,EleutherAI/gpt-neo-1.3B,1.0,GPTQ.4bit,Eager,GPTQ.ExllamaV1,pytorch,0.055,42.489,0.07160839160839161,0.07816623603456,0.023535503306738217,0.5
1xT4,EleutherAI/gpt-neo-1.3B,1.0,AWQ.4bit,Eager,AWQ.GEMV,pytorch,0.084,51.565,0.046886446886446886,0.09486318720426666,0.01939299912731504,0.5
1xT4,EleutherAI/gpt-neo-1.3B,1.0,Unquantized,Eager,No Kernel,pytorch,0.043,51.922,0.18318425760286225,0.35512995357354665,0.019259658718847505,2.0
1xT4,EleutherAI/gpt-neo-1.3B,1.0,AWQ.4bit,Eager,No Kernel,pytorch,0.056,53.02,0.07032967032967033,0.09753992408746667,0.01886080724254998,0.5
1xT4,EleutherAI/gpt-neo-1.3B,1.0,AWQ.4bit,Eager,No Kernel,pytorch,0.586,53.331,0.006720924127067472,0.09811206509824,0.01875082034839024,0.5
1xT4,EleutherAI/gpt-neo-1.3B,1.0,GPTQ.4bit,Eager,GPTQ.ExllamaV2,pytorch,0.053,53.947,0.07431059506531204,0.09924530902954666,0.018536711958032883,0.5
1xT4,EleutherAI/gpt-neo-1.3B,1.0,Unquantized,Eager,No Kernel,pytorch,0.248,54.042,0.03176178660049628,0.36963007879168,0.018504126420191704,2.0
1xT4,EleutherAI/gpt-neo-1.3B,1.0,Unquantized,Eager,No Kernel,pytorch,0.262,54.456,0.030064591896652965,0.37246170701824005,0.018363449390333478,2.0
1xT4,EleutherAI/gpt-neo-1.3B,1.0,Unquantized,Eager,No Kernel,pytorch,0.045,54.553,0.17504273504273504,0.37312515614378666,0.018330797573002402,2.0
1xT4,EleutherAI/gpt-neo-1.3B,1.0,AWQ.4bit,Eager,AWQ.GEMV,pytorch,0.083,54.643,0.047451343836886005,0.10052572749738667,0.018300605750050325,0.5
1xT4,EleutherAI/gpt-neo-1.3B,1.0,AWQ.4bit,Eager,No Kernel,pytorch,0.054,54.703,0.07293447293447293,0.10063610839978668,0.018280533060344037,0.5
1xT4,EleutherAI/gpt-neo-1.3B,1.0,AWQ.4bit,Eager,No Kernel,pytorch,0.537,57.454,0.007334192809053144,0.10569707277482665,0.01740522853065061,0.5
1xT4,stabilityai/stablelm-2-1_6b,1.0,BnB.8bit,Eager,No Kernel,pytorch,0.088,11.434,0.044755244755244755,0.04009158730069333,0.08745845723281442,1.0
1xT4,stabilityai/stablelm-2-1_6b,1.0,BnB.8bit,SDPA,No Kernel,pytorch,0.083,12.037,0.047451343836886005,0.04220591536981333,0.08307717869901138,1.0
1xT4,stabilityai/stablelm-2-1_6b,1.0,BnB.4bit,Eager,No Kernel,pytorch,0.189,23.022,0.02083842083842084,0.04235315225088,0.04343671270958214,0.5
1xT4,stabilityai/stablelm-2-1_6b,1.0,BnB.4bit,SDPA,No Kernel,pytorch,0.184,24.802,0.02140468227424749,0.04562778568874667,0.040319329086364,0.5
1xT4,stabilityai/stablelm-2-1_6b,1.0,Unquantized,SDPA,No Kernel,pytorch,0.229,35.334,0.0343970440040309,0.24167331342336004,0.02830135280466406,2.0
1xT4,stabilityai/stablelm-2-1_6b,1.0,Unquantized,Eager,No Kernel,pytorch,0.224,36.691,0.035164835164835165,0.25095476149930673,0.027254640102477443,2.0
1xT4,stabilityai/stablelm-2-1_6b,1.0,Unquantized,Eager,No Kernel,pytorch,0.038,42.505,0.20728744939271254,0.29072067094186665,0.023526643924244205,2.0
1xT4,stabilityai/stablelm-2-1_6b,1.0,Unquantized,Eager,No Kernel,pytorch,0.26,43.464,0.03029585798816568,0.29727992569856,0.02300754647524388,2.0
1xT4,stabilityai/stablelm-2-1_6b,1.0,GPTQ.4bit,Eager,GPTQ.ExllamaV1,pytorch,0.048,45.002,0.08205128205128205,0.08278935616341333,0.02222123461179503,0.5
1xT4,stabilityai/stablelm-2-1_6b,1.0,GPTQ.4bit,Eager,GPTQ.ExllamaV2,pytorch,0.048,46.079,0.08205128205128205,0.08477069336149333,0.02170185984938909,0.5
1xT4,stabilityai/stablelm-2-1_6b,1.0,Unquantized,SDPA,No Kernel,pytorch,0.261,47.94,0.030179781903919834,0.32789434101759996,0.020859407592824366,2.0
1xT4,stabilityai/stablelm-2-1_6b,1.0,Unquantized,SDPA,No Kernel,pytorch,0.033,48.982,0.2386946386946387,0.33502128935594666,0.020415662896574253,2.0
1xT4,stabilityai/stablelm-2-1_6b,1.0,GPTQ.4bit,SDPA,GPTQ.ExllamaV1,pytorch,0.042,55.025,0.09377289377289377,0.10122848590933332,0.01817355747387551,0.5
1xT4,stabilityai/stablelm-2-1_6b,1.0,GPTQ.4bit,SDPA,GPTQ.ExllamaV2,pytorch,0.042,56.521,0.09377289377289377,0.10398064974250666,0.017692539056279967,0.5
1xT4,Qwen/Qwen1.5-0.5B,0.0,BnB.8bit,Eager,No Kernel,pytorch,0.095,10.909,0.0,0.0018874210713600002,0.09166743056192134,0.0
1xT4,Qwen/Qwen1.5-0.5B,0.0,BnB.8bit,Eager,No Kernel,pytorch,0.093,11.075,0.0,0.001916141568,0.09029345372460497,0.0
1xT4,Qwen/Qwen1.5-0.5B,0.0,BnB.8bit,SDPA,No Kernel,pytorch,0.091,11.296,0.0,0.0019543778918399996,0.08852691218130312,0.0
1xT4,Qwen/Qwen1.5-0.5B,0.0,BnB.8bit,SDPA,No Kernel,pytorch,0.089,11.572,0.0,0.00200213004288,0.08641548565502939,0.0
1xT4,Qwen/Qwen1.5-0.5B,0.0,BnB.4bit,Eager,No Kernel,pytorch,0.063,22.584,0.0,0.00390737166336,0.044279135671271695,0.0
1xT4,Qwen/Qwen1.5-0.5B,0.0,BnB.4bit,Eager,No Kernel,pytorch,0.062,23.141,0.0,0.00400374104064,0.04321334428071389,0.0
1xT4,Qwen/Qwen1.5-0.5B,0.0,BnB.4bit,SDPA,No Kernel,pytorch,0.059,24.427,0.0,0.00422623838208,0.04093830597289884,0.0
1xT4,Qwen/Qwen1.5-0.5B,0.0,BnB.4bit,SDPA,No Kernel,pytorch,0.059,25.076,0.0,0.004338525143039999,0.039878768543627374,0.0
1xT4,Qwen/Qwen1.5-0.5B,0.0,AWQ.4bit,Eager,AWQ.GEMM,pytorch,0.036,30.616,0.0,0.00529702846464,0.032662660047034234,0.0
1xT4,Qwen/Qwen1.5-0.5B,0.0,AWQ.4bit,Eager,AWQ.GEMM,pytorch,0.036,30.892,0.0,0.00534478061568,0.03237084034701541,0.0
1xT4,Qwen/Qwen1.5-0.5B,0.0,AWQ.4bit,SDPA,AWQ.GEMM,pytorch,0.033,33.579,0.0,0.00580967202816,0.029780517585395634,0.0
1xT4,Qwen/Qwen1.5-0.5B,0.0,AWQ.4bit,SDPA,AWQ.GEMM,pytorch,0.033,34.03,0.0,0.0058877018112,0.029385836027034967,0.0
1xT4,Qwen/Qwen1.5-0.5B,0.0,GPTQ.4bit,Eager,GPTQ.ExllamaV2,pytorch,0.039,34.641,0.0,0.005993414000639999,0.028867526918968853,0.0
1xT4,Qwen/Qwen1.5-0.5B,0.0,GPTQ.4bit,SDPA,GPTQ.ExllamaV1,pytorch,0.035,35.82,0.0,0.0061973987328,0.027917364600781685,0.0
1xT4,Qwen/Qwen1.5-0.5B,0.0,AWQ.4bit,Eager,AWQ.GEMV,pytorch,0.034,39.25,0.0,0.00679084032,0.025477707006369428,0.0
1xT4,Qwen/Qwen1.5-0.5B,0.0,Unquantized,Eager,No Kernel,pytorch,0.029,39.831,0.0,0.006891362058240001,0.025106073159097183,0.0
1xT4,Qwen/Qwen1.5-0.5B,0.0,AWQ.4bit,Eager,AWQ.GEMV,pytorch,0.035,40.892,0.0,0.00707493101568,0.02445466105839773,0.0
1xT4,Qwen/Qwen1.5-0.5B,0.0,Unquantized,Eager,No Kernel,pytorch,0.086,40.951,0.0,0.00708513890304,0.02441942809699397,0.0
1xT4,Qwen/Qwen1.5-0.5B,0.0,GPTQ.4bit,Eager,GPTQ.ExllamaV1,pytorch,0.031,40.96,0.0,0.0070866960384,0.0244140625,0.0
1xT4,Qwen/Qwen1.5-0.5B,0.0,AWQ.4bit,Eager,No Kernel,pytorch,0.165,41.139,0.0,0.00711766573056,0.024307834415031964,0.0
1xT4,Qwen/Qwen1.5-0.5B,0.0,AWQ.4bit,Eager,No Kernel,pytorch,0.031,41.27,0.0,0.0071403307008,0.0242306760358614,0.0
1xT4,Qwen/Qwen1.5-0.5B,0.0,Unquantized,Eager,No Kernel,pytorch,0.09,41.937,0.0,0.00725573173248,0.023845291747144528,0.0
1xT4,Qwen/Qwen1.5-0.5B,0.0,GPTQ.4bit,Eager,GPTQ.ExllamaV2,pytorch,0.031,41.967,0.0,0.0072609221836799995,0.023828246002811734,0.0
1xT4,Qwen/Qwen1.5-0.5B,0.0,GPTQ.4bit,Eager,GPTQ.ExllamaV1,pytorch,0.03,42.112,0.0,0.00728600936448,0.023746200607902734,0.0
1xT4,Qwen/Qwen1.5-0.5B,0.0,Unquantized,Eager,No Kernel,pytorch,0.027,42.379,0.0,0.00733220438016,0.023596592652021048,0.0
1xT4,Qwen/Qwen1.5-0.5B,0.0,AWQ.4bit,Eager,No Kernel,pytorch,0.029,42.63,0.0,0.007375631155200001,0.02345765892563922,0.0
1xT4,Qwen/Qwen1.5-0.5B,0.0,Unquantized,Eager,No Kernel,pytorch,0.058,43.051,0.0,0.00744847048704,0.023228264151819934,0.0
1xT4,Qwen/Qwen1.5-0.5B,0.0,AWQ.4bit,Eager,No Kernel,pytorch,0.139,43.099,0.0,0.007456775208959999,0.02320239448711107,0.0
1xT4,Qwen/Qwen1.5-0.5B,0.0,Unquantized,SDPA,No Kernel,pytorch,0.084,43.61,0.0,0.0075451858944,0.02293052052281587,0.0
1xT4,Qwen/Qwen1.5-0.5B,0.0,Unquantized,Eager,No Kernel,pytorch,0.061,44.191,0.0,0.007645707632640001,0.02262904211264737,0.0
1xT4,Qwen/Qwen1.5-0.5B,0.0,Unquantized,SDPA,No Kernel,pytorch,0.025,44.661,0.0,0.0077270247014400014,0.022390900338102593,0.0
1xT4,Qwen/Qwen1.5-0.5B,0.0,Unquantized,SDPA,No Kernel,pytorch,0.088,44.861,0.0,0.00776162770944,0.022291076881924166,0.0
1xT4,Qwen/Qwen1.5-0.5B,0.0,AWQ.4bit,SDPA,AWQ.GEMV,pytorch,0.032,45.403,0.0,0.00785540186112,0.022024976323150453,0.0
1xT4,Qwen/Qwen1.5-0.5B,0.0,Unquantized,SDPA,No Kernel,pytorch,0.024,47.472,0.0,0.008213369978880001,0.02106504887091338,0.0
1xT4,Qwen/Qwen1.5-0.5B,0.0,Unquantized,SDPA,No Kernel,pytorch,0.055,47.593,0.0,0.00823430479872,0.021011493286827894,0.0
1xT4,Qwen/Qwen1.5-0.5B,0.0,AWQ.4bit,SDPA,No Kernel,pytorch,0.027,47.701,0.0,0.00825299042304,0.02096392109180101,0.0
1xT4,Qwen/Qwen1.5-0.5B,0.0,AWQ.4bit,SDPA,No Kernel,pytorch,0.026,47.835,0.0,0.0082761744384,0.020905194940942826,0.0
1xT4,Qwen/Qwen1.5-0.5B,0.0,AWQ.4bit,SDPA,AWQ.GEMV,pytorch,0.032,47.901,0.0,0.00828759343104,0.020876390889543014,0.0
1xT4,Qwen/Qwen1.5-0.5B,0.0,GPTQ.4bit,SDPA,GPTQ.ExllamaV2,pytorch,0.027,48.305,0.0,0.0083574915072,0.020701790704895973,0.0
1xT4,Qwen/Qwen1.5-0.5B,0.0,AWQ.4bit,SDPA,No Kernel,pytorch,0.163,48.962,0.0,0.008471162388479999,0.020424002287488256,0.0
1xT4,Qwen/Qwen1.5-0.5B,0.0,Unquantized,SDPA,No Kernel,pytorch,0.058,49.018,0.0,0.00848085123072,0.020400669141947856,0.0
1xT4,Qwen/Qwen1.5-0.5B,0.0,GPTQ.4bit,SDPA,GPTQ.ExllamaV2,pytorch,0.027,49.26,0.0,0.0085227208704,0.020300446609825416,0.0
1xT4,Qwen/Qwen1.5-0.5B,0.0,AWQ.4bit,SDPA,No Kernel,pytorch,0.136,49.63,0.0,0.0085867364352,0.02014910336490026,0.0
1xT4,Qwen/Qwen1.5-0.5B,0.0,GPTQ.4bit,SDPA,GPTQ.ExllamaV1,pytorch,0.026,50.017,0.0,0.008653693255680002,0.019993202311214184,0.0
1xT4,EleutherAI/pythia-410m,0.0,BnB.8bit,Eager,No Kernel,pytorch,0.062,16.488,0.0,0.0028526719795199996,0.0606501698204755,0.0
1xT4,EleutherAI/pythia-410m,0.0,BnB.8bit,Eager,No Kernel,pytorch,0.062,16.683,0.0,0.00288640991232,0.05994125756758377,0.0
1xT4,EleutherAI/pythia-410m,0.0,BnB.8bit,SDPA,No Kernel,pytorch,0.057,17.759,0.0,0.00307257409536,0.056309476884959735,0.0
1xT4,EleutherAI/pythia-410m,0.0,BnB.8bit,SDPA,No Kernel,pytorch,0.056,17.815,0.0,0.0030822629376000004,0.05613247263541959,0.0
1xT4,EleutherAI/pythia-410m,0.0,BnB.4bit,Eager,No Kernel,pytorch,0.061,28.057,0.0,0.0048542829772800005,0.035641729336707416,0.0
1xT4,EleutherAI/pythia-410m,0.0,BnB.4bit,Eager,No Kernel,pytorch,0.062,28.481,0.0,0.00492764135424,0.03511112671605632,0.0
1xT4,EleutherAI/pythia-410m,0.0,BnB.4bit,SDPA,No Kernel,pytorch,0.05,32.316,0.0,0.00559115403264,0.030944423814828564,0.0
1xT4,EleutherAI/pythia-410m,0.0,BnB.4bit,SDPA,No Kernel,pytorch,0.049,32.99,0.0,0.0057077661696,0.03031221582297666,0.0
1xT4,EleutherAI/pythia-410m,0.0,GPTQ.4bit,Eager,GPTQ.ExllamaV2,pytorch,0.033,34.799,0.0,0.00602075037696,0.0287364579441938,0.0
1xT4,EleutherAI/pythia-410m,0.0,AWQ.4bit,Eager,AWQ.GEMM,pytorch,0.036,36.077,0.0,0.00624186359808,0.02771849100534967,0.0
1xT4,EleutherAI/pythia-410m,0.0,AWQ.4bit,Eager,AWQ.GEMM,pytorch,0.036,36.699,0.0,0.0063494789529599995,0.02724869887462874,0.0
1xT4,EleutherAI/pythia-410m,0.0,AWQ.4bit,Eager,AWQ.GEMV,pytorch,0.034,42.412,0.0,0.007337913876479999,0.02357823257568613,0.0
1xT4,EleutherAI/pythia-410m,0.0,AWQ.4bit,SDPA,AWQ.GEMM,pytorch,0.028,43.143,0.0,0.00746438787072,0.023178731196254316,0.0
1xT4,EleutherAI/pythia-410m,0.0,AWQ.4bit,Eager,No Kernel,pytorch,0.16,43.505,0.0,0.0075270193152,0.022985863693828296,0.0
1xT4,EleutherAI/pythia-410m,0.0,AWQ.4bit,Eager,No Kernel,pytorch,0.027,43.518,0.0,0.0075292685107200006,0.02297899719656234,0.0
1xT4,EleutherAI/pythia-410m,0.0,AWQ.4bit,Eager,AWQ.GEMV,pytorch,0.034,43.814,0.0,0.007580480962560001,0.022823754964166703,0.0
1xT4,EleutherAI/pythia-410m,0.0,AWQ.4bit,SDPA,AWQ.GEMM,pytorch,0.027,43.921,0.0,0.00759899357184,0.022768151909109538,0.0
1xT4,EleutherAI/pythia-410m,0.0,AWQ.4bit,Eager,No Kernel,pytorch,0.026,44.507,0.0,0.0077003803852799995,0.02246837576111623,0.0
1xT4,EleutherAI/pythia-410m,0.0,Unquantized,Eager,No Kernel,pytorch,0.024,45.095,0.0,0.0078021132288,0.022175407473112318,0.0
1xT4,EleutherAI/pythia-410m,0.0,AWQ.4bit,Eager,No Kernel,pytorch,0.134,45.869,0.0,0.00793602686976,0.021801216507881138,0.0
1xT4,EleutherAI/pythia-410m,0.0,GPTQ.4bit,Eager,GPTQ.ExllamaV1,pytorch,0.026,46.056,0.0,0.00796838068224,0.02171269758554803,0.0
1xT4,EleutherAI/pythia-410m,0.0,GPTQ.4bit,Eager,GPTQ.ExllamaV2,pytorch,0.026,46.265,0.0,0.0080045408256,0.021614611477358693,0.0
1xT4,EleutherAI/pythia-410m,0.0,GPTQ.4bit,Eager,GPTQ.ExllamaV1,pytorch,0.026,46.48,0.0,0.0080417390592,0.02151462994836489,0.0
1xT4,EleutherAI/pythia-410m,0.0,Unquantized,Eager,No Kernel,pytorch,0.024,46.813,0.0,0.00809935306752,0.021361587593189926,0.0
1xT4,EleutherAI/pythia-410m,0.0,Unquantized,Eager,No Kernel,pytorch,0.07,47.359,0.0,0.00819381927936,0.021115310711797123,0.0
1xT4,EleutherAI/pythia-410m,0.0,Unquantized,Eager,No Kernel,pytorch,0.067,48.053,0.0,0.00831389171712,0.020810355232763825,0.0
1xT4,EleutherAI/pythia-410m,0.0,Unquantized,Eager,No Kernel,pytorch,0.047,49.022,0.0,0.00848154329088,0.020399004528579005,0.0
1xT4,EleutherAI/pythia-410m,0.0,Unquantized,Eager,No Kernel,pytorch,0.048,51.043,0.0,0.00883120668672,0.019591324961307135,0.0
1xT4,EleutherAI/pythia-410m,0.0,Unquantized,SDPA,No Kernel,pytorch,0.064,52.775,0.0,0.009130868735999999,0.018948365703458078,0.0
1xT4,EleutherAI/pythia-410m,0.0,AWQ.4bit,SDPA,AWQ.GEMV,pytorch,0.027,54.089,0.0,0.009358210498560001,0.01848804747730592,0.0
1xT4,EleutherAI/pythia-410m,0.0,AWQ.4bit,SDPA,No Kernel,pytorch,0.021,54.207,0.0,0.00937862627328,0.018447801944398323,0.0
1xT4,EleutherAI/pythia-410m,0.0,AWQ.4bit,SDPA,AWQ.GEMV,pytorch,0.027,54.645,0.0,0.009454406860800001,0.018299935950224173,0.0
1xT4,EleutherAI/pythia-410m,0.0,Unquantized,SDPA,No Kernel,pytorch,0.066,55.391,0.0,0.009583476080639999,0.018053474391146577,0.0
1xT4,EleutherAI/pythia-410m,0.0,AWQ.4bit,SDPA,No Kernel,pytorch,0.021,55.949,0.0,0.00968001847296,0.017873420436468928,0.0
1xT4,EleutherAI/pythia-410m,0.0,AWQ.4bit,SDPA,No Kernel,pytorch,0.156,55.983,0.0,0.00968590098432,0.017862565421645858,0.0
1xT4,EleutherAI/pythia-410m,0.0,AWQ.4bit,SDPA,No Kernel,pytorch,0.128,57.552,0.0,0.00995736158208,0.017375590770086182,0.0
1xT4,EleutherAI/pythia-410m,0.0,Unquantized,SDPA,No Kernel,pytorch,0.018,57.737,0.0,0.009989369364480001,0.017319916171605727,0.0
1xT4,EleutherAI/pythia-410m,0.0,Unquantized,SDPA,No Kernel,pytorch,0.018,59.688,0.0,0.01032692170752,0.01675378635571639,0.0
1xT4,EleutherAI/pythia-410m,0.0,GPTQ.4bit,SDPA,GPTQ.ExllamaV2,pytorch,0.02,59.88,0.0,0.0103601405952,0.0167000668002672,0.0
1xT4,EleutherAI/pythia-410m,0.0,GPTQ.4bit,SDPA,GPTQ.ExllamaV1,pytorch,0.02,59.936,0.0,0.01036982943744,0.016684463427656167,0.0
1xT4,EleutherAI/pythia-410m,0.0,GPTQ.4bit,SDPA,GPTQ.ExllamaV1,pytorch,0.02,60.822,0.0,0.010523120762880001,0.016441419223307354,0.0
1xT4,EleutherAI/pythia-410m,0.0,GPTQ.4bit,SDPA,GPTQ.ExllamaV2,pytorch,0.02,61.034,0.0,0.01055979995136,0.016384310384375923,0.0
1xT4,EleutherAI/pythia-410m,0.0,Unquantized,SDPA,No Kernel,pytorch,0.041,66.023,0.0,0.011422971985919999,0.015146236917437864,0.0
1xT4,EleutherAI/pythia-410m,0.0,Unquantized,SDPA,No Kernel,pytorch,0.041,67.457,0.0,0.011671075553279998,0.014824258416472717,0.0
1xT4,tiiuae/falcon-7b,7.0,BnB.4bit,Eager,No Kernel,pytorch,0.989,11.298,0.027875865287392082,0.13749646959104,0.08851124092759781,3.5
1xT4,tiiuae/falcon-7b,7.0,BnB.8bit,Eager,No Kernel,pytorch,0.11,12.583,0.25062937062937063,0.29993656460117335,0.07947230390209012,7.0
1xT4,tiiuae/falcon-7b,7.0,Unquantized,Eager,No Kernel,pytorch,1.293,13.992,0.04264382176215123,0.66000240418816,0.0714694110920526,14.0
1xT4,tiiuae/falcon-7b,7.0,Unquantized,Eager,No Kernel,pytorch,0.178,14.001,0.3097666378565255,0.66042693403648,0.07142346975216056,14.0
1xT4,EleutherAI/gpt-neo-125m,0.0,BnB.8bit,Eager,No Kernel,pytorch,0.04,25.859,0.0,0.00447399591936,0.03867125565567114,0.0
1xT4,EleutherAI/gpt-neo-125m,0.0,BnB.8bit,Eager,No Kernel,pytorch,0.039,26.416,0.0,0.00457036529664,0.03785584494245912,0.0
1xT4,EleutherAI/gpt-neo-125m,0.0,GPTQ.4bit,Eager,GPTQ.ExllamaV2,pytorch,0.024,46.249,0.0,0.008001772584960001,0.021622089126251378,0.0
1xT4,EleutherAI/gpt-neo-125m,0.0,GPTQ.4bit,Eager,GPTQ.ExllamaV1,pytorch,0.024,46.268,0.0,0.00800505987072,0.0216132099939483,0.0
1xT4,EleutherAI/gpt-neo-125m,0.0,BnB.4bit,Eager,No Kernel,pytorch,0.027,53.161,0.0,0.009197652541440001,0.018810782340437537,0.0
1xT4,EleutherAI/gpt-neo-125m,0.0,BnB.4bit,Eager,No Kernel,pytorch,0.026,54.829,0.0,0.009486241628160001,0.018238523409144794,0.0
1xT4,EleutherAI/gpt-neo-125m,0.0,AWQ.4bit,Eager,AWQ.GEMM,pytorch,0.015,74.71,0.0,0.012925953638399998,0.013385089010841924,0.0
1xT4,EleutherAI/gpt-neo-125m,0.0,AWQ.4bit,Eager,AWQ.GEMM,pytorch,0.015,75.205,0.0,0.0130115960832,0.013296988232165415,0.0
1xT4,EleutherAI/gpt-neo-125m,0.0,GPTQ.4bit,Eager,GPTQ.ExllamaV2,pytorch,0.016,79.919,0.0,0.013827188981759999,0.01251266907744091,0.0
1xT4,EleutherAI/gpt-neo-125m,0.0,AWQ.4bit,Eager,AWQ.GEMV,pytorch,0.014,97.927,0.0,0.016942843822080004,0.010211688298426377,0.0
1xT4,EleutherAI/gpt-neo-125m,0.0,Unquantized,Eager,No Kernel,pytorch,0.012,98.4,0.0,0.017024679936,0.01016260162601626,0.0
1xT4,EleutherAI/gpt-neo-125m,0.0,AWQ.4bit,Eager,AWQ.GEMV,pytorch,0.014,98.986,0.0,0.01712606674944,0.01010243872870911,0.0
1xT4,EleutherAI/gpt-neo-125m,0.0,AWQ.4bit,Eager,No Kernel,pytorch,0.013,100.131,0.0,0.017324168970239997,0.009986917138548502,0.0
1xT4,EleutherAI/gpt-neo-125m,0.0,AWQ.4bit,Eager,No Kernel,pytorch,0.043,100.793,0.0,0.017438704926720002,0.00992132390146141,0.0
1xT4,EleutherAI/gpt-neo-125m,0.0,GPTQ.4bit,Eager,GPTQ.ExllamaV1,pytorch,0.013,102.901,0.0,0.01780342063104,0.009718078541510774,0.0
1xT4,EleutherAI/gpt-neo-125m,0.0,AWQ.4bit,Eager,No Kernel,pytorch,0.035,103.797,0.0,0.01795844210688,0.009634189812807692,0.0
1xT4,EleutherAI/gpt-neo-125m,0.0,AWQ.4bit,Eager,No Kernel,pytorch,0.012,104.082,0.0,0.01800775139328,0.009607809227339982,0.0
1xT4,EleutherAI/gpt-neo-125m,0.0,Unquantized,Eager,No Kernel,pytorch,0.026,104.623,0.0,0.018101352529919998,0.00955812775393556,0.0
1xT4,EleutherAI/gpt-neo-125m,0.0,Unquantized,Eager,No Kernel,pytorch,0.026,106.836,0.0,0.01848423481344,0.009360140776517279,0.0
1xT4,EleutherAI/gpt-neo-125m,0.0,Unquantized,Eager,No Kernel,pytorch,0.019,109.648,0.0,0.018970753105920002,0.009120093389756312,0.0
1xT4,EleutherAI/gpt-neo-125m,0.0,Unquantized,Eager,No Kernel,pytorch,0.011,111.324,0.0,0.01926072631296,0.008982788976321368,0.0
1xT4,EleutherAI/gpt-neo-125m,0.0,Unquantized,Eager,No Kernel,pytorch,0.018,114.377,0.0,0.019788941230079998,0.008743016515558198,0.0
1xT4,distilbert/distilgpt2,0.0,BnB.8bit,Eager,No Kernel,pytorch,0.018,62.902,0.0,0.010882992046080002,0.015897745699659786,0.0
1xT4,distilbert/distilgpt2,0.0,BnB.8bit,SDPA,No Kernel,pytorch,0.016,69.177,0.0,0.011968661422080001,0.01445567168278474,0.0
1xT4,distilbert/distilgpt2,0.0,BnB.4bit,Eager,No Kernel,pytorch,0.014,105.748,0.0,0.01829599444992,0.009456443620683134,0.0
1xT4,distilbert/distilgpt2,0.0,BnB.4bit,SDPA,No Kernel,pytorch,0.012,120.007,0.0,0.02076301590528,0.00833284725057705,0.0
1xT4,distilbert/distilgpt2,0.0,Unquantized,Eager,No Kernel,pytorch,0.008,181.546,0.0,0.031410188451839995,0.005508245844028511,0.0
1xT4,distilbert/distilgpt2,0.0,AWQ.4bit,Eager,AWQ.GEMV,pytorch,0.007,185.12,0.0,0.0320285442048,0.0054019014693171994,0.0
1xT4,distilbert/distilgpt2,0.0,Unquantized,Eager,No Kernel,pytorch,0.015,186.927,0.0,0.032341182382079996,0.005349681961407395,0.0
1xT4,distilbert/distilgpt2,0.0,AWQ.4bit,Eager,AWQ.GEMM,pytorch,0.007,187.221,0.0,0.03239204880384,0.005341281159698966,0.0
1xT4,distilbert/distilgpt2,0.0,GPTQ.4bit,Eager,GPTQ.ExllamaV2,pytorch,0.008,187.981,0.0,0.03252354023423999,0.005319686564067646,0.0
1xT4,distilbert/distilgpt2,0.0,AWQ.4bit,Eager,No Kernel,pytorch,0.007,188.493,0.0,0.032612123934719996,0.005305236799244535,0.0
1xT4,distilbert/distilgpt2,0.0,AWQ.4bit,Eager,No Kernel,pytorch,0.007,188.688,0.0,0.03264586186752,0.005299754091410159,0.0
1xT4,distilbert/distilgpt2,0.0,GPTQ.4bit,Eager,GPTQ.ExllamaV1,pytorch,0.008,190.674,0.0,0.03298946973696,0.005244553531157893,0.0
1xT4,distilbert/distilgpt2,0.0,Unquantized,Eager,No Kernel,pytorch,0.011,197.546,0.0,0.03417842909184,0.005062112115659138,0.0
1xT4,distilbert/distilgpt2,0.0,Unquantized,SDPA,No Kernel,pytorch,0.015,215.455,0.0,0.037276955443200005,0.004641340419113039,0.0
1xT4,distilbert/distilgpt2,0.0,Unquantized,SDPA,No Kernel,pytorch,0.006,230.179,0.0,0.03982442889216001,0.004344444975432163,0.0
1xT4,distilbert/distilgpt2,0.0,AWQ.4bit,SDPA,AWQ.GEMM,pytorch,0.006,232.911,0.0,0.04029710598144,0.004293485494459257,0.0
1xT4,distilbert/distilgpt2,0.0,AWQ.4bit,SDPA,AWQ.GEMV,pytorch,0.006,235.25,0.0,0.04070178816000001,0.004250797024442083,0.0
1xT4,distilbert/distilgpt2,0.0,AWQ.4bit,SDPA,No Kernel,pytorch,0.006,236.365,0.0,0.0408946999296,0.0042307448226260235,0.0
1xT4,distilbert/distilgpt2,0.0,AWQ.4bit,SDPA,No Kernel,pytorch,0.006,239.604,0.0,0.04145509564416,0.004173553029164789,0.0
1xT4,distilbert/distilgpt2,0.0,Unquantized,SDPA,No Kernel,pytorch,0.01,241.969,0.0,0.04186427621376,0.004132760808202704,0.0
1xT4,distilbert/distilgpt2,0.0,GPTQ.4bit,SDPA,GPTQ.ExllamaV2,pytorch,0.007,244.908,0.0,0.04237276741632,0.004083165923530469,0.0
1xT4,distilbert/distilgpt2,0.0,GPTQ.4bit,SDPA,GPTQ.ExllamaV1,pytorch,0.007,248.532,0.0,0.04299977392128,0.004023626736194936,0.0
32vCPU-C7i,microsoft/Phi-3-mini-4k-instruct,3.0,Unquantized,,No Kernel,onnxruntime,1.149,9.161,0.1671018276762402,0.27904463457792,0.10915838882218099,6.0
32vCPU-C7i,microsoft/Phi-3-mini-4k-instruct,3.0,Unquantized,,No Kernel,onnxruntime,1.148,9.167,0.1672473867595819,0.27922739495424,0.10908694229300753,6.0
32vCPU-C7i,microsoft/Phi-3-mini-4k-instruct,3.0,Unquantized,,No Kernel,onnxruntime,1.149,9.176,0.1671018276762402,0.27950153551872003,0.1089799476896251,6.0
32vCPU-C7i,microsoft/Phi-3-mini-4k-instruct,3.0,Unquantized,,No Kernel,onnxruntime,1.146,9.178,0.16753926701570682,0.27956245564416005,0.10895619960775767,6.0
32vCPU-C7i,microsoft/Phi-3-mini-4k-instruct,3.0,Unquantized,,No Kernel,onnxruntime,1.149,9.182,0.1671018276762402,0.27968429589504,0.10890873448050534,6.0
32vCPU-C7i,microsoft/Phi-3-mini-4k-instruct,3.0,Unquantized,,No Kernel,onnxruntime,1.155,9.195,0.16623376623376623,0.28008027671040003,0.1087547580206634,6.0
32vCPU-C7i,microsoft/Phi-3-mini-4k-instruct,3.0,Unquantized,Eager,No Kernel,pytorch,0.919,9.344,0.2089227421109902,0.28461882605567995,0.10702054794520549,6.0
32vCPU-C7i,microsoft/Phi-3-mini-4k-instruct,3.0,Unquantized,Eager,No Kernel,pytorch,0.871,9.873,0.22043628013777267,0.30073219923456,0.10128633647320977,6.0
32vCPU-C7i,microsoft/Phi-3-mini-4k-instruct,3.0,Unquantized,Eager,No Kernel,pytorch,1.256,11.956,0.15286624203821655,0.36418050988031997,0.08364001338240215,6.0
32vCPU-C7i,microsoft/Phi-3-mini-4k-instruct,3.0,Unquantized,,No Kernel,onnxruntime,1.149,9.161,0.1671018276762402,0.27904463457792,0.10915838882218099,6.0
32vCPU-C7i,microsoft/Phi-3-mini-4k-instruct,3.0,Unquantized,,No Kernel,onnxruntime,1.148,9.167,0.1672473867595819,0.27922739495424,0.10908694229300753,6.0
32vCPU-C7i,microsoft/Phi-3-mini-4k-instruct,3.0,Unquantized,,No Kernel,onnxruntime,1.149,9.176,0.1671018276762402,0.27950153551872003,0.1089799476896251,6.0
32vCPU-C7i,microsoft/Phi-3-mini-4k-instruct,3.0,Unquantized,,No Kernel,onnxruntime,1.146,9.178,0.16753926701570682,0.27956245564416005,0.10895619960775767,6.0
32vCPU-C7i,microsoft/Phi-3-mini-4k-instruct,3.0,Unquantized,,No Kernel,onnxruntime,1.149,9.182,0.1671018276762402,0.27968429589504,0.10890873448050534,6.0
32vCPU-C7i,microsoft/Phi-3-mini-4k-instruct,3.0,Unquantized,,No Kernel,onnxruntime,1.155,9.195,0.16623376623376623,0.28008027671040003,0.1087547580206634,6.0
32vCPU-C7i,microsoft/Phi-3-mini-4k-instruct,3.0,Unquantized,Eager,No Kernel,pytorch,0.919,9.344,0.2089227421109902,0.28461882605567995,0.10702054794520549,6.0
32vCPU-C7i,microsoft/Phi-3-mini-4k-instruct,3.0,Unquantized,Eager,No Kernel,pytorch,0.871,9.873,0.22043628013777267,0.30073219923456,0.10128633647320977,6.0
32vCPU-C7i,microsoft/Phi-3-mini-4k-instruct,3.0,Unquantized,Eager,No Kernel,pytorch,1.256,11.956,0.15286624203821655,0.36418050988031997,0.08364001338240215,6.0
32vCPU-C7i,meta-llama/Meta-Llama-3-8B-Instruct,8.0,Unquantized,Eager,No Kernel,pytorch,1.699,5.09,0.3013537374926427,0.41104282132479997,0.19646365422396858,16.0
32vCPU-C7i,meta-llama/Meta-Llama-3-8B-Instruct,8.0,Unquantized,SDPA,No Kernel,pytorch,1.725,5.091,0.29681159420289854,0.41112357629952007,0.19642506383814573,16.0
32vCPU-C7i,meta-llama/Meta-Llama-3-8B-Instruct,8.0,Unquantized,Eager,No Kernel,pytorch,2.05,5.351,0.24975609756097564,0.43211986972672,0.18688095683049896,16.0
32vCPU-C7i,meta-llama/Meta-Llama-3-8B-Instruct,8.0,Unquantized,SDPA,No Kernel,pytorch,2.858,5.358,0.17914625612316304,0.43268515454976,0.1866368047779022,16.0
32vCPU-C7i,meta-llama/Meta-Llama-3-8B-Instruct,8.0,Unquantized,Eager,No Kernel,pytorch,2.323,6.679,0.22040464916056823,0.5393624761548801,0.14972301242701003,16.0
32vCPU-C7i,meta-llama/Meta-Llama-3-8B-Instruct,8.0,Unquantized,SDPA,No Kernel,pytorch,2.247,6.875,0.22785936804628393,0.5551904512000001,0.14545454545454545,16.0
32vCPU-C7i,meta-llama/Meta-Llama-3-8B-Instruct,8.0,Unquantized,Eager,No Kernel,pytorch,1.699,5.09,0.3013537374926427,0.41104282132479997,0.19646365422396858,16.0
32vCPU-C7i,meta-llama/Meta-Llama-3-8B-Instruct,8.0,Unquantized,SDPA,No Kernel,pytorch,1.725,5.091,0.29681159420289854,0.41112357629952007,0.19642506383814573,16.0
32vCPU-C7i,meta-llama/Meta-Llama-3-8B-Instruct,8.0,Unquantized,Eager,No Kernel,pytorch,2.05,5.351,0.24975609756097564,0.43211986972672,0.18688095683049896,16.0
32vCPU-C7i,meta-llama/Meta-Llama-3-8B-Instruct,8.0,Unquantized,SDPA,No Kernel,pytorch,2.858,5.358,0.17914625612316304,0.43268515454976,0.1866368047779022,16.0
32vCPU-C7i,meta-llama/Meta-Llama-3-8B-Instruct,8.0,Unquantized,Eager,No Kernel,pytorch,2.323,6.679,0.22040464916056823,0.5393624761548801,0.14972301242701003,16.0
32vCPU-C7i,meta-llama/Meta-Llama-3-8B-Instruct,8.0,Unquantized,SDPA,No Kernel,pytorch,2.247,6.875,0.22785936804628393,0.5551904512000001,0.14545454545454545,16.0
32vCPU-C7i,Qwen/Qwen1.5-14B,14.0,Unquantized,Eager,No Kernel,pytorch,3.5,2.887,0.256,0.40758564377600004,0.34638032559750603,28.0
32vCPU-C7i,Qwen/Qwen1.5-14B,14.0,Unquantized,SDPA,No Kernel,pytorch,3.47,2.909,0.25821325648414983,0.41069159603199995,0.3437607425232039,28.0
32vCPU-C7i,Qwen/Qwen1.5-14B,14.0,Unquantized,Eager,No Kernel,pytorch,3.846,3.209,0.2329693187727509,0.45304549043200004,0.3116235587410408,28.0
32vCPU-C7i,Qwen/Qwen1.5-14B,14.0,Unquantized,SDPA,No Kernel,pytorch,4.604,3.338,0.19461337966985232,0.47125766502399996,0.2995805871779509,28.0
32vCPU-C7i,Qwen/Qwen1.5-14B,14.0,Unquantized,Eager,No Kernel,pytorch,5.044,3.926,0.17763679619349723,0.554271298048,0.25471217524197654,28.0
32vCPU-C7i,Qwen/Qwen1.5-14B,14.0,Unquantized,SDPA,No Kernel,pytorch,4.416,4.096,0.2028985507246377,0.578271838208,0.244140625,28.0
32vCPU-C7i,HuggingFaceH4/zephyr-7b-beta,7.0,Unquantized,Eager,No Kernel,pytorch,1.519,3.623,0.29493087557603687,0.25634527341056,0.2760143527463428,14.0
32vCPU-C7i,HuggingFaceH4/zephyr-7b-beta,7.0,Unquantized,SDPA,No Kernel,pytorch,1.509,3.643,0.2968853545394301,0.25776037290496,0.2744990392533626,14.0
32vCPU-C7i,HuggingFaceH4/zephyr-7b-beta,7.0,Unquantized,Eager,No Kernel,pytorch,1.587,4.898,0.28229363579080025,0.34655786617856,0.2041649652919559,14.0
32vCPU-C7i,HuggingFaceH4/zephyr-7b-beta,7.0,Unquantized,SDPA,No Kernel,pytorch,1.509,4.993,0.2968853545394301,0.35327958877696,0.2002803925495694,14.0
32vCPU-C7i,HuggingFaceH4/zephyr-7b-beta,7.0,Unquantized,Eager,No Kernel,pytorch,1.93,5.349,0.23212435233160622,0.37846835977728,0.1869508319312021,14.0
32vCPU-C7i,HuggingFaceH4/zephyr-7b-beta,7.0,Unquantized,SDPA,No Kernel,pytorch,1.953,5.541,0.22939068100358423,0.39205331492351997,0.18047283883775492,14.0
32vCPU-C7i,google/gemma-7b,8.0,Unquantized,Eager,No Kernel,pytorch,2.313,4.411,0.22135754431474275,0.35621019348991995,0.22670596236681026,16.0
32vCPU-C7i,google/gemma-7b,8.0,Unquantized,SDPA,No Kernel,pytorch,2.236,4.586,0.22898032200357782,0.37034231406592,0.2180549498473615,16.0
32vCPU-C7i,google/gemma-7b,8.0,Unquantized,Eager,No Kernel,pytorch,2.291,4.746,0.2234831951113051,0.38326311002112007,0.21070375052675935,16.0
32vCPU-C7i,google/gemma-7b,8.0,Unquantized,SDPA,No Kernel,pytorch,3.105,4.84,0.16489533011272142,0.3908540776448,0.2066115702479339,16.0
32vCPU-C7i,google/gemma-7b,8.0,Unquantized,Eager,No Kernel,pytorch,3.146,5.927,0.16274634456452639,0.47863473516544,0.16871941960519657,16.0
32vCPU-C7i,google/gemma-7b,8.0,Unquantized,SDPA,No Kernel,pytorch,3.024,6.171,0.1693121693121693,0.49833894899712006,0.16204829039053636,16.0
32vCPU-C7i,Qwen/Qwen1.5-7B,7.0,Unquantized,SDPA,No Kernel,pytorch,1.973,5.151,0.22706538266599088,0.36445887478272,0.19413706076490003,14.0
32vCPU-C7i,Qwen/Qwen1.5-7B,7.0,Unquantized,Eager,No Kernel,pytorch,1.948,5.178,0.2299794661190965,0.36636925910016005,0.19312475859405176,14.0
32vCPU-C7i,Qwen/Qwen1.5-7B,7.0,Unquantized,Eager,No Kernel,pytorch,2.196,5.411,0.20400728597449908,0.38285516820992,0.1848087229717243,14.0
32vCPU-C7i,Qwen/Qwen1.5-7B,7.0,Unquantized,SDPA,No Kernel,pytorch,3.208,5.433,0.1396508728179551,0.38441177765376,0.18406037180195103,14.0
32vCPU-C7i,Qwen/Qwen1.5-7B,7.0,Unquantized,Eager,No Kernel,pytorch,2.612,6.855,0.17151607963246554,0.4850253517056,0.14587892049598833,14.0
32vCPU-C7i,Qwen/Qwen1.5-7B,7.0,Unquantized,SDPA,No Kernel,pytorch,2.598,7.071,0.1724403387220939,0.50030842624512,0.14142271248762553,14.0
32vCPU-C7i,Deci/DeciLM-7B,7.0,Unquantized,Eager,No Kernel,pytorch,2.087,5.328,0.2146621945376138,0.37698250530816,0.18768768768768768,14.0
32vCPU-C7i,Deci/DeciLM-7B,7.0,Unquantized,Eager,No Kernel,pytorch,1.757,5.337,0.2549800796812749,0.37761930008063993,0.1873711823121604,14.0
32vCPU-C7i,Deci/DeciLM-7B,7.0,Unquantized,Eager,No Kernel,pytorch,2.525,5.344,0.17742574257425742,0.37811458490368,0.187125748502994,14.0
32vCPU-C7i,Deci/DeciLM-7B,7.0,Unquantized,Eager,No Kernel,pytorch,1.753,5.371,0.255561893896178,0.38002496922112006,0.1861850679575498,14.0
32vCPU-C7i,Deci/DeciLM-7B,7.0,Unquantized,Eager,No Kernel,pytorch,1.961,5.457,0.22845486996430392,0.38610989704704,0.1832508704416346,14.0
32vCPU-C7i,Deci/DeciLM-7B,7.0,Unquantized,Eager,No Kernel,pytorch,1.937,5.473,0.23128549303045948,0.38724197664255994,0.18271514708569342,14.0
32vCPU-C7i,Deci/DeciLM-7B,7.0,Unquantized,Eager,No Kernel,pytorch,2.853,6.924,0.15702769015071855,0.48990744496128,0.14442518775274407,14.0
32vCPU-C7i,Deci/DeciLM-7B,7.0,Unquantized,Eager,No Kernel,pytorch,2.367,7.024,0.189269117025771,0.49698294243328,0.14236902050113895,14.0
32vCPU-C7i,Deci/DeciLM-7B,7.0,Unquantized,Eager,No Kernel,pytorch,2.37,7.045,0.1890295358649789,0.4984687969024,0.14194464158977999,14.0
32vCPU-C7i,mistralai/Mistral-7B-v0.1,7.0,Unquantized,Eager,No Kernel,pytorch,2.185,4.359,0.20503432494279175,0.30842093480448,0.22941041523285158,14.0
32vCPU-C7i,mistralai/Mistral-7B-v0.1,7.0,Unquantized,Eager,No Kernel,pytorch,2.495,4.816,0.17955911823647294,0.34075595825152,0.20764119601328904,14.0
32vCPU-C7i,mistralai/Mistral-7B-v0.1,7.0,Unquantized,SDPA,No Kernel,pytorch,2.067,5.128,0.2167392356071601,0.36283151036416,0.19500780031201248,14.0
32vCPU-C7i,mistralai/Mistral-7B-v0.1,7.0,Unquantized,SDPA,No Kernel,pytorch,3.465,5.3,0.1292929292929293,0.375001366016,0.18867924528301888,14.0
32vCPU-C7i,mistralai/Mistral-7B-v0.1,7.0,Unquantized,SDPA,No Kernel,pytorch,2.917,6.04,0.15358244772026053,0.4273600473088,0.16556291390728478,14.0
32vCPU-C7i,mistralai/Mistral-7B-v0.1,7.0,Unquantized,Eager,No Kernel,pytorch,2.823,6.7,0.15869642224583777,0.474058330624,0.14925373134328357,14.0
32vCPU-C7i,TencentARC/Mistral_Pro_8B_v0.1,8.0,Unquantized,Eager,No Kernel,pytorch,2.22,4.171,0.23063063063063063,0.33682899955712,0.2397506593143131,16.0
32vCPU-C7i,TencentARC/Mistral_Pro_8B_v0.1,8.0,Unquantized,SDPA,No Kernel,pytorch,2.219,4.173,0.23073456511942317,0.33699050950656,0.23963575365444523,16.0
32vCPU-C7i,TencentARC/Mistral_Pro_8B_v0.1,8.0,Unquantized,Eager,No Kernel,pytorch,2.734,4.343,0.1872713972201902,0.35071885520896,0.23025558369790466,16.0
32vCPU-C7i,TencentARC/Mistral_Pro_8B_v0.1,8.0,Unquantized,SDPA,No Kernel,pytorch,3.747,4.354,0.13664264745129437,0.35160715993088004,0.22967386311437757,16.0
32vCPU-C7i,TencentARC/Mistral_Pro_8B_v0.1,8.0,Unquantized,Eager,No Kernel,pytorch,3.025,5.483,0.16925619834710745,0.44277952638976,0.1823819077147547,16.0
32vCPU-C7i,TencentARC/Mistral_Pro_8B_v0.1,8.0,Unquantized,SDPA,No Kernel,pytorch,2.986,5.619,0.17146684527796383,0.45376220295167996,0.17796760989499913,16.0
32vCPU-C7i,01-ai/Yi-6B,6.0,Unquantized,Eager,No Kernel,pytorch,1.51,6.16,0.2543046357615894,0.37243398635520003,0.16233766233766234,12.0
32vCPU-C7i,01-ai/Yi-6B,6.0,Unquantized,Eager,No Kernel,pytorch,1.509,6.173,0.2544731610337972,0.37321996717056,0.16199578810950915,12.0
32vCPU-C7i,01-ai/Yi-6B,6.0,Unquantized,SDPA,No Kernel,pytorch,1.503,6.211,0.2554890219560878,0.37551744955391997,0.16100466913540493,12.0
32vCPU-C7i,01-ai/Yi-6B,6.0,Unquantized,SDPA,No Kernel,pytorch,1.721,6.249,0.2231260894828588,0.37781493193727994,0.16002560409665548,12.0
32vCPU-C7i,01-ai/Yi-6B,6.0,Unquantized,SDPA,No Kernel,pytorch,1.5,6.275,0.256,0.379386893568,0.1593625498007968,12.0
32vCPU-C7i,01-ai/Yi-6B,6.0,Unquantized,Eager,No Kernel,pytorch,1.672,6.379,0.22966507177033493,0.38567474009088,0.15676438313215238,12.0
32vCPU-C7i,01-ai/Yi-6B,6.0,Unquantized,Eager,No Kernel,pytorch,1.671,6.382,0.22980251346499103,0.38585612027904,0.15669069257286117,12.0
32vCPU-C7i,01-ai/Yi-6B,6.0,Unquantized,SDPA,No Kernel,pytorch,2.458,6.39,0.1562245728234337,0.3863398007808,0.1564945226917058,12.0
32vCPU-C7i,01-ai/Yi-6B,6.0,Unquantized,SDPA,No Kernel,pytorch,2.472,6.398,0.1553398058252427,0.38682348128256,0.15629884338855893,12.0
32vCPU-C7i,01-ai/Yi-6B,6.0,Unquantized,Eager,No Kernel,pytorch,1.563,6.516,0.2456813819577735,0.39395776868352,0.1534683855125844,12.0
32vCPU-C7i,01-ai/Yi-6B,6.0,Unquantized,SDPA,No Kernel,pytorch,2.738,6.532,0.14024835646457268,0.39492512968703997,0.15309246785058175,12.0
32vCPU-C7i,01-ai/Yi-6B,6.0,Unquantized,Eager,No Kernel,pytorch,1.962,6.538,0.19571865443425077,0.39528789006336,0.15295197308045272,12.0
32vCPU-C7i,01-ai/Yi-6B,6.0,Unquantized,Eager,No Kernel,pytorch,2.075,8.044,0.1850602409638554,0.48634074451968007,0.12431626056688214,12.0
32vCPU-C7i,01-ai/Yi-6B,6.0,Unquantized,Eager,No Kernel,pytorch,2.076,8.047,0.18497109826589594,0.48652212470784006,0.12426991425375916,12.0
32vCPU-C7i,01-ai/Yi-6B,6.0,Unquantized,Eager,No Kernel,pytorch,2.124,8.179,0.1807909604519774,0.49450285298687996,0.1222643354933366,12.0
32vCPU-C7i,01-ai/Yi-6B,6.0,Unquantized,SDPA,No Kernel,pytorch,2.062,8.207,0.18622696411251213,0.4961957347430401,0.12184720360667721,12.0
32vCPU-C7i,01-ai/Yi-6B,6.0,Unquantized,SDPA,No Kernel,pytorch,2.065,8.274,0.18595641646489103,0.5002465589452799,0.12086052695189753,12.0
32vCPU-C7i,01-ai/Yi-6B,6.0,Unquantized,SDPA,No Kernel,pytorch,2.086,8.375,0.18408437200383512,0.50635302528,0.11940298507462686,12.0
32vCPU-C7i,google/recurrentgemma-9b,9.0,Unquantized,Eager,No Kernel,pytorch,3.239,4.056,0.1778326644025934,0.36810217746431995,0.2465483234714004,18.0
32vCPU-C7i,google/recurrentgemma-9b,9.0,Unquantized,Eager,No Kernel,pytorch,5.869,4.129,0.0981427841199523,0.37472729061887994,0.24218939210462584,18.0
32vCPU-C7i,google/recurrentgemma-9b,9.0,Unquantized,Eager,No Kernel,pytorch,3.891,5.393,0.14803392444101773,0.4894415786649599,0.18542555164101615,18.0
32vCPU-C7i,meta-llama/Meta-Llama-3-8B,8.0,Unquantized,SDPA,No Kernel,pytorch,2.033,4.37,0.25184456468273486,0.3528992395264,0.22883295194508008,16.0
32vCPU-C7i,meta-llama/Meta-Llama-3-8B,8.0,Unquantized,Eager,No Kernel,pytorch,2.319,4.699,0.22078482104355326,0.37946762620928,0.21281123643328367,16.0
32vCPU-C7i,meta-llama/Meta-Llama-3-8B,8.0,Unquantized,SDPA,No Kernel,pytorch,3.171,4.763,0.16146326080100915,0.38463594459135997,0.20995171110644553,16.0
32vCPU-C7i,meta-llama/Meta-Llama-3-8B,8.0,Unquantized,Eager,No Kernel,pytorch,1.807,4.876,0.28334255672385167,0.39376125673472,0.2050861361771944,16.0
32vCPU-C7i,meta-llama/Meta-Llama-3-8B,8.0,Unquantized,Eager,No Kernel,pytorch,1.702,5.094,0.3008225616921269,0.41136584122368,0.19630938358853553,16.0
32vCPU-C7i,meta-llama/Meta-Llama-3-8B,8.0,Unquantized,SDPA,No Kernel,pytorch,1.716,5.129,0.29836829836829837,0.41419226533887993,0.19496977968414897,16.0
32vCPU-C7i,meta-llama/Meta-Llama-3-8B,8.0,Unquantized,Eager,No Kernel,pytorch,2.112,5.339,0.24242424242424243,0.43115081003008005,0.18730099269526126,16.0
32vCPU-C7i,meta-llama/Meta-Llama-3-8B,8.0,Unquantized,SDPA,No Kernel,pytorch,2.793,5.363,0.1833154314357322,0.43308892942336,0.18646280067126605,16.0
32vCPU-C7i,meta-llama/Meta-Llama-3-8B,8.0,Unquantized,Eager,No Kernel,pytorch,2.663,6.009,0.19226436349981224,0.48525664309248,0.16641704110500916,16.0
32vCPU-C7i,meta-llama/Meta-Llama-3-8B,8.0,Unquantized,SDPA,No Kernel,pytorch,2.654,6.179,0.19291635267520724,0.49898498879488,0.1618384851917786,16.0
32vCPU-C7i,meta-llama/Meta-Llama-3-8B,8.0,Unquantized,Eager,No Kernel,pytorch,2.277,6.7,0.22485726833552921,0.541058330624,0.14925373134328357,16.0
32vCPU-C7i,meta-llama/Meta-Llama-3-8B,8.0,Unquantized,SDPA,No Kernel,pytorch,2.232,6.837,0.22939068100358423,0.5521217621606399,0.14626298083954953,16.0
32vCPU-C7i,Qwen/Qwen1.5-MoE-A2.7B,14.0,Unquantized,SDPA,No Kernel,pytorch,1.518,7.257,0.5902503293807642,1.024540705536,0.13779798814937302,28.0
32vCPU-C7i,Qwen/Qwen1.5-MoE-A2.7B,14.0,Unquantized,Eager,No Kernel,pytorch,1.119,7.519,0.8007149240393209,1.0615297733120002,0.13299640909695437,28.0
32vCPU-C7i,Qwen/Qwen1.5-MoE-A2.7B,14.0,Unquantized,SDPA,No Kernel,pytorch,1.103,7.86,0.8123300090661831,1.10967203328,0.1272264631043257,28.0
32vCPU-C7i,Qwen/Qwen1.5-MoE-A2.7B,14.0,Unquantized,SDPA,No Kernel,pytorch,1.273,8.225,0.7038491751767478,1.1612026048,0.12158054711246201,28.0
32vCPU-C7i,Qwen/Qwen1.5-MoE-A2.7B,14.0,Unquantized,Eager,No Kernel,pytorch,1.173,8.364,0.7638533674339301,1.180826575872,0.11956001912960305,28.0
32vCPU-C7i,Qwen/Qwen1.5-MoE-A2.7B,14.0,Unquantized,Eager,No Kernel,pytorch,1.0,8.423,0.896,1.189156175104,0.11872254541137361,28.0
32vCPU-C7i,Qwen/Qwen1.5-4B,3.0,Unquantized,Eager,No Kernel,pytorch,1.05,8.997,0.18285714285714286,0.27404918429184,0.11114816049794377,6.0
32vCPU-C7i,Qwen/Qwen1.5-4B,3.0,Unquantized,SDPA,No Kernel,pytorch,1.685,9.072,0.11394658753709198,0.27633368899584,0.11022927689594357,6.0
32vCPU-C7i,Qwen/Qwen1.5-4B,3.0,Unquantized,SDPA,No Kernel,pytorch,1.032,9.187,0.18604651162790697,0.27983659620864,0.10884946119516709,6.0
32vCPU-C7i,Qwen/Qwen1.5-4B,3.0,Unquantized,Eager,No Kernel,pytorch,1.035,9.297,0.18550724637681162,0.28318720310784007,0.10756157900397977,6.0
32vCPU-C7i,Qwen/Qwen1.5-4B,3.0,Unquantized,Eager,No Kernel,pytorch,1.409,10.988,0.13626685592618878,0.33469516916736,0.09100837277029487,6.0
32vCPU-C7i,Qwen/Qwen1.5-4B,3.0,Unquantized,SDPA,No Kernel,pytorch,1.398,11.378,0.13733905579399142,0.34657459362816,0.08788890841975742,6.0
32vCPU-C7i,meta-llama/Llama-2-13b-hf,13.0,Unquantized,SDPA,No Kernel,pytorch,3.167,2.994,0.262709188506473,0.3927518661120001,0.334001336005344,26.0
32vCPU-C7i,meta-llama/Llama-2-13b-hf,13.0,Unquantized,Eager,No Kernel,pytorch,3.426,3.112,0.2428488032691185,0.408231064576,0.3213367609254499,26.0
32vCPU-C7i,meta-llama/Llama-2-13b-hf,13.0,Unquantized,Eager,No Kernel,pytorch,3.556,3.291,0.23397075365579303,0.431712221568,0.3038590094196293,26.0
32vCPU-C7i,meta-llama/Llama-2-13b-hf,13.0,Unquantized,SDPA,No Kernel,pytorch,4.848,3.321,0.1716171617161716,0.435647611008,0.30111412225233364,26.0
32vCPU-C7i,meta-llama/Llama-2-13b-hf,13.0,Unquantized,Eager,No Kernel,pytorch,4.385,4.076,0.18973774230330673,0.534688245248,0.24533856722276745,26.0
32vCPU-C7i,meta-llama/Llama-2-13b-hf,13.0,Unquantized,SDPA,No Kernel,pytorch,4.389,4.143,0.18956482114376852,0.543477281664,0.24137098720733768,26.0
32vCPU-C7i,google/gemma-2-2b,2.0,Unquantized,SDPA,No Kernel,pytorch,0.998,11.491,0.1282565130260521,0.23280217373696002,0.08702462796971543,4.0
32vCPU-C7i,google/gemma-2-2b,2.0,Unquantized,Eager,No Kernel,pytorch,0.611,11.537,0.20949263502454993,0.23373411177472003,0.08667764583513911,4.0
32vCPU-C7i,google/gemma-2-2b,2.0,Unquantized,Eager,No Kernel,pytorch,0.571,12.347,0.22416812609457093,0.25014432504832,0.08099133392726979,4.0
32vCPU-C7i,google/gemma-2-2b,2.0,Unquantized,SDPA,No Kernel,pytorch,0.571,12.539,0.22416812609457093,0.25403415337984,0.07975117632985086,4.0
32vCPU-C7i,google/gemma-2-2b,2.0,Unquantized,Eager,No Kernel,pytorch,0.754,14.281,0.16976127320954906,0.28932624167936,0.07002310762551642,4.0
32vCPU-C7i,google/gemma-2-2b,2.0,Unquantized,SDPA,No Kernel,pytorch,0.726,14.828,0.1763085399449036,0.30040820051968,0.0674399784192069,4.0
32vCPU-C7i,google/gemma-2-2b,2.0,Unquantized,SDPA,No Kernel,pytorch,0.998,11.491,0.1282565130260521,0.23280217373696002,0.08702462796971543,4.0
32vCPU-C7i,google/gemma-2-2b,2.0,Unquantized,Eager,No Kernel,pytorch,0.611,11.537,0.20949263502454993,0.23373411177472003,0.08667764583513911,4.0
32vCPU-C7i,google/gemma-2-2b,2.0,Unquantized,Eager,No Kernel,pytorch,0.571,12.347,0.22416812609457093,0.25014432504832,0.08099133392726979,4.0
32vCPU-C7i,google/gemma-2-2b,2.0,Unquantized,SDPA,No Kernel,pytorch,0.571,12.539,0.22416812609457093,0.25403415337984,0.07975117632985086,4.0
32vCPU-C7i,google/gemma-2-2b,2.0,Unquantized,Eager,No Kernel,pytorch,0.754,14.281,0.16976127320954906,0.28932624167936,0.07002310762551642,4.0
32vCPU-C7i,google/gemma-2-2b,2.0,Unquantized,SDPA,No Kernel,pytorch,0.726,14.828,0.1763085399449036,0.30040820051968,0.0674399784192069,4.0
32vCPU-C7i,huggyllama/llama-13b,13.0,Unquantized,Eager,No Kernel,pytorch,3.344,3.03,0.24880382775119617,0.39747433344,0.33003300330033003,26.0
32vCPU-C7i,huggyllama/llama-13b,13.0,Unquantized,SDPA,No Kernel,pytorch,3.352,3.052,0.24821002386634844,0.400360285696,0.327653997378768,26.0
32vCPU-C7i,huggyllama/llama-13b,13.0,Unquantized,Eager,No Kernel,pytorch,3.74,3.323,0.22245989304812835,0.435909970304,0.30093289196509176,26.0
32vCPU-C7i,huggyllama/llama-13b,13.0,Unquantized,SDPA,No Kernel,pytorch,5.042,3.338,0.16501388337961126,0.43787766502399994,0.2995805871779509,26.0
32vCPU-C7i,huggyllama/llama-13b,13.0,Unquantized,Eager,No Kernel,pytorch,4.686,4.107,0.1775501493811353,0.538754814336,0.24348672997321644,26.0
32vCPU-C7i,huggyllama/llama-13b,13.0,Unquantized,SDPA,No Kernel,pytorch,4.645,4.18,0.1791173304628633,0.54833092864,0.23923444976076558,26.0
32vCPU-C7i,Qwen/Qwen1.5-1.8B,1.0,Unquantized,Eager,No Kernel,pytorch,0.475,20.101,0.13473684210526315,0.20622666297856,0.049748768717974234,2.0
32vCPU-C7i,Qwen/Qwen1.5-1.8B,1.0,Unquantized,Eager,No Kernel,pytorch,0.6,20.438,0.10666666666666667,0.20968412208127998,0.04892846658185733,2.0
32vCPU-C7i,Qwen/Qwen1.5-1.8B,1.0,Unquantized,SDPA,No Kernel,pytorch,0.478,20.476,0.13389121338912133,0.21007398393856003,0.04883766360617308,2.0
32vCPU-C7i,Qwen/Qwen1.5-1.8B,1.0,Unquantized,SDPA,No Kernel,pytorch,0.905,20.722,0.0707182320441989,0.21259782648832,0.048257890165041985,2.0
32vCPU-C7i,Qwen/Qwen1.5-1.8B,1.0,Unquantized,Eager,No Kernel,pytorch,0.641,24.129,0.0998439937597504,0.24755201985024003,0.041443905673670685,2.0
32vCPU-C7i,Qwen/Qwen1.5-1.8B,1.0,Unquantized,SDPA,No Kernel,pytorch,0.633,25.637,0.10110584518167456,0.26302337987072,0.03900612396146195,2.0
32vCPU-C7i,meta-llama/Llama-2-7b-hf,6.0,Unquantized,Eager,No Kernel,pytorch,1.798,5.543,0.2135706340378198,0.33513012765696004,0.18040772145047806,12.0
32vCPU-C7i,meta-llama/Llama-2-7b-hf,6.0,Unquantized,SDPA,No Kernel,pytorch,1.827,5.697,0.21018062397372742,0.34444097731584,0.175530981218185,12.0
32vCPU-C7i,meta-llama/Llama-2-7b-hf,6.0,Unquantized,Eager,No Kernel,pytorch,2.29,5.895,0.16768558951965065,0.3564120697344,0.16963528413910095,12.0
32vCPU-C7i,meta-llama/Llama-2-7b-hf,6.0,Unquantized,SDPA,No Kernel,pytorch,3.166,5.959,0.12128869235628553,0.36028151374847994,0.1678133915086424,12.0
32vCPU-C7i,meta-llama/Llama-2-7b-hf,6.0,Unquantized,Eager,No Kernel,pytorch,2.598,7.294,0.14780600461893764,0.44099569747968004,0.13709898546750754,12.0
32vCPU-C7i,meta-llama/Llama-2-7b-hf,6.0,Unquantized,SDPA,No Kernel,pytorch,2.578,7.456,0.14895267649340574,0.45079022764032,0.13412017167381973,12.0
32vCPU-C7i,google/gemma-2b,2.0,Unquantized,Eager,No Kernel,pytorch,0.657,13.507,0.1948249619482496,0.27364537121792,0.07403568520026653,4.0
32vCPU-C7i,google/gemma-2b,2.0,Unquantized,SDPA,No Kernel,pytorch,0.896,13.544,0.14285714285714285,0.27439497355264003,0.07383343177790903,4.0
32vCPU-C7i,google/gemma-2b,2.0,Unquantized,Eager,No Kernel,pytorch,0.65,13.607,0.19692307692307692,0.27567132347392004,0.07349158521349305,4.0
32vCPU-C7i,google/gemma-2b,2.0,Unquantized,SDPA,No Kernel,pytorch,0.644,13.898,0.19875776397515527,0.28156684453888,0.0719527989638797,4.0
32vCPU-C7i,google/gemma-2b,2.0,Unquantized,Eager,No Kernel,pytorch,0.833,16.638,0.15366146458583432,0.33707793635328004,0.06010337780983291,4.0
32vCPU-C7i,google/gemma-2b,2.0,Unquantized,SDPA,No Kernel,pytorch,0.832,17.287,0.15384615384615385,0.35022636649471994,0.05784693700468561,4.0
32vCPU-C7i,microsoft/phi-1_5,1.0,Unquantized,Eager,No Kernel,pytorch,0.428,19.179,0.14953271028037382,0.19676738317824,0.05214036185411127,2.0
32vCPU-C7i,microsoft/phi-1_5,1.0,Unquantized,SDPA,No Kernel,pytorch,0.423,19.788,0.15130023640661938,0.20301543241727998,0.050535678188801295,2.0
32vCPU-C7i,microsoft/phi-1_5,1.0,Unquantized,Eager,No Kernel,pytorch,0.508,20.347,0.12598425196850394,0.20875050552832003,0.049147294441440996,2.0
32vCPU-C7i,microsoft/phi-1_5,1.0,Unquantized,SDPA,No Kernel,pytorch,0.858,21.081,0.07459207459207459,0.21628099508735998,0.047436079882358526,2.0
32vCPU-C7i,Qwen/Qwen2-0.5B,0.0,Unquantized,Eager,No Kernel,pytorch,0.22,21.561,0.0,0.005595565916159999,0.04638003803163119,0.0
32vCPU-C7i,Qwen/Qwen2-0.5B,0.0,Unquantized,SDPA,No Kernel,pytorch,0.197,23.454,0.0,0.00608684212224,0.04263665046473949,0.0
32vCPU-C7i,microsoft/phi-1_5,1.0,Unquantized,Eager,No Kernel,pytorch,0.59,23.878,0.10847457627118644,0.24497687968768,0.04187955440154117,2.0
32vCPU-C7i,Qwen/Qwen2-0.5B,0.0,Unquantized,SDPA,No Kernel,pytorch,0.244,25.075,0.0,0.0065075281919999995,0.03988035892323031,0.0
32vCPU-C7i,Qwen/Qwen2-0.5B,0.0,Unquantized,Eager,No Kernel,pytorch,0.264,25.673,0.0,0.006662722682879999,0.03895142756982044,0.0
32vCPU-C7i,microsoft/phi-1_5,1.0,Unquantized,SDPA,No Kernel,pytorch,0.554,25.684,0.11552346570397112,0.26350557743104003,0.0389347453667653,2.0
32vCPU-C7i,Qwen/Qwen2-0.5B,0.0,Unquantized,Eager,No Kernel,pytorch,0.193,27.209,0.0,0.00706134933504,0.036752545113749126,0.0
32vCPU-C7i,Qwen/Qwen2-0.5B,0.0,Unquantized,SDPA,No Kernel,pytorch,0.192,27.915,0.0,0.0072445722624,0.035823034210997674,0.0
32vCPU-C7i,google/recurrentgemma-2b,2.0,Unquantized,Eager,No Kernel,pytorch,2.425,10.898,0.05278350515463918,0.22078827685888,0.09175995595522114,4.0
32vCPU-C7i,google/recurrentgemma-2b,2.0,Unquantized,Eager,No Kernel,pytorch,1.154,11.75,0.11091854419410745,0.23804939008,0.0851063829787234,4.0
32vCPU-C7i,google/recurrentgemma-2b,2.0,Unquantized,Eager,No Kernel,pytorch,1.371,14.004,0.09336250911743253,0.28371435393023997,0.07140816909454442,4.0
32vCPU-C7i,EleutherAI/gpt-j-6b,6.0,Unquantized,Eager,No Kernel,pytorch,1.874,5.902,0.20490928495197439,0.35683529017344,0.16943409013893596,12.0
32vCPU-C7i,EleutherAI/gpt-j-6b,6.0,Unquantized,Eager,No Kernel,pytorch,1.584,5.932,0.24242424242424243,0.35864909205504,0.16857720836142953,12.0
32vCPU-C7i,EleutherAI/gpt-j-6b,6.0,Unquantized,Eager,No Kernel,pytorch,1.849,6.0,0.20767982693347756,0.36276037632,0.16666666666666666,12.0
32vCPU-C7i,EleutherAI/gpt-j-6b,6.0,Unquantized,Eager,No Kernel,pytorch,1.571,6.005,0.24443029917250159,0.3630626766336,0.16652789342214822,12.0
32vCPU-C7i,EleutherAI/gpt-j-6b,6.0,Unquantized,Eager,No Kernel,pytorch,1.479,6.017,0.25963488843813387,0.3637881973862401,0.16619577862722285,12.0
32vCPU-C7i,EleutherAI/gpt-j-6b,6.0,Unquantized,Eager,No Kernel,pytorch,1.472,6.044,0.2608695652173913,0.36542061907968,0.1654533421575116,12.0
32vCPU-C7i,EleutherAI/gpt-j-6b,6.0,Unquantized,Eager,No Kernel,pytorch,2.458,7.521,0.1562245728234337,0.45472013171711995,0.13296104241457254,12.0
32vCPU-C7i,EleutherAI/gpt-j-6b,6.0,Unquantized,Eager,No Kernel,pytorch,2.057,7.7,0.18667963052989792,0.4655424829440001,0.12987012987012986,12.0
32vCPU-C7i,EleutherAI/gpt-j-6b,6.0,Unquantized,Eager,No Kernel,pytorch,2.048,7.712,0.1875,0.46626800369663995,0.12966804979253113,12.0
32vCPU-C7i,openai-community/gpt2,0.0,Unquantized,,No Kernel,onnxruntime,0.088,75.833,0.0,0.01968037429248,0.013186871151081983,0.0
32vCPU-C7i,openai-community/gpt2,0.0,Unquantized,,No Kernel,onnxruntime,0.088,75.907,0.0,0.01969957896192,0.013174015571686406,0.0
32vCPU-C7i,openai-community/gpt2,0.0,Unquantized,,No Kernel,onnxruntime,0.089,75.925,0.0,0.019704250367999998,0.01317089232795522,0.0
32vCPU-C7i,openai-community/gpt2,0.0,Unquantized,,No Kernel,onnxruntime,0.073,79.544,0.0,0.020643462512639998,0.012571658453183145,0.0
32vCPU-C7i,openai-community/gpt2,0.0,Unquantized,,No Kernel,onnxruntime,0.072,81.786,0.0,0.02122531209216,0.012227031521287261,0.0
32vCPU-C7i,openai-community/gpt2,0.0,Unquantized,,No Kernel,onnxruntime,0.073,83.013,0.0,0.02154374627328,0.012046306000265019,0.0
32vCPU-C7i,openai-community/gpt2,0.0,Unquantized,Eager,No Kernel,pytorch,0.076,89.693,0.0,0.023277356974080003,0.011149142073517443,0.0
32vCPU-C7i,openai-community/gpt2,0.0,Unquantized,Eager,No Kernel,pytorch,0.064,94.92,0.0,0.024633881395199998,0.01053518752633797,0.0
32vCPU-C7i,openai-community/gpt2,0.0,Unquantized,Eager,No Kernel,pytorch,0.063,105.028,0.0,0.027257135431680003,0.009521270518337966,0.0
32vCPU-C7i,openai-community/gpt2,0.0,Unquantized,Eager,No Kernel,pytorch,0.061,107.526,0.0,0.027905422786559997,0.009300076260625338,0.0
32vCPU-C7i,openai-community/gpt2,0.0,Unquantized,Eager,No Kernel,pytorch,0.05,111.897,0.0,0.029039795896319998,0.008936790083737723,0.0
32vCPU-C7i,openai-community/gpt2,0.0,Unquantized,SDPA,No Kernel,pytorch,0.061,115.677,0.0,0.030020791173120006,0.008644760842691286,0.0
32vCPU-C7i,openai-community/gpt2,0.0,Unquantized,SDPA,No Kernel,pytorch,0.115,117.532,0.0,0.03050220552192,0.008508321138073035,0.0
32vCPU-C7i,openai-community/gpt2,0.0,Unquantized,SDPA,No Kernel,pytorch,0.049,119.922,0.0,0.03112246444032,0.008338753523123363,0.0
32vCPU-C7i,huggyllama/llama-7b,6.0,Unquantized,Eager,No Kernel,pytorch,1.896,5.566,0.20253164556962025,0.33652070909952,0.17966223499820339,12.0
32vCPU-C7i,huggyllama/llama-7b,6.0,Unquantized,SDPA,No Kernel,pytorch,1.902,5.617,0.20189274447949526,0.33960417229823997,0.17803097739006588,12.0
32vCPU-C7i,huggyllama/llama-7b,6.0,Unquantized,Eager,No Kernel,pytorch,2.357,5.829,0.16291896478574458,0.35242170559488,0.171556013038257,12.0
32vCPU-C7i,huggyllama/llama-7b,6.0,Unquantized,SDPA,No Kernel,pytorch,3.189,5.869,0.12041392285983067,0.35484010810367994,0.1703867779860283,12.0
32vCPU-C7i,huggyllama/llama-7b,6.0,Unquantized,Eager,No Kernel,pytorch,2.648,7.286,0.14501510574018128,0.44051201697792,0.1372495196266813,12.0
32vCPU-C7i,huggyllama/llama-7b,6.0,Unquantized,SDPA,No Kernel,pytorch,2.621,7.471,0.14650896604349484,0.45169712858112,0.13385089010841922,12.0
32vCPU-C7i,EleutherAI/gpt-neo-2.7B,2.0,Unquantized,Eager,No Kernel,pytorch,1.031,11.479,0.12415130940834143,0.23255905946623998,0.08711560240439063,4.0
32vCPU-C7i,EleutherAI/gpt-neo-2.7B,2.0,Unquantized,Eager,No Kernel,pytorch,0.801,11.729,0.15980024968789014,0.23762394010624,0.0852587603376247,4.0
32vCPU-C7i,EleutherAI/gpt-neo-2.7B,2.0,Unquantized,Eager,No Kernel,pytorch,0.8,11.828,0.16,0.23962963283967997,0.08454514710855597,4.0
32vCPU-C7i,EleutherAI/gpt-neo-2.7B,2.0,Unquantized,Eager,No Kernel,pytorch,0.852,12.224,0.15023474178403756,0.24765240377344003,0.08180628272251309,4.0
32vCPU-C7i,EleutherAI/gpt-neo-2.7B,2.0,Unquantized,Eager,No Kernel,pytorch,0.708,12.282,0.1807909604519774,0.24882745608192,0.08141996417521576,4.0
32vCPU-C7i,EleutherAI/gpt-neo-2.7B,2.0,Unquantized,Eager,No Kernel,pytorch,0.706,12.383,0.1813031161473088,0.25087366786048,0.08075587498990552,4.0
32vCPU-C7i,EleutherAI/gpt-neo-2.7B,2.0,Unquantized,Eager,No Kernel,pytorch,1.203,14.111,0.10640066500415628,0.28588212284416004,0.0708666997377932,4.0
32vCPU-C7i,EleutherAI/gpt-neo-2.7B,2.0,Unquantized,Eager,No Kernel,pytorch,0.998,14.456,0.1282565130260521,0.29287165812736,0.06917542888765911,4.0
32vCPU-C7i,EleutherAI/gpt-neo-2.7B,2.0,Unquantized,Eager,No Kernel,pytorch,1.002,14.509,0.1277445109780439,0.29394541282304,0.06892273761113792,4.0
32vCPU-C7i,openai-community/gpt2,0.0,Unquantized,,No Kernel,onnxruntime,0.088,75.833,0.0,0.01968037429248,0.013186871151081983,0.0
32vCPU-C7i,openai-community/gpt2,0.0,Unquantized,,No Kernel,onnxruntime,0.088,75.907,0.0,0.01969957896192,0.013174015571686406,0.0
32vCPU-C7i,openai-community/gpt2,0.0,Unquantized,,No Kernel,onnxruntime,0.089,75.925,0.0,0.019704250367999998,0.01317089232795522,0.0
32vCPU-C7i,openai-community/gpt2,0.0,Unquantized,,No Kernel,onnxruntime,0.073,79.544,0.0,0.020643462512639998,0.012571658453183145,0.0
32vCPU-C7i,openai-community/gpt2,0.0,Unquantized,,No Kernel,onnxruntime,0.072,81.786,0.0,0.02122531209216,0.012227031521287261,0.0
32vCPU-C7i,openai-community/gpt2,0.0,Unquantized,,No Kernel,onnxruntime,0.073,83.013,0.0,0.02154374627328,0.012046306000265019,0.0
32vCPU-C7i,openai-community/gpt2,0.0,Unquantized,Eager,No Kernel,pytorch,0.076,89.693,0.0,0.023277356974080003,0.011149142073517443,0.0
32vCPU-C7i,openai-community/gpt2,0.0,Unquantized,Eager,No Kernel,pytorch,0.064,94.92,0.0,0.024633881395199998,0.01053518752633797,0.0
32vCPU-C7i,openai-community/gpt2,0.0,Unquantized,Eager,No Kernel,pytorch,0.063,105.028,0.0,0.027257135431680003,0.009521270518337966,0.0
32vCPU-C7i,openai-community/gpt2,0.0,Unquantized,Eager,No Kernel,pytorch,0.061,107.526,0.0,0.027905422786559997,0.009300076260625338,0.0
32vCPU-C7i,openai-community/gpt2,0.0,Unquantized,Eager,No Kernel,pytorch,0.05,111.897,0.0,0.029039795896319998,0.008936790083737723,0.0
32vCPU-C7i,openai-community/gpt2,0.0,Unquantized,SDPA,No Kernel,pytorch,0.061,115.677,0.0,0.030020791173120006,0.008644760842691286,0.0
32vCPU-C7i,openai-community/gpt2,0.0,Unquantized,SDPA,No Kernel,pytorch,0.115,117.532,0.0,0.03050220552192,0.008508321138073035,0.0
32vCPU-C7i,openai-community/gpt2,0.0,Unquantized,SDPA,No Kernel,pytorch,0.049,119.922,0.0,0.03112246444032,0.008338753523123363,0.0
32vCPU-C7i,EleutherAI/gpt-neox-20b,20.0,Unquantized,SDPA,No Kernel,pytorch,9.033,2.1,0.14170264585409056,0.42247726080000003,0.47619047619047616,40.0
32vCPU-C7i,EleutherAI/gpt-neox-20b,20.0,Unquantized,Eager,No Kernel,pytorch,7.195,2.111,0.17790132036136205,0.42469023692800006,0.47370914258645186,40.0
32vCPU-C7i,EleutherAI/gpt-neox-20b,20.0,Unquantized,SDPA,No Kernel,pytorch,7.388,2.139,0.17325392528424471,0.43032326707199997,0.4675081813931744,40.0
32vCPU-C7i,EleutherAI/gpt-neox-20b,20.0,Unquantized,Eager,No Kernel,pytorch,5.592,2.143,0.22889842632331903,0.43112798566399996,0.46663555762949144,40.0
32vCPU-C7i,EleutherAI/gpt-neox-20b,20.0,Unquantized,Eager,No Kernel,pytorch,8.426,2.593,0.15191075243294563,0.521658827264,0.3856536829926726,40.0
32vCPU-C7i,EleutherAI/gpt-neox-20b,20.0,Unquantized,SDPA,No Kernel,pytorch,8.253,2.621,0.155095116927178,0.5272918574079999,0.38153376573826786,40.0
32vCPU-C7i,EleutherAI/gpt-neox-20b,20.0,Unquantized,Eager,No Kernel,pytorch,6.996,2.626,0.18296169239565466,0.528297755648,0.38080731150038083,40.0
32vCPU-C7i,EleutherAI/gpt-neox-20b,20.0,Unquantized,SDPA,No Kernel,pytorch,6.874,2.662,0.18620890311318009,0.535540222976,0.3756574004507889,40.0
32vCPU-C7i,EleutherAI/pythia-12b,12.0,Unquantized,Eager,No Kernel,pytorch,3.384,3.327,0.22695035460992907,0.40175180089344004,0.30057108506161706,24.0
32vCPU-C7i,EleutherAI/pythia-12b,12.0,Unquantized,SDPA,No Kernel,pytorch,2.908,3.353,0.2640990371389271,0.40489143023616,0.29824038174768863,24.0
32vCPU-C7i,EleutherAI/pythia-12b,12.0,Unquantized,Eager,No Kernel,pytorch,3.265,3.634,0.2352220520673813,0.43882357813247996,0.27517886626307103,24.0
32vCPU-C7i,EleutherAI/pythia-12b,12.0,Unquantized,SDPA,No Kernel,pytorch,3.924,3.654,0.19571865443425077,0.44123867762687996,0.27367268746579093,24.0
32vCPU-C7i,EleutherAI/pythia-12b,12.0,Unquantized,Eager,No Kernel,pytorch,3.985,4.581,0.19272271016311168,0.5531785391923201,0.21829294913774283,24.0
32vCPU-C7i,EleutherAI/pythia-12b,12.0,Unquantized,SDPA,No Kernel,pytorch,3.961,4.629,0.19389043170916434,0.55897477797888,0.21602937999567942,24.0
32vCPU-C7i,EleutherAI/pythia-160m,0.0,Unquantized,Eager,No Kernel,pytorch,0.065,97.177,0.0,0.025219623813120002,0.010290500838675817,0.0
32vCPU-C7i,EleutherAI/pythia-160m,0.0,Unquantized,SDPA,No Kernel,pytorch,0.119,102.957,0.0,0.02671966420992,0.009712792719290578,0.0
32vCPU-C7i,EleutherAI/pythia-160m,0.0,Unquantized,Eager,No Kernel,pytorch,0.072,110.461,0.0,0.02866712150016,0.009052968921157693,0.0
32vCPU-C7i,EleutherAI/pythia-160m,0.0,Unquantized,Eager,No Kernel,pytorch,0.052,117.676,0.0,0.03053957677056,0.008497909514259492,0.0
32vCPU-C7i,EleutherAI/pythia-160m,0.0,Unquantized,SDPA,No Kernel,pytorch,0.067,122.575,0.0,0.031810977792,0.008158270446665308,0.0
32vCPU-C7i,EleutherAI/pythia-160m,0.0,Unquantized,SDPA,No Kernel,pytorch,0.048,130.087,0.0,0.03376051126272,0.0076871632061620305,0.0
32vCPU-C7i,openai-community/gpt2-large,0.0,Unquantized,Eager,No Kernel,pytorch,0.36,15.207,0.0,0.003946559569920001,0.06575918984678109,0.0
32vCPU-C7i,openai-community/gpt2-large,0.0,Unquantized,SDPA,No Kernel,pytorch,0.312,16.945,0.0,0.0043976097792,0.05901445854234287,0.0
32vCPU-C7i,openai-community/gpt2-large,0.0,Unquantized,Eager,No Kernel,pytorch,0.301,17.265,0.0,0.0044806569984,0.057920648711265565,0.0
32vCPU-C7i,openai-community/gpt2-large,0.0,Unquantized,Eager,No Kernel,pytorch,0.398,18.202,0.0,0.0047238296371200006,0.05493901769036369,0.0
32vCPU-C7i,openai-community/gpt2-large,0.0,Unquantized,SDPA,No Kernel,pytorch,0.292,19.482,0.0,0.005056018513919999,0.0513294322964788,0.0
32vCPU-C7i,openai-community/gpt2-large,0.0,Unquantized,SDPA,No Kernel,pytorch,0.394,19.652,0.0,0.0051001373491200005,0.0508854060655404,0.0
32vCPU-C7i,EleutherAI/gpt-neo-1.3B,1.0,Unquantized,Eager,No Kernel,pytorch,0.363,22.187,0.1763085399449036,0.22762802703872,0.045071438229593905,2.0
32vCPU-C7i,EleutherAI/gpt-neo-1.3B,1.0,Unquantized,Eager,No Kernel,pytorch,0.369,22.278,0.17344173441734417,0.22856164359167996,0.04488733279468534,2.0
32vCPU-C7i,EleutherAI/gpt-neo-1.3B,1.0,Unquantized,Eager,No Kernel,pytorch,0.436,22.281,0.14678899082568808,0.22859242215936,0.044881288990619814,2.0
32vCPU-C7i,EleutherAI/gpt-neo-1.3B,1.0,Unquantized,Eager,No Kernel,pytorch,0.536,22.559,0.11940298507462685,0.23144456943104003,0.04432820603750166,2.0
32vCPU-C7i,EleutherAI/gpt-neo-1.3B,1.0,Unquantized,Eager,No Kernel,pytorch,0.429,23.087,0.14918414918414918,0.23686159734272003,0.04331441937020834,2.0
32vCPU-C7i,EleutherAI/gpt-neo-1.3B,1.0,Unquantized,Eager,No Kernel,pytorch,0.422,23.173,0.15165876777251186,0.23774391628287997,0.043153670219652183,2.0
32vCPU-C7i,EleutherAI/gpt-neo-1.3B,1.0,Unquantized,Eager,No Kernel,pytorch,0.62,26.843,0.1032258064516129,0.27539636407808005,0.03725366017211191,2.0
32vCPU-C7i,EleutherAI/gpt-neo-1.3B,1.0,Unquantized,Eager,No Kernel,pytorch,0.508,27.246,0.12598425196850394,0.27953095166976,0.03670263524921089,2.0
32vCPU-C7i,EleutherAI/gpt-neo-1.3B,1.0,Unquantized,Eager,No Kernel,pytorch,0.506,27.543,0.12648221343873517,0.28257802987008,0.03630686562829031,2.0
32vCPU-C7i,Qwen/Qwen1.5-0.5B,0.0,Unquantized,Eager,No Kernel,pytorch,0.195,38.644,0.0,0.010028989808639999,0.02587723838111997,0.0
32vCPU-C7i,Qwen/Qwen1.5-0.5B,0.0,Unquantized,SDPA,No Kernel,pytorch,0.356,39.843,0.0,0.01034015735808,0.025098511658258663,0.0
32vCPU-C7i,Qwen/Qwen1.5-0.5B,0.0,Unquantized,Eager,No Kernel,pytorch,0.216,46.17,0.0,0.011982156595200001,0.021659085986571364,0.0
32vCPU-C7i,Qwen/Qwen1.5-0.5B,0.0,Unquantized,Eager,No Kernel,pytorch,0.223,46.513,0.0,0.012071172833279999,0.021499365768709824,0.0
32vCPU-C7i,Qwen/Qwen1.5-0.5B,0.0,Unquantized,SDPA,No Kernel,pytorch,0.206,47.17,0.0,0.012241679155200002,0.021199915200339196,0.0
32vCPU-C7i,Qwen/Qwen1.5-0.5B,0.0,Unquantized,SDPA,No Kernel,pytorch,0.221,49.845,0.0,0.0129359020032,0.020062192797672785,0.0
32vCPU-C7i,EleutherAI/pythia-410m,0.0,Unquantized,Eager,No Kernel,pytorch,0.158,45.774,0.0,0.011879385661440001,0.02184646305763097,0.0
32vCPU-C7i,EleutherAI/pythia-410m,0.0,Unquantized,SDPA,No Kernel,pytorch,0.305,48.433,0.0,0.012569456148479999,0.020647079470608884,0.0
32vCPU-C7i,EleutherAI/pythia-410m,0.0,Unquantized,Eager,No Kernel,pytorch,0.16,53.199,0.0,0.013806340669439999,0.018797345814770956,0.0
32vCPU-C7i,EleutherAI/pythia-410m,0.0,Unquantized,Eager,No Kernel,pytorch,0.179,54.183,0.0,0.01406171086848,0.018455973275750697,0.0
32vCPU-C7i,EleutherAI/pythia-410m,0.0,Unquantized,SDPA,No Kernel,pytorch,0.156,57.796,0.0,0.014999365877759999,0.017302235448819987,0.0
32vCPU-C7i,EleutherAI/pythia-410m,0.0,Unquantized,SDPA,No Kernel,pytorch,0.167,59.255,0.0,0.015378009292799998,0.01687621297780778,0.0
32vCPU-C7i,EleutherAI/gpt-neo-125m,0.0,Unquantized,Eager,No Kernel,pytorch,0.077,92.567,0.0,0.02402322481152,0.010802985945315285,0.0
32vCPU-C7i,EleutherAI/gpt-neo-125m,0.0,Unquantized,Eager,No Kernel,pytorch,0.065,97.478,0.0,0.02529774010368,0.010258725045651326,0.0
32vCPU-C7i,EleutherAI/gpt-neo-125m,0.0,Unquantized,Eager,No Kernel,pytorch,0.065,97.672,0.0,0.02534808748032,0.01023834875911213,0.0
32vCPU-C7i,EleutherAI/gpt-neo-125m,0.0,Unquantized,Eager,No Kernel,pytorch,0.081,109.073,0.0,0.02830690418688,0.009168171774866375,0.0
32vCPU-C7i,EleutherAI/gpt-neo-125m,0.0,Unquantized,Eager,No Kernel,pytorch,0.066,114.469,0.0,0.02970728792064,0.008735989656588247,0.0
32vCPU-C7i,EleutherAI/gpt-neo-125m,0.0,Unquantized,Eager,No Kernel,pytorch,0.065,115.672,0.0,0.030019493560319997,0.008645134518293105,0.0
32vCPU-C7i,EleutherAI/gpt-neo-125m,0.0,Unquantized,Eager,No Kernel,pytorch,0.054,121.378,0.0,0.03150032928768,0.0082387253044209,0.0
32vCPU-C7i,EleutherAI/gpt-neo-125m,0.0,Unquantized,Eager,No Kernel,pytorch,0.044,125.109,0.0,0.032468607959040004,0.007993030077772183,0.0
32vCPU-C7i,EleutherAI/gpt-neo-125m,0.0,Unquantized,Eager,No Kernel,pytorch,0.044,126.156,0.0,0.032740328079360004,0.0079266939344938,0.0
32vCPU-C7i,distilbert/distilgpt2,0.0,Unquantized,,No Kernel,onnxruntime,0.057,118.885,0.0,0.030853339545600003,0.008411490095470412,0.0
32vCPU-C7i,distilbert/distilgpt2,0.0,Unquantized,,No Kernel,onnxruntime,0.062,121.376,0.0,0.03149981024256,0.008238861059847086,0.0
32vCPU-C7i,distilbert/distilgpt2,0.0,Unquantized,,No Kernel,onnxruntime,0.062,122.273,0.0,0.03173260197888,0.008178420419880105,0.0
32vCPU-C7i,distilbert/distilgpt2,0.0,Unquantized,,No Kernel,onnxruntime,0.064,122.806,0.0,0.03187092750336,0.008142924612803935,0.0
32vCPU-C7i,distilbert/distilgpt2,0.0,Unquantized,,No Kernel,onnxruntime,0.044,132.081,0.0,0.03427799924736,0.007571111666325968,0.0
32vCPU-C7i,distilbert/distilgpt2,0.0,Unquantized,,No Kernel,onnxruntime,0.044,133.137,0.0,0.034552055070720004,0.007511060035902867,0.0
32vCPU-C7i,distilbert/distilgpt2,0.0,Unquantized,Eager,No Kernel,pytorch,0.038,176.872,0.0,0.04590227423232,0.0056538061422949926,0.0
32vCPU-C7i,distilbert/distilgpt2,0.0,Unquantized,Eager,No Kernel,pytorch,0.041,183.163,0.0,0.04753493065728,0.005459617935936843,0.0
32vCPU-C7i,distilbert/distilgpt2,0.0,Unquantized,Eager,No Kernel,pytorch,0.031,185.487,0.0,0.048138061086719995,0.005391213400400028,0.0
32vCPU-C7i,distilbert/distilgpt2,0.0,Unquantized,SDPA,No Kernel,pytorch,0.066,192.341,0.0,0.04991682871296001,0.005199099515963835,0.0
32vCPU-C7i,distilbert/distilgpt2,0.0,Unquantized,SDPA,No Kernel,pytorch,0.03,197.257,0.0,0.05119264161792001,0.0050695285845369234,0.0
32vCPU-C7i,distilbert/distilgpt2,0.0,Unquantized,SDPA,No Kernel,pytorch,0.04,205.009,0.0,0.05320446050304,0.004877834631650318,0.0
RTX-3090,qwen2 7B Q4_K - Medium,7.616,Q4_K (4.91bpw),Eager,llama.cpp,llama.cpp,0.098,146.299,0.1401046277665996,0.7546842267797608,0.006835316714399961,4.6773664
RTX-3090,qwen2 7B Q4_K - Medium,7.616,Q4_K (4.91bpw),Eager,llama.cpp,llama.cpp,0.098,145.682,0.1401046277665996,0.7515014287570597,0.006864266004036189,4.6773664
RTX-3090,qwen2 7B Q4_K - Medium,7.616,Q4_K (4.91bpw),Eager,llama.cpp,llama.cpp,0.1084,124.563,0.12666285536094798,0.6425589466802051,0.008028066119152558,4.6773664
RTX-3090,qwen2 7B Q4_K - Medium,7.616,Q4_K (4.91bpw),Eager,llama.cpp,llama.cpp,0.1272,132.232,0.10794224466294623,0.6821195269656068,0.00756246596890314,4.6773664
RTX-3090,qwen2 7B Q4_K - Medium,7.616,Q4_K (4.91bpw),FAv2,llama.cpp,llama.cpp,0.0897,150.37,0.15306860112738863,0.775684503522735,0.006650262685376072,4.6773664
RTX-3090,qwen2 7B Q4_K - Medium,7.616,Q4_K (4.91bpw),FAv2,llama.cpp,llama.cpp,0.0897,151.292,0.15306860112738863,0.7804406457868035,0.006609734817439124,4.6773664
RTX-3090,qwen2 7B Q4_K - Medium,7.616,Q4_K (4.91bpw),FAv2,llama.cpp,llama.cpp,4.6632,3.021,0.0029443844401112456,0.015583845748102561,0.33101621979477,4.6773664
RTX-3090,qwen2 7B Q4_K - Medium,7.616,Q4_K (4.91bpw),FAv2,llama.cpp,llama.cpp,3.7299,5.329,0.003681131805444318,0.02748967692540171,0.18765246762994933,4.6773664
RTX-3090,qwen2 7B Q4_K - Medium,7.616,Q4_K (4.91bpw),FAv2,llama.cpp,llama.cpp,4.3725,4.662,0.003140138026558436,0.024048953617230768,0.2145002145002145,4.6773664
RTX-3090,qwen2 7B Q4_K - Medium,7.616,Q4_K (4.91bpw),FAv2,llama.cpp,llama.cpp,0.0931,140.649,0.14747855554378905,0.725538669521641,0.007109897688572261,4.6773664
RTX-3090,qwen2 7B Q4_K - Medium,7.616,Q4_K (4.91bpw),FAv2,llama.cpp,llama.cpp,5.277,5.877,0.002601905158447368,0.03031653805415385,0.17015484090522376,4.6773664
RTX-3090,qwen2 7B Q4_K - Medium,7.616,Q4_K (4.91bpw),FAv2,llama.cpp,llama.cpp,1.7384,3.079,0.007898213024118016,0.015883039079247863,0.32478077297823965,4.6773664
RTX-3090,qwen2 7B Q4_K - Medium,7.616,Q4_K (4.91bpw),FAv2,llama.cpp,llama.cpp,3.1244,0.978,0.004394524875536666,0.005045018583794872,1.0224948875255624,4.6773664
RTX-3090,qwen2 7B Q4_K - Medium,7.616,Q4_K (4.91bpw),FAv2,llama.cpp,llama.cpp,0.0935,134.616,0.14684763124199743,0.6944174045768206,0.0074285374695429954,4.6773664
RTX-3090,qwen2 7B Q4_K - Medium,7.616,Q4_K (4.91bpw),Eager,llama.cpp,llama.cpp,0.2072,146.299,0.06626570232204035,0.7546842267797608,0.006835316714399961,4.6773664
RTX-3090,qwen2 7B Q4_K - Medium,7.616,Q4_K (4.91bpw),Eager,llama.cpp,llama.cpp,0.2072,145.682,0.06626570232204035,0.7515014287570597,0.006864266004036189,4.6773664
RTX-3090,qwen2 7B Q4_K - Medium,7.616,Q4_K (4.91bpw),Eager,llama.cpp,llama.cpp,0.0989,146.299,0.13882966148763154,0.7546842267797608,0.006835316714399961,4.6773664
RTX-3090,qwen2 7B Q4_K - Medium,7.616,Q4_K (4.91bpw),Eager,llama.cpp,llama.cpp,0.0989,145.682,0.13882966148763154,0.7515014287570597,0.006864266004036189,4.6773664
RTX-3090,qwen2 7B Q4_K - Medium,7.616,Q4_K (4.91bpw),FAv2,llama.cpp,llama.cpp,0.0904,150.37,0.15188333541069426,0.775684503522735,0.006650262685376072,4.6773664
RTX-3090,qwen2 7B Q4_K - Medium,7.616,Q4_K (4.91bpw),FAv2,llama.cpp,llama.cpp,0.0904,151.292,0.15188333541069426,0.7804406457868035,0.006609734817439124,4.6773664
